entity,year,libdem,polyarchy,hdi,gdp,log_gdp,gdp_g1,gdp_g3,hdi_d1,hdi_d3,strain,future_drop,onset,expected,residual,res_d3,tier,warning
Afghanistan,1996,0.019,0.076,0.334,600.1753,6.397221779210444,-0.05315443628473471,0.03695126743708066,0.0050000000000000044,0.02300000000000002,1.0,-0.002999999999999999,0.0,0.20714737656719417,-0.18814737656719419,-0.050602481639582475,Mid,False
Afghanistan,1997,0.022,0.073,0.338,570.59814,6.346685179047483,-0.050536600162960355,0.2865705125186624,0.0040000000000000036,0.03300000000000003,1.0,0.0,0.0,0.15748906073558427,-0.13548906073558428,-0.020733642060136837,Low,False
Afghanistan,1998,0.022,0.073,0.338,545.03876,6.3008569114004445,-0.045828267647038956,-0.14951930409473402,0.0,0.009000000000000008,1.0,0.0,0.0,0.08719369364932031,-0.06519369364932032,0.07133912034564868,High,False
Afghanistan,1999,0.022,0.073,0.347,518.65784,6.251244397930561,-0.04961251346988327,-0.14597738127988258,0.008999999999999952,0.012999999999999956,1.0,0.0,0.0,0.17404329627847262,-0.15204329627847263,0.03610408028872156,High,False
Afghanistan,2000,0.022,0.073,0.351,502.37274,6.219342354127746,-0.03190204380281525,-0.12734282491973747,0.0040000000000000036,0.012999999999999956,1.0,-0.006000000000000002,0.0,0.17093637477626905,-0.14893637477626906,-0.013447314040684777,High,False
Afghanistan,2001,0.028,0.083,0.355,489.682,6.193756200834425,-0.025586153293320812,-0.10710071056601933,0.0040000000000000036,0.01699999999999996,1.0,-0.05700000000000001,0.0,0.22276206786248468,-0.19476206786248468,-0.12956837421316436,High,True
Afghanistan,2002,0.085,0.218,0.383,796.8166,6.680624539386711,0.48686833855228606,0.42938014145615,0.028000000000000025,0.03600000000000003,0.0,0.0,0.0,0.1899337933517554,-0.10493379335175539,0.04710950292671724,Low,False
Afghanistan,2003,0.085,0.224,0.392,842.8052,6.736735851820825,0.056111312434113714,0.517393497693079,0.009000000000000008,0.041000000000000036,0.0,-0.00399999999999999,0.0,0.2361764646282032,-0.15117646462820317,-0.0022400898519341073,Low,False
Afghanistan,2004,0.089,0.235,0.408,869.03925,6.767388291103858,0.03065243928303296,0.5736320902694327,0.01599999999999996,0.05299999999999999,0.0,-0.022000000000000006,0.0,0.2328551001355558,-0.1438551001355558,0.050906967726928876,Low,False
Afghanistan,2005,0.111,0.311,0.417,964.4081,6.871514545276307,0.10412625417244925,0.19089000588959593,0.009000000000000008,0.033999999999999975,0.0,-0.081,0.0,0.26687963401514303,-0.15587963401514304,-0.050945840663387656,Low,False
Afghanistan,2006,0.192,0.364,0.426,1057.0966,6.963281372422836,0.09176682714652884,0.22654552060201105,0.009000000000000008,0.033999999999999975,0.0,0.0,0.0,0.2686470515279537,-0.0766470515279537,0.07452941310024946,Low,False
Afghanistan,2007,0.193,0.364,0.442,1259.9967,7.138864380894475,0.175583008471639,0.3714760897906171,0.016000000000000014,0.03400000000000003,0.0,0.0010000000000000009,0.0,0.16723330255892266,0.025766697441077346,0.16962179757663315,Low,False
Afghanistan,2008,0.196,0.368,0.446,1319.6074,7.18508954709863,0.046225166204155066,0.3135750018223229,0.0040000000000000036,0.029000000000000026,0.0,0.0040000000000000036,0.0,0.15413888330551354,0.04186111669448647,0.19774075070962951,Low,False
Afghanistan,2009,0.196,0.361,0.458,1557.3207,7.350722123649516,0.1656325765508857,0.38744075122667976,0.01200000000000001,0.03200000000000003,0.0,0.0040000000000000036,0.0,0.1765891156055924,0.019410884394407607,0.09605793592236131,Low,False
Afghanistan,2010,0.192,0.347,0.465,1627.6716,7.39490580631257,0.04418368266305439,0.25604142541809516,0.007000000000000006,0.02300000000000002,0.0,0.0,0.0,0.19106648812519172,0.0009335118748082794,-0.024833185566269067,Low,False
Afghanistan,2011,0.192,0.346,0.474,1792.0,7.491087593534876,0.09618178722230564,0.30599804643624573,0.008999999999999952,0.02799999999999997,0.0,0.0040000000000000036,0.0,0.15937592851435792,0.03262407148564209,-0.009237045208844386,Low,False
Afghanistan,2012,0.194,0.35,0.484,1945.0,7.573017256052546,0.08192966251767064,0.22229513240303067,0.010000000000000009,0.025999999999999968,0.0,0.01100000000000001,0.0,0.2292223744430093,-0.0352223744430093,-0.054633258837416904,Low,False
Afghanistan,2013,0.194,0.345,0.492,2025.0,7.613324979540639,0.04030772348809286,0.21841917322806914,0.008000000000000007,0.02699999999999997,0.0,0.018000000000000016,0.0,0.23312046372417758,-0.03912046372417757,-0.04005397559898585,Low,False
Afghanistan,2014,0.199,0.35,0.497,2022.0,7.611842399580417,-0.0014825799602222745,0.12075480604554123,0.0050000000000000044,0.02300000000000002,0.0,0.037000000000000005,0.0,0.22363717206164965,-0.024637172061649643,-0.05726124354729173,Low,False
Afghanistan,2015,0.201,0.348,0.496,1928.0,7.564238475170491,-0.047603924409926,-0.008778780882055415,-0.0010000000000000009,0.01200000000000001,1.0,0.03900000000000001,0.0,0.2088214687092433,-0.007821468709243301,0.027400905733765996,High,False
Afghanistan,2016,0.188,0.34,0.495,1931.2438,7.565919530284916,0.0016810551144246233,-0.04740544925572365,-0.0010000000000000009,0.0030000000000000027,0.0,0.147,1.0,0.2207033594055051,-0.03270335940550509,0.006417104318672484,High,False
Afghanistan,2017,0.183,0.334,0.496,1909.733,7.554718720693146,-0.011200809591769278,-0.05712367888727066,0.0010000000000000009,-0.0010000000000000009,0.0,0.172,1.0,0.20689684257524266,-0.02389684257524266,0.000740329486406982,High,False
Albania,1996,0.321,0.387,0.647,3965.6853,8.285433956460906,0.07840007517629033,0.2344040976778814,0.009000000000000008,0.02300000000000002,0.0,0.010000000000000009,0.0,0.1526908808984478,0.16830911910155222,-0.01066232367251077,Low,False
Albania,1997,0.311,0.371,0.645,3526.9856,8.16819884743781,-0.11723510902309542,0.03675337576041038,-0.0020000000000000018,0.016000000000000014,1.0,-0.01200000000000001,0.0,0.20646011736914383,0.10453988263085617,-0.09383549633281585,Mid,False
Albania,1998,0.323,0.39,0.659,3873.373,8.26188098264921,0.09368213521139879,0.0548471013645937,0.014000000000000012,0.02100000000000002,0.0,-0.0030000000000000027,0.0,0.2324869909906653,0.0905130090093347,-0.09990675319761458,Mid,False
Albania,1999,0.326,0.392,0.671,4432.0425,8.396615817731323,0.1347348350821136,0.11118186127041696,0.01200000000000001,0.02400000000000002,0.0,-0.016000000000000014,0.0,0.16786753451812322,0.1581324654818768,-0.01017665361967543,Low,False
Albania,2000,0.342,0.402,0.682,4808.4795,8.47813620085968,0.08152038312835685,0.30993735342186923,0.01100000000000001,0.03700000000000003,0.0,-0.023999999999999966,0.0,0.026824419292849892,0.3151755807071501,0.21063569807629395,Low,False
Albania,2001,0.366,0.438,0.691,5285.809,8.572780961329425,0.09464476046974468,0.3108999786802151,0.008999999999999897,0.03199999999999992,0.0,-0.029000000000000026,0.0,0.06733964319339145,0.2986603568066085,0.2081473477972738,Low,False
Albania,2002,0.395,0.48,0.697,5608.9624,8.632121025973655,0.05934006464423014,0.23550520824233168,0.006000000000000005,0.025999999999999912,0.0,-0.0030000000000000027,0.0,0.16149082210936014,0.23350917789063988,0.07537671240876309,Low,False
Albania,2003,0.398,0.486,0.705,6004.645,8.700288615364416,0.06816758939076095,0.22215241450473577,0.008000000000000007,0.02299999999999991,0.0,-0.008000000000000007,0.0,0.21339018609154098,0.18460981390845904,-0.13056576679869109,Low,False
Albania,2004,0.406,0.491,0.71,6419.8706,8.767153240717636,0.06686462535322057,0.19437227938821167,0.0050000000000000044,0.019000000000000017,0.0,-0.01899999999999996,0.0,0.26954507464352667,0.13645492535647336,-0.16220543145013516,Low,False
Albania,2005,0.425,0.518,0.723,6858.4673,8.833239270100725,0.06608602938308827,0.2011182441270698,0.013000000000000012,0.026000000000000023,0.0,-0.015000000000000013,0.0,0.2731287004075334,0.1518712995924666,-0.08163787829817329,Low,False
Albania,2006,0.444,0.546,0.732,7347.33,8.902092260903935,0.06885299080320983,0.20180364553951868,0.009000000000000008,0.027000000000000024,0.0,0.0040000000000000036,0.0,0.2836317321843061,0.1603682678156939,-0.02424154609276513,Low,False
Albania,2007,0.446,0.551,0.742,7866.1577,8.970325001099969,0.06823274019603431,0.20317176038233242,0.010000000000000009,0.03200000000000003,0.0,0.006000000000000005,0.0,0.3160441302530767,0.1299558697469233,-0.006499055609550053,Low,False
Albania,2008,0.447,0.551,0.749,8522.13,9.050421588578569,0.08009658747860016,0.2171823184778443,0.007000000000000006,0.026000000000000023,0.0,0.014000000000000012,0.0,0.42094281588943155,0.026057184110568454,-0.12581411548189814,Low,False
Albania,2009,0.446,0.544,0.756,8859.472,9.089242448143894,0.038820859565324994,0.18715018723995946,0.007000000000000006,0.02400000000000002,0.0,0.013000000000000012,0.0,0.42667410792509797,0.01932589207490204,-0.14104237574079187,Low,False
Albania,2010,0.44,0.539,0.769,9222.973,9.129452715767485,0.04021026762359092,0.15912771466751607,0.013000000000000012,0.027000000000000024,0.0,0.007000000000000006,0.0,0.45975399676856826,-0.01975399676856826,-0.14970986651549156,Low,False
Albania,2011,0.441,0.539,0.781,9484.0,9.157361447185297,0.027908731417811694,0.10693985860672761,0.01200000000000001,0.03200000000000003,0.0,0.008000000000000007,0.0,0.42764832684986526,0.013351673150134746,-0.012705510960433708,Low,False
Albania,2012,0.444,0.54,0.79,9634.334,9.17308845547026,0.015727008284963873,0.08384600732636649,0.009000000000000008,0.03400000000000003,0.0,0.01100000000000001,0.0,0.44202244779214384,0.0019775522078561703,-0.01734833986704587,Low,False
Albania,2013,0.433,0.523,0.793,9748.728,9.184892093942585,0.011803638472324351,0.05543937817509992,0.0030000000000000027,0.02400000000000002,0.0,0.0010000000000000009,0.0,0.44646006981071,-0.013460069810710018,0.006293926957858242,Mid,False
Albania,2014,0.436,0.522,0.797,9942.276,9.204551247283169,0.019659153340583657,0.04718980009787188,0.0040000000000000036,0.016000000000000014,0.0,0.010000000000000009,0.0,0.48878921644258516,-0.05278921644258516,-0.06614088959271991,Mid,False
Albania,2015,0.435,0.518,0.797,10192.529,9.229410279918696,0.024859032635527356,0.056321824448435365,0.0,0.007000000000000006,0.0,0.009000000000000008,0.0,0.4461056474905202,-0.011105647490520176,-0.013083199698376347,High,False
Albania,2016,0.436,0.52,0.797,10547.255,9.263620915475572,0.03421063555687631,0.07872882153298733,0.0,0.0040000000000000036,0.0,0.010000000000000009,0.0,0.5344421031726914,-0.09844210317269136,-0.08498203336198135,High,True
Albania,2017,0.437,0.536,0.798,10958.307,9.301853077767243,0.03823216229167059,0.09730183048407426,0.0010000000000000009,0.0010000000000000009,0.0,0.01100000000000001,0.0,0.5344421031726914,-0.09744210317269136,-0.0446528867301062,High,False
Algeria,1996,0.157,0.332,0.615,5451.6343,8.603670714264434,0.05839865011375878,0.12377988521352634,0.007000000000000006,0.01200000000000001,0.0,0.007000000000000006,0.0,0.31946784474022194,-0.16246784474022194,0.1258630096469963,Mid,False
Algeria,1997,0.153,0.319,0.624,5638.48,8.637369804623399,0.03369909035896512,0.14919656825293615,0.009000000000000008,0.02100000000000002,0.0,0.0030000000000000027,0.0,0.30530684696562443,-0.15230684696562444,0.11508312259501632,Low,False
Algeria,1998,0.15,0.312,0.634,6069.7773,8.71107719474788,0.07370739012448091,0.1658051305972048,0.010000000000000009,0.026000000000000023,0.0,-0.01100000000000001,0.0,0.27905785230599567,-0.12905785230599567,0.113906542519122,Low,False
Algeria,1999,0.161,0.328,0.643,6421.5083,8.767408306785173,0.05633111203729335,0.16373759252073938,0.009000000000000008,0.028000000000000025,0.0,0.0,0.0,0.292910747878822,-0.13191074787882198,0.030557096861399957,Low,False
Algeria,2000,0.161,0.326,0.651,6834.5537,8.829746450756954,0.062338143971780724,0.19237664613355498,0.008000000000000007,0.027000000000000024,0.0,0.0,0.0,0.2913853049402,-0.13038530494019998,0.021921542025424456,Low,False
Algeria,2001,0.161,0.326,0.659,7218.2456,8.884367210669858,0.05462075991290405,0.17329001592197812,0.008000000000000007,0.025000000000000022,0.0,0.0,0.0,0.28985917351400503,-0.12885917351400503,0.00019867879199064742,Low,False
Algeria,2002,0.161,0.326,0.669,7814.8384,8.963779564458799,0.07941235378894085,0.19637125767362562,0.010000000000000009,0.026000000000000023,0.0,-0.0020000000000000018,0.0,0.2604883573943504,-0.09948835739435039,0.0324223904844716,Low,False
Algeria,2003,0.163,0.331,0.677,8590.178,9.058374736533107,0.09459517207430856,0.22862828577615346,0.008000000000000007,0.026000000000000023,0.0,0.0,0.0,0.30872806510932355,-0.14572806510932354,-0.01534276016912356,Low,False
Algeria,2004,0.163,0.333,0.685,9182.294,9.125032343464502,0.06665760693139511,0.24066513279464452,0.008000000000000007,0.026000000000000023,0.0,-0.0010000000000000009,0.0,0.3368658796136411,-0.1738658796136411,-0.045006706099636085,Low,False
Algeria,2005,0.168,0.335,0.692,9969.623,9.207298048800617,0.08226570533611444,0.2435184843418181,0.006999999999999895,0.02299999999999991,0.0,0.0040000000000000036,0.0,0.30672755740202834,-0.13872755740202833,-0.039239200007677943,Low,False
Algeria,2006,0.168,0.335,0.698,10385.779,9.248192745533542,0.04089469673292534,0.18981800900043488,0.006000000000000005,0.020999999999999908,0.0,0.0040000000000000036,0.0,0.3438199038359114,-0.17581990383591137,-0.030091838726587827,Low,False
Algeria,2007,0.166,0.334,0.704,10974.742,9.30335172969439,0.055158984160847524,0.1783193862298873,0.006000000000000005,0.018999999999999906,0.0,0.0020000000000000018,0.0,0.3787227754044436,-0.2127227754044436,-0.03885689579080248,Low,False
Algeria,2008,0.165,0.329,0.711,11475.002,9.34792620922067,0.0445744795262808,0.14062816042005366,0.007000000000000006,0.019000000000000017,0.0,0.0010000000000000009,0.0,0.41530793704827224,-0.25030793704827226,-0.11158037964624393,Low,False
Algeria,2009,0.164,0.327,0.714,11907.021,9.38488350511805,0.036957295897380504,0.13669075958450883,0.0030000000000000027,0.016000000000000014,0.0,0.0,0.0,0.405047570378971,-0.24104757037897098,-0.06522766654305961,Mid,False
Algeria,2010,0.164,0.322,0.718,12587.744,9.440478921148776,0.05559541603072482,0.13712719145438612,0.0040000000000000036,0.014000000000000012,0.0,-0.0010000000000000009,0.0,0.4340955161560566,-0.27009551615605665,-0.057372740751613055,Mid,False
Algeria,2011,0.165,0.322,0.718,13204.0,9.488275092973083,0.04779617182430762,0.14034888375241295,0.0,0.007000000000000006,0.0,0.0,0.0,0.418618849962,-0.253618849962,-0.0033109129137277593,Mid,False
Algeria,2012,0.167,0.324,0.723,13392.944,9.502483280089647,0.01420818711656402,0.11759977497159646,0.0050000000000000044,0.009000000000000008,0.0,0.007000000000000006,0.0,0.46984193930799484,-0.30284193930799486,-0.061794368929023874,Mid,False
Algeria,2013,0.171,0.327,0.727,13508.265,9.511056999317173,0.0085737192275257,0.07057807816839734,0.0040000000000000036,0.009000000000000008,0.0,0.01100000000000001,0.0,0.49790391361720715,-0.32690391361720716,-0.05680839746115052,High,True
Algeria,2014,0.173,0.324,0.732,13760.384,9.529549018074686,0.01849201875751305,0.04127392510160277,0.0050000000000000044,0.014000000000000012,0.0,0.01999999999999999,0.0,0.5166180338826424,-0.3436180338826424,-0.08999918392064238,Mid,False
Algeria,2015,0.175,0.331,0.737,14007.894,9.547376306832545,0.017827288757858994,0.044893026742897746,0.0050000000000000044,0.014000000000000012,0.0,0.022999999999999993,0.0,0.5139460894185839,-0.3389460894185839,-0.03610415011058904,Mid,False
Algeria,2016,0.165,0.308,0.743,14198.272,9.560875546043661,0.013499239211116176,0.04981854672648822,0.006000000000000005,0.016000000000000014,0.0,0.025999999999999995,0.0,0.55529572509074,-0.39029572509073995,-0.06339181147353279,Mid,False
Algeria,2017,0.16,0.309,0.746,14149.915,9.557463895986203,-0.0034116500574583597,0.02791487791151681,0.0030000000000000027,0.014000000000000012,0.0,0.034,0.0,0.535243100428694,-0.375243100428694,-0.03162506654605163,High,False
Angola,2005,0.086,0.168,0.463,3708.7705,8.218455699058579,0.19088171863836578,0.3853818024728133,0.015000000000000013,0.04600000000000004,0.0,0.0,0.0,0.16531250832992256,-0.07931250832992257,0.059390585425646264,Low,False
Angola,2006,0.086,0.168,0.475,4592.3374,8.432144410909958,0.21368871185137905,0.5267292371263927,0.011999999999999955,0.03999999999999998,0.0,-0.0020000000000000018,0.0,0.12672622933685246,-0.040726229336852465,0.025769996807457216,Low,False
Angola,2007,0.088,0.168,0.492,5773.5483,8.661042127166219,0.22889771625626132,0.6334681467460062,0.017000000000000015,0.043999999999999984,0.0,-0.0040000000000000036,0.0,0.11282696466975344,-0.02482696466975344,0.1489365313247129,Low,False
Angola,2008,0.092,0.181,0.504,6743.748,8.816371132435501,0.15532900526928195,0.5979154333769223,0.01200000000000001,0.04099999999999998,0.0,-0.006000000000000005,0.0,0.15025023006945143,-0.05825023006945143,0.021062278260471134,Low,False
Angola,2009,0.1,0.209,0.517,7087.604,8.86610262164969,0.049731489214188684,0.43395821073973195,0.013000000000000012,0.04200000000000004,0.0,0.0020000000000000018,0.0,0.1483240117678365,-0.04832401176783649,-0.007597782430984024,Low,False
Angola,2010,0.098,0.211,0.528,7520.6655,8.925409910368652,0.05930728871896207,0.2643677832024327,0.01100000000000001,0.03600000000000003,0.0,-0.022999999999999993,0.0,0.18837511478676977,-0.09037511478676977,-0.06554815011701633,Low,False
Angola,2011,0.121,0.295,0.545,8016.0,8.989194823324645,0.06378491295599353,0.1728236908891443,0.017000000000000015,0.041000000000000036,0.0,0.0,0.0,0.20970871801216173,-0.08870871801216174,-0.030458487942710305,Low,False
Angola,2012,0.121,0.294,0.557,8376.946,9.033238687911235,0.044043864586589265,0.16713606626154487,0.01200000000000001,0.040000000000000036,0.0,-0.0010000000000000009,0.0,0.2042370441624222,-0.0832370441624222,-0.03491303239458571,Low,False
Angola,2013,0.122,0.29,0.567,8463.942,9.043570301522617,0.010331613611382906,0.1181603911539657,0.009999999999999898,0.038999999999999924,0.0,0.0,0.0,0.27202015463896684,-0.15002015463896684,-0.059645039852197074,Low,False
Angola,2014,0.122,0.29,0.577,8548.293,9.05348689287546,0.00991659135284273,0.0642920695508149,0.010000000000000009,0.03199999999999992,0.0,0.0,0.0,0.28789664741372983,-0.16589664741372984,-0.0771879294015681,Mid,False
Angola,2015,0.122,0.29,0.603,8319.567,9.026365489191726,-0.027121403683734613,-0.006873198719508977,0.026000000000000023,0.04599999999999993,1.0,-0.0010000000000000009,0.0,0.17374723790037075,-0.05174723790037075,0.031489806262051445,Mid,False
Angola,2016,0.123,0.29,0.609,7819.1475,8.964330812251484,-0.06203467694024134,-0.07923948927113322,0.006000000000000005,0.04200000000000004,1.0,-0.016000000000000014,0.0,0.2255972732572963,-0.10259727325729631,0.04742288138167053,Mid,False
Angola,2017,0.139,0.307,0.61,7535.6123,8.927395368542129,-0.0369354437093552,-0.12609152433333115,0.0010000000000000009,0.03300000000000003,1.0,-0.011999999999999983,0.0,0.20317301531839402,-0.064173015318394,0.10172363209533583,Mid,False
Argentina,1996,0.634,0.83,0.76,13715.227,9.526261954456023,0.046960967998487035,0.05920438657893712,0.006000000000000005,0.01200000000000001,0.0,0.0,0.0,0.4861229756203763,0.1478770243796237,-0.08938106688896919,Mid,False
Argentina,1997,0.634,0.829,0.768,14722.6455,9.59714209760229,0.07088014314626712,0.08142365502869886,0.008000000000000007,0.015000000000000013,0.0,0.0,0.0,0.5004290313829968,0.13357096861700324,-0.08062512236717378,Mid,False
Argentina,1998,0.634,0.828,0.772,15185.959,9.628126529914404,0.03098443231211334,0.1488255434568675,0.0040000000000000036,0.018000000000000016,0.0,-0.0040000000000000036,0.0,0.4727003555663926,0.1612996444336074,-0.06611361300456181,Low,False
Argentina,1999,0.64,0.828,0.783,14577.832,9.587257297661184,-0.040869232253220034,0.060995343205160424,0.01100000000000001,0.02300000000000002,1.0,0.008000000000000007,0.0,0.5072173630828264,0.13278263691717362,-0.015094387462450065,Mid,False
Argentina,2000,0.67,0.833,0.789,14368.942,9.572824350753665,-0.01443294690751884,-0.024317746848625532,0.006000000000000005,0.02100000000000002,0.0,0.04500000000000004,0.0,0.5613796218320461,0.10862037816795389,-0.024950590449049348,Mid,False
Argentina,2001,0.674,0.833,0.795,13651.981,9.521639918288155,-0.051184432465509744,-0.10648661162624862,0.006000000000000005,0.02300000000000002,1.0,0.06000000000000005,0.0,0.4570989445550259,0.21690105544497412,0.05560141101136673,Mid,False
Argentina,2002,0.661,0.826,0.795,12094.772,9.40052857210167,-0.12111134618648478,-0.18672872555951336,0.0,0.01200000000000001,1.0,0.051000000000000045,0.0,0.5068492879735563,0.1541507120264437,0.02136807510927008,High,False
Argentina,2003,0.638,0.807,0.804,13088.565,9.479494227226164,0.0789656551244935,-0.09333012352750103,0.009000000000000008,0.015000000000000013,0.0,0.04800000000000004,0.0,0.5867786463031273,0.05122135369687275,-0.05739902447108114,High,True
Argentina,2004,0.632,0.795,0.808,14183.226,9.55981527773721,0.08032105051104566,0.03817535944905437,0.0040000000000000036,0.013000000000000012,0.0,0.049000000000000044,0.0,0.5649287640874978,0.06707123591250219,-0.14982981953247193,High,True
Argentina,2005,0.625,0.793,0.812,15344.157,9.638490029083385,0.07867475134617585,0.237961456981715,0.0040000000000000036,0.017000000000000015,0.0,0.04700000000000004,0.0,0.5524024491388339,0.07259755086116615,-0.08155316116527755,Low,False
Argentina,2006,0.614,0.78,0.822,16490.473,9.710538099193204,0.07204807010981895,0.23104387196704046,0.009999999999999898,0.017999999999999905,0.0,0.041000000000000036,0.0,0.5358969970308889,0.0781030029691111,0.02688164927223835,Low,False
Argentina,2007,0.61,0.781,0.825,17891.943,9.79210577876631,0.08156767957310507,0.23229050102909987,0.0030000000000000027,0.016999999999999904,0.0,0.03700000000000003,0.0,0.5348554262936858,0.07514457370631422,0.00807333779381203,Low,False
Argentina,2008,0.59,0.766,0.833,18520.305,9.82662297674707,0.03451719798075992,0.18813294766368394,0.008000000000000007,0.020999999999999908,0.0,0.017000000000000015,0.0,0.6073592370571682,-0.017359237057168242,-0.08995678791833439,Low,False
Argentina,2009,0.583,0.756,0.835,17328.977,9.760135350384473,-0.06648762636259598,0.04959725119126901,0.0020000000000000018,0.013000000000000012,1.0,0.010000000000000009,0.0,0.5849837326568275,-0.001983732656827497,-0.0800867356259386,Mid,False
Argentina,2010,0.578,0.746,0.844,18979.992,9.851140650667517,0.09100530028304377,0.05903487190120771,0.009000000000000008,0.019000000000000017,0.0,0.0050000000000000044,0.0,0.6457565054913307,-0.06775650549133072,-0.14290107919764494,Mid,False
Argentina,2011,0.573,0.749,0.852,20003.0,9.903637541287253,0.052496890619735836,0.07701456454018363,0.008000000000000007,0.019000000000000017,0.0,-0.009000000000000008,0.0,0.6785007783545637,-0.10550077835456373,-0.08814154129739549,Mid,False
Argentina,2012,0.582,0.763,0.85,19573.963,9.881955543721386,-0.021681997565867306,0.1218201933369123,-0.0020000000000000018,0.015000000000000013,1.0,-0.006000000000000005,0.0,0.6281079251691435,-0.04610792516914353,-0.04412419251231603,Mid,False
Argentina,2013,0.588,0.772,0.852,19821.643,9.894529700512871,0.012574156791485436,0.043389049845353966,0.0020000000000000018,0.008000000000000007,0.0,-0.0020000000000000018,0.0,0.6874289216745291,-0.0994289216745291,-0.03167241618319838,High,False
Argentina,2014,0.595,0.777,0.855,19112.232,9.858083827902249,-0.03644587261062249,-0.04555371338500436,0.0030000000000000027,0.0030000000000000027,1.0,0.0050000000000000044,0.0,0.704296765456511,-0.10929676545651101,-0.0037959871019472846,High,False
Argentina,2015,0.59,0.765,0.859,19423.666,9.87424749848898,0.016163670586731627,-0.007708045232405425,0.0040000000000000036,0.009000000000000008,0.0,-0.019000000000000017,0.0,0.7446957687919411,-0.15469576879194114,-0.10858784362279761,High,True
Argentina,2016,0.612,0.751,0.857,18819.643,9.842656443777733,-0.03159105471124768,-0.05187325673513854,-0.0020000000000000018,0.0050000000000000044,1.0,0.0030000000000000027,0.0,0.6992032903764499,-0.08720329037644992,0.012225631298079187,High,False
Argentina,2017,0.609,0.751,0.861,19150.52,9.860085148287125,0.017428704509391935,0.002001320384875882,0.0040000000000000036,0.006000000000000005,0.0,-0.009000000000000008,0.0,0.7446957687919411,-0.13569576879194112,-0.026399003335430105,High,False
Armenia,1996,0.235,0.419,0.635,4811.4897,8.478762024089603,0.022778287971567224,0.15269362448655066,0.0040000000000000036,0.014000000000000012,0.0,0.024999999999999994,0.0,0.2813688865539634,-0.04636888655396343,-0.24043835516543258,Mid,False
Armenia,1997,0.224,0.392,0.644,4836.0444,8.483852392833976,0.005090368744372853,0.09608930156603357,0.009000000000000008,0.019000000000000017,0.0,0.019000000000000017,0.0,0.32243975113388634,-0.09843975113388634,-0.26019773480493485,Mid,False
Armenia,1998,0.214,0.404,0.655,4994.053,8.516003083518687,0.03215069068471088,0.06001934740065096,0.01100000000000001,0.02400000000000002,0.0,0.027999999999999997,0.0,0.30601625212070116,-0.09201625212070116,-0.05436819275229529,Mid,False
Armenia,1999,0.211,0.413,0.661,5000.4526,8.51728370731955,0.0012806238008629123,0.038521683229946646,0.006000000000000005,0.026000000000000023,0.0,0.03,0.0,0.3723200743675585,-0.1613200743675585,-0.11495118781359506,Mid,False
Armenia,2000,0.21,0.416,0.667,5139.8257,8.5447744473684,0.02749074004885088,0.060922054534424674,0.006000000000000005,0.02300000000000002,0.0,0.028999999999999998,0.0,0.3302308365821492,-0.1202308365821492,-0.02179108544826286,Mid,False
Armenia,2001,0.211,0.415,0.672,5457.5103,8.604747975733359,0.059973528364958284,0.08874489221467208,0.0050000000000000044,0.017000000000000015,0.0,0.03,0.0,0.33256202364481774,-0.12156202364481775,-0.029545771524116582,Mid,False
Armenia,2002,0.205,0.405,0.682,6082.146,8.713112873210616,0.10836489747725686,0.19582916589106603,0.010000000000000009,0.02100000000000002,0.0,0.023999999999999994,0.0,0.2849386767794885,-0.07993867677948849,0.08138139758807,Low,False
Armenia,2003,0.186,0.349,0.692,6743.241,8.8162959488641,0.10318307565348483,0.2715215014957,0.009999999999999898,0.02499999999999991,0.0,0.014000000000000012,0.0,0.27978919935969615,-0.09378919935969615,0.026441637222453046,Low,False
Armenia,2004,0.181,0.34,0.7,7229.6484,8.885945683264906,0.06964973440080513,0.2811977075315468,0.008000000000000007,0.027999999999999914,0.0,0.009000000000000008,0.0,0.26178218364206757,-0.08078218364206757,0.04077984000275017,Low,False
Armenia,2005,0.185,0.338,0.711,8006.9604,8.988066492387867,0.10212080912296173,0.2749536191772517,0.01100000000000001,0.028999999999999915,0.0,0.013000000000000012,0.0,0.2674838391295991,-0.08248383912959911,-0.0025451623501106246,Low,False
Armenia,2006,0.185,0.338,0.725,8798.75,9.082364944922341,0.09429845253447411,0.26606899605824097,0.014000000000000012,0.03300000000000003,0.0,0.013000000000000012,0.0,0.3609312957289769,-0.17593129572897692,-0.08214209636928077,Low,False
Armenia,2007,0.188,0.347,0.739,9713.213,9.18124240253489,0.09887745761254862,0.29529671926998446,0.014000000000000012,0.039000000000000035,0.0,0.016000000000000014,0.0,0.35560132977256487,-0.16760132977256487,-0.0868191461304973,Low,False
Armenia,2008,0.172,0.317,0.743,10080.8125,9.218389143535669,0.03714674100077886,0.2303226511478016,0.0040000000000000036,0.03200000000000003,0.0,-0.008000000000000007,0.0,0.2671571501346489,-0.09515715013464893,-0.012673311005049814,Low,False
Armenia,2009,0.18,0.318,0.741,8399.087,9.035878288447977,-0.18251085508769194,-0.04648665647436445,-0.0020000000000000018,0.016000000000000014,1.0,-0.008000000000000007,0.0,0.3757823850300781,-0.1957823850300781,-0.019851089301101188,High,False
Armenia,2010,0.188,0.331,0.747,8330.812,9.027716209401717,-0.008162079046259763,-0.15352619313317284,0.006000000000000005,0.008000000000000007,0.0,-0.0010000000000000009,0.0,0.3668299710673514,-0.17882997106735138,-0.011228641294786512,High,False
Armenia,2011,0.189,0.333,0.752,8465.0,9.043695294567236,0.015979085165518825,-0.17469384896843287,0.0050000000000000044,0.009000000000000008,0.0,-0.01200000000000001,0.0,0.42993244666669506,-0.24093244666669505,-0.14577529653204613,High,True
Armenia,2012,0.201,0.353,0.761,9076.433,9.113436553003247,0.06974125843601087,0.07755826455526993,0.009000000000000008,0.020000000000000018,0.0,0.0,0.0,0.4706361923355831,-0.2696361923355831,-0.073853807305505,Mid,False
Armenia,2013,0.206,0.349,0.766,9395.087,9.1479421720495,0.0345056190462536,0.12022596264778329,0.0050000000000000044,0.019000000000000017,0.0,0.004999999999999977,0.0,0.47415597755657046,-0.2681559775565705,-0.08932600648921912,Mid,False
Armenia,2014,0.201,0.342,0.772,9745.136,9.184523567719086,0.03658139566958596,0.14082827315185042,0.006000000000000005,0.020000000000000018,0.0,-0.0020000000000000018,0.0,0.472117315115484,-0.271117315115484,-0.030184868448788926,Low,False
Armenia,2015,0.203,0.346,0.777,10076.352,9.217946571360121,0.03342300364103501,0.10451001835687457,0.0050000000000000044,0.016000000000000014,0.0,-0.0009999999999999731,0.0,0.5163574779937259,-0.3133574779937259,-0.04372128565814276,Mid,False
Armenia,2016,0.204,0.348,0.783,10113.051,9.221582046903396,0.003635475543275035,0.073639874853896,0.006000000000000005,0.017000000000000015,0.0,-0.015000000000000013,0.0,0.5455558619385573,-0.34155586193855736,-0.07339988438198686,Mid,False
Armenia,2017,0.219,0.381,0.785,10894.957,9.29605530060636,0.07447325370296376,0.1115317328872738,0.0020000000000000018,0.013000000000000012,0.0,-0.18500000000000003,0.0,0.5048837120934535,-0.28588371209345353,-0.014766396977969554,Mid,False
Australia,1996,0.849,0.891,0.884,31740.47,10.36534780178425,0.03365363397048782,0.10340020455023513,0.0020000000000000018,0.01200000000000001,0.0,0.008000000000000007,0.0,0.730951221219405,0.11804877878059494,0.0023255925295010416,Mid,False
Australia,1997,0.841,0.882,0.887,32857.992,10.399950281994343,0.03460248021009349,0.09620542511703967,0.0030000000000000027,0.014000000000000012,0.0,0.0030000000000000027,0.0,0.7424547894425588,0.09854521055744114,-0.02701631113561298,Mid,False
Australia,1998,0.841,0.882,0.891,34337.14,10.443982846184026,0.04403256418968304,0.11228867837026435,0.0040000000000000036,0.009000000000000008,0.0,0.0030000000000000027,0.0,0.7546216852572246,0.08637831474277535,-0.023288661334943672,Mid,False
Australia,1999,0.842,0.883,0.893,35551.02,10.478724126802902,0.03474128061887605,0.11337632501865258,0.0020000000000000018,0.009000000000000008,0.0,0.0040000000000000036,0.0,0.7518254072798912,0.09017459272010875,-0.027874186060486195,Mid,False
Australia,2000,0.847,0.888,0.897,36603.047,10.507886767290374,0.029162640487472302,0.10793648529603139,0.0040000000000000036,0.010000000000000009,0.0,0.009000000000000008,0.0,0.7540369461496532,0.09296305385034676,-0.005582156707094388,Mid,False
Australia,2001,0.844,0.885,0.9,37275.992,10.526104752290221,0.018217984999846948,0.0821219061061953,0.0030000000000000027,0.009000000000000008,0.0,0.006000000000000005,0.0,0.7639197378339319,0.08008026216606812,-0.006298052576707236,Mid,False
Australia,2002,0.838,0.879,0.902,38567.066,10.560153978824788,0.03404922653456666,0.0814298520218859,0.0020000000000000018,0.009000000000000008,0.0,0.0,0.0,0.7614560677008341,0.0765439322991659,-0.013630660420942853,Mid,False
Australia,2003,0.838,0.879,0.906,39523.656,10.584654657704464,0.024500678879675775,0.07676789041408938,0.0040000000000000036,0.009000000000000008,0.0,0.0,0.0,0.762904800013677,0.07509519998632297,-0.017867853864023786,Mid,False
Australia,2004,0.838,0.879,0.91,40887.727,10.618585223650244,0.0339305659457807,0.09248047136002313,0.0040000000000000036,0.010000000000000009,0.0,0.0,0.0,0.7698229268735716,0.0681770731264284,-0.011903189039639717,Mid,False
Australia,2005,0.838,0.878,0.914,41904.445,10.64314718620237,0.024561962552125394,0.08299320737758187,0.0040000000000000036,0.01200000000000001,0.0,0.0,0.0,0.8024557703890797,0.0355442296109203,-0.0409997026882456,Mid,False
Australia,2006,0.838,0.878,0.917,42650.984,10.660805624165992,0.017658437963621765,0.07615096646152786,0.0030000000000000027,0.01100000000000001,0.0,-0.0010000000000000009,0.0,0.7872699402599318,0.05073005974006817,-0.0243651402462548,Mid,False
Australia,2007,0.839,0.88,0.919,44033.582,10.692707849063304,0.03190222489731198,0.07412262541305914,0.0020000000000000018,0.009000000000000008,0.0,-0.010000000000000009,0.0,0.8000775785157659,0.03892242148423408,-0.029254651642194318,High,False
Australia,2008,0.849,0.889,0.924,44421.64,10.70148201707305,0.008774168009745509,0.058334830870679255,0.0050000000000000044,0.010000000000000009,0.0,0.028000000000000025,0.0,0.7867339393674796,0.06226606063252038,0.026721831021600084,High,False
Australia,2009,0.849,0.889,0.927,44686.543,10.707427683822436,0.005945666749386902,0.04662205965644439,0.0030000000000000027,0.010000000000000009,0.0,0.03400000000000003,0.0,0.7805567137243473,0.06844328627565266,0.017713226535584492,High,False
Australia,2010,0.856,0.896,0.929,45400.223,10.723272295911649,0.015844612089212617,0.030564446848345028,0.0020000000000000018,0.010000000000000009,0.0,0.041000000000000036,0.0,0.7952445059796683,0.060755494020331646,0.021833072536097564,High,False
Australia,2011,0.857,0.896,0.933,46132.0,10.739262131345829,0.015989835434179867,0.037780114272779386,0.0040000000000000036,0.009000000000000008,0.0,0.04200000000000004,0.0,0.7887558781422015,0.06824412185779849,0.0059780612252781085,High,False
Australia,2012,0.858,0.896,0.938,47045.13,10.758862632748771,0.019600501402942783,0.05143494892633527,0.004999999999999893,0.010999999999999899,0.0,0.04300000000000004,0.0,0.7640592806557025,0.09394071934429749,0.025497433068644826,High,False
Australia,2013,0.821,0.862,0.935,47260.953,10.763439715582022,0.004577082833250756,0.040167419670373405,-0.0029999999999998916,0.006000000000000005,0.0,0.006000000000000005,0.0,0.7778626227462291,0.04313737725377087,-0.017618116766560776,High,False
Australia,2014,0.815,0.855,0.937,47753.848,10.773814929049403,0.010375213467380462,0.034552797703574,0.0020000000000000018,0.0040000000000000036,0.0,0.03599999999999992,0.0,0.7693161261730785,0.045683873826921406,-0.022560248030877084,High,False
Australia,2015,0.825,0.865,0.938,48145.53,10.78198357802588,0.0081686489764774,0.023120945277108618,0.0009999999999998899,0.0,0.0,0.04599999999999993,0.0,0.7646216064889004,0.060378393511099526,-0.03356232583319796,High,False
Australia,2016,0.833,0.871,0.939,48675.137,10.792923644822983,0.010940066797102688,0.02948392924096055,0.0010000000000000009,0.0039999999999998925,0.0,0.05399999999999994,0.0,0.7693161261730785,0.06368387382692142,0.020546496573150552,High,False
Australia,2017,0.828,0.871,0.94,49001.902,10.79961439266596,0.006690747842977629,0.025799463616557716,0.0010000000000000009,0.0029999999999998916,0.0,0.04899999999999993,0.0,0.7693161261730785,0.05868387382692142,0.013000000000000012,High,False
Austria,1996,0.78,0.856,0.861,30413.156,10.32263055693724,0.02636868477227594,0.07906196591701864,0.0050000000000000044,0.016000000000000014,0.0,0.0,0.0,0.74301447263957,0.03698552736043004,-0.09378386858930632,Mid,False
Austria,1997,0.78,0.856,0.865,31173.049,10.347309186392616,0.024678629455376466,0.07984679907268166,0.0040000000000000036,0.014000000000000012,0.0,0.0,0.0,0.764065626812341,0.015934373187659,-0.08416924617470078,Mid,False
Austria,1998,0.78,0.856,0.87,32376.33,10.385182879239116,0.03787369284649955,0.08892100707415196,0.0050000000000000044,0.014000000000000012,0.0,0.0,0.0,0.7648794061443737,0.015120593855626363,-0.035248614792897315,Mid,False
Austria,1999,0.78,0.857,0.874,33608.297,10.422528249991794,0.03734537075267852,0.09989769305455454,0.0040000000000000036,0.013000000000000012,0.0,-0.0020000000000000018,0.0,0.7598437880810345,0.02015621191896555,-0.016829315441464487,Mid,False
Austria,2000,0.782,0.858,0.879,34796.258,10.457265131245304,0.03473688125350982,0.10995594485268789,0.0050000000000000044,0.014000000000000012,0.0,0.0,0.0,0.7549178292514381,0.027082170748561896,0.011147797560902895,Mid,False
Austria,2001,0.782,0.858,0.883,35272.223,10.470851049313094,0.013585918067789748,0.08566817007397809,0.0040000000000000036,0.013000000000000012,0.0,0.0,0.0,0.7608653712601939,0.021134628739806094,0.006014034884179731,Mid,False
Austria,2002,0.782,0.858,0.887,35823.586,10.486361782273322,0.015510732960228424,0.063833532281528,0.0040000000000000036,0.013000000000000012,0.0,-0.0020000000000000018,0.0,0.7720174874831214,0.00998251251687865,-0.0101736994020869,Mid,False
Austria,2003,0.786,0.858,0.889,36063.12,10.49302601547702,0.006664233203697023,0.035760884231715195,0.0020000000000000018,0.010000000000000009,0.0,0.0020000000000000018,0.0,0.780257060218243,0.005742939781756995,-0.0213392309668049,High,False
Austria,2004,0.785,0.858,0.895,36957.113,10.5175134112329,0.024487395755880215,0.04666236191980566,0.006000000000000005,0.01200000000000001,0.0,0.0010000000000000009,0.0,0.7440961328997038,0.040903867100296254,0.01976923836049016,High,False
Austria,2005,0.784,0.858,0.898,37642.76,10.535895917259749,0.018382506026849654,0.04953413498642689,0.0030000000000000027,0.01100000000000001,0.0,-0.0040000000000000036,0.0,0.7799269587332212,0.004073041266778876,-0.005909471250099774,High,False
Austria,2006,0.788,0.861,0.902,38866.848,10.567896929742691,0.03200101248294196,0.07487091426567183,0.0040000000000000036,0.013000000000000012,0.0,-0.014000000000000012,0.0,0.7447237030672207,0.043276296932779346,0.03753335715102235,Mid,False
Austria,2007,0.802,0.872,0.905,40305.273,10.604237583047944,0.0363406533052526,0.08672417181504422,0.0030000000000000027,0.010000000000000009,0.0,0.0,0.0,0.7980269946735485,0.003973005326451506,-0.03693086177384475,Mid,False
Austria,2008,0.802,0.872,0.907,40964.793,10.620468269469043,0.016230686421099705,0.08457235220929427,0.0020000000000000018,0.009000000000000008,0.0,-0.0010000000000000009,0.0,0.7914728934165809,0.010527106583419155,0.006454065316640278,Mid,False
Austria,2009,0.804,0.874,0.907,39463.656,10.583135426070394,-0.03733284339864973,0.015238496327702578,0.0,0.0050000000000000044,1.0,0.0010000000000000009,0.0,0.7146573908846998,0.08934260911530023,0.046066312182520885,High,False
Austria,2010,0.803,0.872,0.912,40288.348,10.603817574614553,0.020682148544159062,-0.0004200084333909615,0.0050000000000000044,0.007000000000000006,0.0,0.0,0.0,0.8350406481121986,-0.03204064811219853,-0.03601365343865004,High,False
Austria,2011,0.804,0.871,0.915,41446.0,10.632146654097433,0.028329079482880104,0.011678384628389438,0.0030000000000000027,0.008000000000000007,0.0,0.02400000000000002,0.0,0.8204769969087338,-0.01647699690873372,-0.027004103492152876,High,False
Austria,2012,0.803,0.872,0.916,41540.94,10.634434725965603,0.0022880718681701495,0.051299299895209316,0.0010000000000000009,0.009000000000000008,0.0,0.02300000000000002,0.0,0.8163846273343788,-0.01338462733437873,-0.10272723644967896,High,True
Austria,2013,0.807,0.875,0.915,41301.94,10.628664751211527,-0.005769974754075591,0.024847176596974663,-0.0010000000000000009,0.0030000000000000027,0.0,0.031000000000000028,0.0,0.8036300047218261,0.003369995278173943,0.035410643390372476,High,False
Austria,2014,0.805,0.873,0.919,41250.508,10.627418706838512,-0.0012460443730155646,-0.004727947258921006,0.0040000000000000036,0.0040000000000000036,0.0,0.029000000000000026,0.0,0.8177112015853596,-0.012711201585359544,0.003765795323374177,High,False
Austria,2015,0.805,0.873,0.919,41255.715,10.627544927620837,0.0001262207823256034,-0.006889798344765552,0.0,0.0030000000000000027,0.0,0.029000000000000026,0.0,0.8098783212478866,-0.004878321247886563,0.008506306086492166,High,False
Austria,2016,0.78,0.848,0.921,41545.5,10.634544491169276,0.006999563548438559,0.005879739957748598,0.0020000000000000018,0.006000000000000005,0.0,0.0040000000000000036,0.0,0.8204769969087338,-0.04047699690873374,-0.043846992186907685,High,False
Austria,2017,0.782,0.851,0.922,42216.918,10.650576320158914,0.01603182898963773,0.023157613320401893,0.0010000000000000009,0.0030000000000000027,0.0,0.020000000000000018,0.0,0.818730043261523,-0.03673004326152296,-0.024018841676163416,High,False
Azerbaijan,2001,0.08,0.242,0.66,4498.7944,8.411564728752706,0.06518626435933683,0.236759316328353,0.008000000000000007,0.02400000000000002,0.0,0.008000000000000007,0.0,0.2761728099746437,-0.1961728099746437,-0.08453494102380925,Low,False
Azerbaijan,2002,0.079,0.241,0.669,4880.4,8.492982462701178,0.08141773394847185,0.20903833674262273,0.009000000000000008,0.02300000000000002,0.0,0.008000000000000007,0.0,0.25091260292539747,-0.17191260292539745,0.006622189623310681,Low,False
Azerbaijan,2003,0.076,0.238,0.676,5408.523,8.595731321626708,0.10274885892552987,0.24935285723333855,0.007000000000000006,0.02400000000000002,0.0,0.0059999999999999915,0.0,0.2682475266326567,-0.1922475266326567,-0.0001428241528027563,Low,False
Azerbaijan,2004,0.075,0.221,0.682,5971.4746,8.694749177561798,0.09901785593508983,0.28318444880909155,0.006000000000000005,0.02200000000000002,0.0,0.0049999999999999906,0.0,0.21603388135510773,-0.14103388135510775,0.055138928619535954,Low,False
Azerbaijan,2005,0.074,0.221,0.692,7553.6265,8.92978305804683,0.23503388048503204,0.43680059534565174,0.009999999999999898,0.02299999999999991,0.0,0.0049999999999999906,0.0,0.2516422670225469,-0.17764226702254687,-0.005729664097149423,Low,False
Azerbaijan,2006,0.072,0.219,0.711,10160.346,9.226247775670721,0.29646471762389126,0.6305164540440131,0.019000000000000017,0.03499999999999992,0.0,0.00399999999999999,0.0,0.3509184406517401,-0.2789184406517401,-0.08667091401908339,Low,False
Azerbaijan,2007,0.071,0.216,0.72,12699.498,9.449317744106393,0.22306996843567184,0.7545685665445951,0.009000000000000008,0.03799999999999992,0.0,0.00399999999999999,0.0,0.2913861029660747,-0.2203861029660747,-0.07935222161096694,Low,False
Azerbaijan,2008,0.07,0.212,0.731,14072.627,9.551986841991011,0.10266909788461831,0.6222037839441814,0.01100000000000001,0.039000000000000035,0.0,0.0030000000000000027,0.0,0.34629248517713396,-0.27629248517713395,-0.09865021815458708,Low,False
Azerbaijan,2009,0.07,0.212,0.74,15384.293,9.641102332849078,0.08911549085806669,0.41485455717835684,0.009000000000000008,0.029000000000000026,0.0,0.006000000000000005,0.0,0.32912352963173125,-0.25912352963173124,0.019794911020008854,Low,False
Azerbaijan,2010,0.069,0.213,0.744,16153.837,9.68991288557124,0.048810552722162726,0.24059514146484773,0.0040000000000000036,0.02400000000000002,0.0,0.006000000000000005,0.0,0.36481722357982865,-0.29581722357982865,-0.07543112061375395,Low,False
Azerbaijan,2011,0.068,0.209,0.746,16176.0,9.691283941260252,0.0013710556890114134,0.13929709926924083,0.0020000000000000018,0.015000000000000013,0.0,0.006000000000000005,0.0,0.3951494783030607,-0.3271494783030607,-0.05085699312592673,Mid,False
Azerbaijan,2012,0.067,0.206,0.751,16364.532,9.702871588909495,0.011587647649243138,0.06176925606041728,0.0050000000000000044,0.01100000000000001,0.0,0.0050000000000000044,0.0,0.36334594100442774,-0.29634594100442774,-0.037222411372696496,Mid,False
Azerbaijan,2013,0.067,0.202,0.757,17146.223,9.749533195103034,0.04666160619353832,0.05962030953179287,0.006000000000000005,0.013000000000000012,0.0,0.009000000000000001,0.0,0.35177927601701053,-0.28477927601701053,0.011037947562818118,Mid,False
Azerbaijan,2014,0.064,0.195,0.766,17451.1,9.767157962893092,0.017624767790058726,0.07587402163284018,0.009000000000000008,0.020000000000000018,0.0,0.005999999999999998,0.0,0.45955695794814355,-0.39555695794814355,-0.06840747964508287,Mid,False
Azerbaijan,2015,0.063,0.193,0.771,17463.758,9.767883041056354,0.0007250781632617276,0.06501145214685877,0.0050000000000000044,0.020000000000000018,0.0,0.0049999999999999975,0.0,0.4514057458473665,-0.3884057458473665,-0.09205980484293874,Mid,False
Azerbaijan,2016,0.062,0.199,0.772,16770.85,9.727397539281135,-0.040485501775219035,-0.02213565582189858,0.0010000000000000009,0.015000000000000013,1.0,0.003999999999999997,0.0,0.3931303779840387,-0.3311303779840387,-0.046351101967028185,High,False
Azerbaijan,2017,0.067,0.202,0.774,16647.016,9.719986260127687,-0.0074112791534481914,-0.0471717027654055,0.0020000000000000018,0.008000000000000007,0.0,0.009000000000000001,0.0,0.3505549341682258,-0.2835549341682258,0.11200202377991775,High,False
Bahrain,2008,0.091,0.22,0.804,30612.498,10.329163635927632,0.05809641764092177,0.19333892310948997,0.0040000000000000036,0.013000000000000012,0.0,0.041999999999999996,0.0,0.49320769473548165,-0.4022076947354817,-0.21025638067775668,Mid,False
Bahrain,2009,0.091,0.22,0.804,31729.566,10.365004206576355,0.03584057064872326,0.1673509582735644,0.0,0.009000000000000008,0.0,0.041999999999999996,0.0,0.45658429726633726,-0.36558429726633723,-0.16906568466075553,Mid,False
Bahrain,2010,0.088,0.216,0.81,34057.715,10.435811864473553,0.07080765789719834,0.16474464618684337,0.006000000000000005,0.010000000000000009,0.0,0.03899999999999999,0.0,0.48892158161636345,-0.4009215816163635,-0.11487828441857895,Mid,False
Bahrain,2011,0.052,0.171,0.817,36372.0,10.501554526845803,0.06574266237224968,0.17239089091817128,0.006999999999999895,0.0129999999999999,0.0,0.0029999999999999957,0.0,0.5593147698981842,-0.5073147698981841,-0.10510707516270246,Mid,False
Bahrain,2012,0.049,0.162,0.833,36711.39,10.510842340116184,0.009287813270381307,0.14583813353982933,0.016000000000000014,0.028999999999999915,0.0,-0.0010000000000000009,0.0,0.5023043228648096,-0.45330432286480965,-0.08772002559847242,Low,False
Bahrain,2013,0.051,0.162,0.846,37704.21,10.537527038288884,0.026684698172699584,0.10171517381533057,0.013000000000000012,0.03599999999999992,0.0,0.000999999999999994,0.0,0.6512237267315019,-0.6002237267315018,-0.19930214511513833,Low,False
Bahrain,2014,0.052,0.16,0.847,38364.83,10.554896433479831,0.017369395190947046,0.053341906634027936,0.0010000000000000009,0.030000000000000027,0.0,0.001999999999999995,0.0,0.6101560588809469,-0.5581560588809469,-0.050841288982762745,Mid,False
Bahrain,2015,0.051,0.144,0.868,38369.66,10.555022322112345,0.00012588863251394855,0.04417998199616058,0.02100000000000002,0.03500000000000003,0.0,0.000999999999999994,0.0,0.6603344933318416,-0.6093344933318415,-0.15603017046703188,Mid,False
Bahrain,2016,0.051,0.139,0.871,38805.39,10.566314433488992,0.01129211137664754,0.028787395200108534,0.0030000000000000027,0.025000000000000022,0.0,0.000999999999999994,0.0,0.6963300735460467,-0.6453300735460467,-0.04510634681454484,Mid,False
Bahrain,2017,0.05,0.133,0.874,39553.24,10.585402891458612,0.019088457969619554,0.030506457978781043,0.0030000000000000027,0.027000000000000024,0.0,-0.001999999999999995,0.0,0.7061316608314987,-0.6561316608314987,-0.09797560195055177,Mid,False
Bangladesh,1996,0.271,0.506,0.442,1234.0841,7.118084354493148,0.042316573353577525,0.11897543978736458,0.008000000000000007,0.02300000000000002,0.0,0.0,0.0,0.21937889200458388,0.05162110799541614,0.06585085710496835,Low,False
Bangladesh,1997,0.275,0.512,0.451,1291.5126,7.163569368585866,0.045485014092717435,0.12793243925928532,0.009000000000000008,0.025000000000000022,0.0,0.039000000000000035,0.0,0.2131894066212886,0.06181059337871142,0.051848179604895406,Low,False
Bangladesh,1998,0.275,0.512,0.459,1348.1499,7.206488487070208,0.04291911848434271,0.13072070593063767,0.008000000000000007,0.025000000000000022,0.0,0.039000000000000035,0.0,0.2131894066212886,0.06181059337871142,0.04033417210792753,Low,False
Bangladesh,1999,0.275,0.512,0.468,1412.9813,7.253457148343593,0.04696866127338417,0.13537279385044432,0.009000000000000008,0.026000000000000023,0.0,0.04200000000000001,0.0,0.21692326702471867,0.05807673297528135,0.00645562497986521,Low,False
Bangladesh,2000,0.276,0.512,0.477,1485.3092,7.303378245051179,0.049921096707586265,0.13980887646531315,0.008999999999999952,0.025999999999999968,0.0,0.04300000000000001,0.0,0.19120647560029683,0.0847935243997032,0.022982931020991776,Low,False
Bangladesh,2001,0.271,0.505,0.486,1551.1965,7.346781847608207,0.04340360255702791,0.14029336053799835,0.009000000000000008,0.02699999999999997,0.0,0.05700000000000002,0.0,0.21944824741477975,0.05155175258522027,-0.010258840793491153,Low,False
Bangladesh,2002,0.236,0.47,0.494,1621.267,7.390963221311993,0.044181373703786164,0.13750607296840034,0.008000000000000007,0.025999999999999968,0.0,0.133,1.0,0.21840240916499848,0.01759759083500151,-0.04047914214027984,Low,False
Bangladesh,2003,0.237,0.474,0.503,1710.7313,7.444676218894595,0.053712997582602284,0.14129797384341636,0.009000000000000008,0.026000000000000023,0.0,0.134,1.0,0.2108841991898519,0.026115800810148082,-0.058677723589555114,Low,False
Bangladesh,2004,0.233,0.474,0.511,1812.6246,7.502531129193598,0.05785491029900314,0.15574928158539159,0.008000000000000007,0.025000000000000022,0.0,0.13,1.0,0.2079983197669676,0.025001680233032425,-0.026550072352187842,Low,False
Bangladesh,2005,0.233,0.474,0.52,1925.6062,7.562996106239333,0.060464977045734614,0.17203288492734004,0.009000000000000008,0.026000000000000023,0.0,0.13,1.0,0.23709651496643594,-0.004096514966435927,-0.021694105801437435,Low,False
Bangladesh,2006,0.214,0.423,0.527,2057.6985,7.629343404203882,0.06634729796454941,0.18466718530928716,0.007000000000000006,0.02400000000000002,0.0,0.111,1.0,0.2819064292049381,-0.06790642920493808,-0.09402223001508617,Low,False
Bangladesh,2007,0.103,0.205,0.534,2194.4224,7.693674147372971,0.06433074316908893,0.19114301817937296,0.007000000000000006,0.02300000000000002,0.0,-0.0020000000000000018,0.0,0.2915962083819808,-0.18859620838198082,-0.21359788861501325,Low,False
Bangladesh,2008,0.105,0.21,0.538,2321.0505,7.749775163900728,0.0561010165277569,0.18677905766139524,0.0040000000000000036,0.018000000000000016,0.0,-0.03899999999999999,0.0,0.2635711532579236,-0.1585711532579236,-0.15447463829148766,Low,False
Bangladesh,2009,0.193,0.418,0.551,2448.887,7.8033889146054705,0.05361375070474228,0.1740455104015881,0.013000000000000012,0.02400000000000002,0.0,0.08600000000000001,0.0,0.27060644746668383,-0.07760644746668383,-0.009700018261745741,Low,False
Bangladesh,2010,0.173,0.425,0.561,2599.2083,7.862962177640035,0.05957326303456423,0.1692880302670634,0.010000000000000009,0.027000000000000024,0.0,0.06599999999999999,0.0,0.2737073254438909,-0.10070732544389094,0.08788888293808989,Low,False
Bangladesh,2011,0.168,0.416,0.572,2772.0,7.927324360309794,0.06436218266975935,0.17754919640906586,0.010999999999999899,0.03399999999999992,0.0,0.06200000000000001,0.0,0.26746535152976103,-0.09946535152976102,0.05910580172816257,Low,False
Bangladesh,2012,0.166,0.409,0.583,2914.0488,7.977298733354801,0.04997437304500707,0.17390981874933065,0.01100000000000001,0.03199999999999992,0.0,0.06000000000000001,0.0,0.23143663776574017,-0.06543663776574016,0.012169809700943668,Low,False
Bangladesh,2013,0.144,0.376,0.589,3057.4697,8.025342957454987,0.048044224100185495,0.16238077981495191,0.006000000000000005,0.027999999999999914,0.0,0.046999999999999986,0.0,0.29545421890218126,-0.15145421890218128,-0.05074689345829034,Low,False
Bangladesh,2014,0.107,0.278,0.6,3216.8923,8.07617104828259,0.0508280908276042,0.14884668797279677,0.01100000000000001,0.028000000000000025,0.0,0.012999999999999998,0.0,0.285709805793951,-0.17870980579395102,-0.07924445426419,Low,False
Bangladesh,2015,0.108,0.275,0.621,3402.3213,8.132213212940655,0.056042164658064664,0.15491447958585436,0.02100000000000002,0.038000000000000034,0.0,0.013999999999999999,0.0,0.2293815183224898,-0.12138151832248979,-0.055944880556749635,Low,False
Bangladesh,2016,0.106,0.269,0.632,3598.5103,8.1882752332475,0.05606202030684493,0.1629322757925138,0.01100000000000001,0.04300000000000004,0.0,0.013999999999999999,0.0,0.2416494683346647,-0.13564946833466468,0.015804750567516596,Low,False
Bangladesh,2017,0.106,0.265,0.633,3808.8728,8.245088571329235,0.056813338081735054,0.16891752304664465,0.0010000000000000009,0.03300000000000003,0.0,0.015,0.0,0.20238386316557336,-0.09638386316557336,0.08232594262837765,Low,False
Barbados,1996,0.647,0.762,0.748,11760.825,9.372529372053231,0.024702775619527273,0.03612056114477902,0.0040000000000000036,0.013000000000000012,0.0,0.0,0.0,0.4703168037738223,0.17668319622617773,-0.022961238996209943,High,False
Barbados,1997,0.647,0.762,0.752,12124.509,9.402984220140384,0.030454848087153152,0.06112798535595232,0.0040000000000000036,0.01200000000000001,0.0,0.0,0.0,0.48393936895317025,0.16306063104682977,-0.05768907938610429,Mid,False
Barbados,1998,0.647,0.762,0.754,12384.762,9.424222124944306,0.021237904803921737,0.07639552851060216,0.0020000000000000018,0.010000000000000009,0.0,-0.0050000000000000044,0.0,0.45030933263731154,0.19669066736268848,0.03074357487688828,Mid,False
Barbados,1999,0.656,0.77,0.756,12237.948,9.412296894953155,-0.011925229991151198,0.03976752289992369,0.0020000000000000018,0.008000000000000007,0.0,0.006000000000000005,0.0,0.45694028691696575,0.19905971308303427,0.022376516856856543,High,False
Barbados,2000,0.654,0.769,0.762,12600.022,9.44145383896979,0.029156944016635933,0.03846961882940647,0.006000000000000005,0.010000000000000009,0.0,0.0040000000000000036,0.0,0.48603554949387995,0.16796445050612008,0.004903819459290304,High,False
Barbados,2001,0.654,0.769,0.763,12112.181,9.401966919422904,-0.03948691954688677,-0.022255205521402033,0.0010000000000000009,0.009000000000000008,1.0,0.006000000000000005,0.0,0.4143559761846409,0.23964402381535915,0.04295335645267068,High,False
Barbados,2002,0.654,0.769,0.767,12025.474,9.394782512076516,-0.007184407346388255,-0.01751438287663909,0.0040000000000000036,0.01100000000000001,0.0,0.006000000000000005,0.0,0.45408272100566677,0.19991727899433326,0.0008575659112989853,High,False
Barbados,2003,0.652,0.767,0.771,12094.819,9.40053245807064,0.005749945994123706,-0.040921380899151316,0.0040000000000000036,0.009000000000000008,0.0,0.0040000000000000036,0.0,0.44383739628548885,0.20816260371451117,0.040198153208391096,High,False
Barbados,2004,0.65,0.766,0.775,12078.735,9.39920174746239,-0.001330710608248964,-0.0027651719605135128,0.0040000000000000036,0.01200000000000001,0.0,0.0020000000000000018,0.0,0.5173857347287508,0.1326142652712492,-0.10702975854410995,High,True
Barbados,2005,0.65,0.766,0.779,12379.45,9.423793118757356,0.02459137129496547,0.029010606680840212,0.0040000000000000036,0.01200000000000001,0.0,0.0020000000000000018,0.0,0.5051839818243927,0.1448160181756073,-0.05510126081872596,High,True
Barbados,2006,0.648,0.766,0.783,12889.877,9.464197553606867,0.04040443484951162,0.06366509553622812,0.0040000000000000036,0.01200000000000001,0.0,-0.0020000000000000018,0.0,0.49247068938112426,0.15552931061887576,-0.052633293095635414,Mid,False
Barbados,2007,0.65,0.766,0.79,12917.439,9.466333537874208,0.0021359842673405183,0.0671317904118176,0.007000000000000006,0.015000000000000013,0.0,-0.015000000000000013,0.0,0.47560675773292055,0.17439324226707947,0.041778976995830275,Mid,False
Barbados,2008,0.665,0.783,0.794,12786.107,9.456114469819735,-0.010219068054473368,0.03232135106237877,0.0040000000000000036,0.015000000000000013,0.0,0.0010000000000000009,0.0,0.5131670512499313,0.1518329487500687,0.0070169305744614,Mid,False
Barbados,2009,0.666,0.784,0.798,12094.324,9.400491530618181,-0.05562293920155348,-0.06370602298868633,0.0040000000000000036,0.015000000000000013,1.0,0.0040000000000000036,0.0,0.5578476253113835,0.10815237468861649,-0.04737693593025927,High,False
Barbados,2010,0.667,0.784,0.797,11954.322,9.388848165611678,-0.011643365006502648,-0.0774853722625295,-0.0010000000000000009,0.007000000000000006,0.0,0.0050000000000000044,0.0,0.5497610990314893,0.11723890096851075,-0.05715434129856872,High,True
Barbados,2011,0.667,0.784,0.794,11870.0,9.381769487603714,-0.007078678007964356,-0.07434498221602048,-0.0030000000000000027,0.0,0.0,0.0050000000000000044,0.0,0.483136551442152,0.18386344855784803,0.032030499807779333,High,False
Barbados,2012,0.667,0.784,0.797,11860.0,9.380926672551716,-0.0008428150519979027,-0.019564858066464907,0.0030000000000000027,-0.0010000000000000009,0.0,0.007000000000000006,0.0,0.5380599513005144,0.1289400486994856,0.020787674010869117,High,False
Barbados,2013,0.664,0.781,0.798,11809.0,9.376617231601282,-0.004309440950434507,-0.012230934010396766,0.0010000000000000009,0.0010000000000000009,0.0,0.008000000000000007,0.0,0.5984968551977594,0.06550314480224062,-0.05173575616627013,High,True
Barbados,2014,0.662,0.78,0.799,11780.0,9.374158457205578,-0.0024587743957038555,-0.007611030398136265,0.0010000000000000009,0.0050000000000000044,0.0,0.006000000000000005,0.0,0.579746268304385,0.082253731695615,-0.10160971686223302,High,True
Barbados,2015,0.662,0.776,0.8,11849.0,9.37999875481674,0.00584029761116156,-0.000927917734976802,0.0010000000000000009,0.0030000000000000027,0.0,0.006000000000000005,0.0,0.5987467298402231,0.06325327015977689,-0.06568677853970872,High,True
Barbados,2016,0.662,0.776,0.803,12124.693,9.402999395897508,0.023000641080768602,0.026382164296226307,0.0030000000000000027,0.0050000000000000044,0.0,0.006000000000000005,0.0,0.5862306189664164,0.07576938103358366,0.01026623623134304,High,False
Barbados,2017,0.66,0.773,0.804,12157.3125,9.405686119580357,0.00268672368284939,0.03152766237477955,0.0010000000000000009,0.0050000000000000044,0.0,0.0040000000000000036,0.0,0.5862306189664164,0.07376938103358366,-0.008484350662031348,High,False
Belarus,2001,0.102,0.247,0.731,9462.374,9.155078581937103,0.0378430782532142,0.10938092250197684,0.007000000000000006,0.02200000000000002,0.0,0.007999999999999993,0.0,0.4463613826592009,-0.3443613826592009,-0.1421234299871587,Mid,False
Belarus,2002,0.1,0.243,0.738,9870.309,9.197286438928355,0.04220785699125251,0.12739124768150667,0.007000000000000006,0.02200000000000002,0.0,0.006000000000000005,0.0,0.45315836440499624,-0.35315836440499626,-0.09853073684989394,Low,False
Belarus,2003,0.098,0.241,0.747,10492.987,9.258462408235959,0.061175969307603495,0.1412269045520702,0.009000000000000008,0.02300000000000002,0.0,0.0040000000000000036,0.0,0.5073135346600524,-0.4093135346600524,-0.09883139621827841,Low,False
Belarus,2004,0.097,0.24,0.758,11615.686,9.360111705018774,0.10164929678281531,0.20503312308167132,0.01100000000000001,0.027000000000000024,0.0,0.0030000000000000027,0.0,0.49761347278211526,-0.40061347278211523,-0.05625209012291432,Low,False
Belarus,2005,0.095,0.233,0.767,12629.558,9.443795218690989,0.08368351367221472,0.24650877976263352,0.009000000000000008,0.029000000000000026,0.0,0.0010000000000000009,0.0,0.4478368194658086,-0.3528368194658086,0.000321544939187679,Low,False
Belarus,2006,0.094,0.225,0.777,13792.554,9.531884160310211,0.08808894161922254,0.27342175207425257,0.010000000000000009,0.030000000000000027,0.0,0.0010000000000000009,0.0,0.4036038283722548,-0.30960382837225475,0.09970970628779763,Low,False
Belarus,2007,0.095,0.222,0.786,14856.956,9.606223452066029,0.07433929175581788,0.24611174704725514,0.009000000000000008,0.028000000000000025,0.0,0.0020000000000000018,0.0,0.5103410460526804,-0.4153410460526804,-0.014727573270565175,Low,False
Belarus,2008,0.096,0.224,0.796,16223.997,9.69424672147965,0.08802326941362182,0.25045150278866224,0.010000000000000009,0.029000000000000026,0.0,0.0030000000000000027,0.0,0.537796121870514,-0.441796121870514,-0.0889593024047054,Low,False
Belarus,2009,0.097,0.227,0.798,16088.725,9.685873995081563,-0.008372726398087948,0.15398983477135175,0.0020000000000000018,0.02100000000000002,0.0,0.0040000000000000036,0.0,0.5050866754594998,-0.40808667545949984,-0.09848284708724508,Low,False
Belarus,2010,0.095,0.226,0.803,17172.46,9.751062216779747,0.06518822169818428,0.14483876471371815,0.0050000000000000044,0.017000000000000015,0.0,0.0020000000000000018,0.0,0.6291110050301713,-0.5341110050301713,-0.11876995897749087,Mid,False
Belarus,2011,0.093,0.216,0.812,17918.0,9.793561073157523,0.04249885637777595,0.09931435167787228,0.009000000000000008,0.016000000000000014,0.0,-0.0010000000000000009,0.0,0.6410180345627494,-0.5480180345627494,-0.10622191269223547,Mid,False
Belarus,2012,0.094,0.221,0.818,18245.008,9.811646787346747,0.018085714189224333,0.12577279226518456,0.005999999999999894,0.019999999999999907,0.0,-0.0050000000000000044,0.0,0.6649160150574545,-0.5709160150574545,-0.16282933959795465,Mid,False
Belarus,2013,0.099,0.242,0.821,18456.41,9.823167014604673,0.011520227257925342,0.07210479782492563,0.0030000000000000027,0.017999999999999905,0.0,0.0,0.0,0.6442540528946826,-0.5452540528946827,-0.011143047864511368,Mid,False
Belarus,2014,0.099,0.243,0.825,18805.18,9.841887642780987,0.01872062817631459,0.048326569623464266,0.0040000000000000036,0.0129999999999999,0.0,-0.0010000000000000009,0.0,0.6599226851586109,-0.5609226851586109,-0.012904650595861433,High,False
Belarus,2015,0.1,0.247,0.825,18122.863,9.804929569323441,-0.03695807345754609,-0.00671721802330616,0.0,0.007000000000000006,1.0,0.05500000000000001,0.0,0.5903050609220051,-0.4903050609220051,0.08061095413544939,High,False
Belarus,2016,0.107,0.256,0.825,17701.959,9.781430590403668,-0.023498978919773705,-0.04173642420100521,0.0,0.0040000000000000036,1.0,0.072,0.0,0.5911444427498168,-0.48414444274981683,0.06110961014486582,High,False
Belarus,2017,0.107,0.254,0.828,18193.273,9.808807189355669,0.027376598952001174,-0.03308045342531862,0.0030000000000000027,0.0030000000000000027,0.0,0.072,0.0,0.6108701953063352,-0.5038701953063353,0.05705248985227562,High,False
Belgium,1996,0.812,0.882,0.881,29820.299,10.302944615096093,0.0152125946532351,0.0680960804590729,0.006000000000000005,0.02100000000000002,0.0,0.0,0.0,0.7710240629020553,0.04097593709794478,-0.14888730111273796,Mid,False
Belgium,1997,0.812,0.882,0.884,30894.283,10.338326429587003,0.03538181449090949,0.07344757264596602,0.0030000000000000027,0.016000000000000014,0.0,-0.0009999999999998899,0.0,0.7790127580772577,0.03298724192274238,-0.08690626694770343,Mid,False
Belgium,1998,0.813,0.882,0.886,31480.744,10.357131336305427,0.018804906718424164,0.06939931586256876,0.0020000000000000018,0.01100000000000001,0.0,-0.0030000000000000027,0.0,0.7530292685953364,0.05997073140466358,-0.050809714504040926,Mid,False
Belgium,1999,0.816,0.883,0.889,32571.674,10.391198293940596,0.03406695763516865,0.0882536788445023,0.0030000000000000027,0.008000000000000007,0.0,0.020999999999999908,0.0,0.7836350372112775,0.03236496278872247,-0.008610974309222308,Mid,False
Belgium,2000,0.819,0.885,0.894,33719.77,10.425839591214713,0.03464129727411702,0.08751316162770983,0.0050000000000000044,0.010000000000000009,0.0,0.02399999999999991,0.0,0.8006681410889379,0.018331858911062038,-0.014655383011680345,Mid,False
Belgium,2001,0.819,0.885,0.899,33923.344,10.431858669952327,0.006019078737613981,0.07472733364689965,0.0050000000000000044,0.013000000000000012,0.0,0.02399999999999991,0.0,0.7519811375279492,0.0670188624720508,0.00704813106738722,Mid,False
Belgium,2002,0.819,0.885,0.901,34419.695,10.446384208599019,0.014525538646692482,0.055185914658423485,0.0020000000000000018,0.01200000000000001,0.0,0.02399999999999991,0.0,0.7449881653544205,0.07401183464557948,0.041646871856857004,Mid,False
Belgium,2003,0.819,0.886,0.903,34588.477,10.451275870895369,0.004891662296349963,0.025436279680656426,0.0020000000000000018,0.009000000000000008,0.0,0.02399999999999991,0.0,0.7907152168278918,0.02828478317210814,0.009952924261046103,High,False
Belgium,2004,0.795,0.864,0.909,35740.35,10.484035581614545,0.03275971071917638,0.05217691166221883,0.006000000000000005,0.010000000000000009,0.0,-0.020999999999999908,0.0,0.790212529811587,0.004787470188413079,-0.06223139228363772,High,True
Belgium,2005,0.816,0.884,0.911,36338.383,10.500629844537492,0.016594262922946967,0.05424563593847331,0.0020000000000000018,0.010000000000000009,0.0,-0.0020000000000000018,0.0,0.7892902744826955,0.02670972551730444,-0.04730210912827504,High,False
Belgium,2006,0.818,0.885,0.913,37051.902,10.520074965438972,0.019445120901480095,0.06879909454360345,0.0020000000000000018,0.010000000000000009,0.0,-0.010000000000000009,0.0,0.7660005535361013,0.051999446463898646,0.023714663291790505,Mid,False
Belgium,2007,0.828,0.891,0.916,38082.875,10.547519985004978,0.027445019566005868,0.06348440339043293,0.0030000000000000027,0.007000000000000006,0.0,-0.0040000000000000036,0.0,0.7715478405160181,0.056452159483981856,0.05166468929556878,High,False
Belgium,2008,0.832,0.899,0.917,38117.348,10.548424785568406,0.0009048005634273437,0.04779494103091331,0.0010000000000000009,0.006000000000000005,0.0,-0.0020000000000000018,0.0,0.7611255924319392,0.07087440756806074,0.0441646820507563,High,False
Belgium,2009,0.834,0.899,0.919,36998.65,10.518636704474227,-0.02978808109417841,-0.0014382609647451972,0.0020000000000000018,0.006000000000000005,1.0,0.0,0.0,0.7740922715977867,0.059907728402213256,0.00790828193831461,High,False
Belgium,2010,0.834,0.9,0.921,37739.33,10.538458065717789,0.019821361243561597,-0.009061919287189468,0.0020000000000000018,0.0050000000000000044,0.0,-0.0010000000000000009,0.0,0.8009265848642949,0.03307341513570505,-0.023378744348276803,High,False
Belgium,2011,0.835,0.9,0.923,38130.0,10.54875665285161,0.010298587133821258,0.0003318672832044456,0.0020000000000000018,0.006000000000000005,0.0,0.0,0.0,0.8009265848642949,0.034073415135705054,-0.036800992432355684,High,False
Belgium,2012,0.835,0.9,0.923,38173.234,10.549889868374995,0.0011332155233851893,0.031253163900768044,0.0,0.0040000000000000036,0.0,-0.0010000000000000009,0.0,0.8008363600381287,0.03416363996187122,-0.02574408844034204,High,False
Belgium,2013,0.839,0.902,0.925,38169.832,10.549800744367262,-8.91240077329769e-05,0.01134267864947347,0.0020000000000000018,0.0040000000000000036,0.0,0.0030000000000000027,0.0,0.8022986850213045,0.03670131497869544,0.0036278998429903897,High,False
Belgium,2014,0.838,0.902,0.93,38599.426,10.560992684876034,0.01119194050877148,0.012236032024423693,0.0050000000000000044,0.007000000000000006,0.0,0.0020000000000000018,0.0,0.8027499891445483,0.03525001085545165,0.0011765957197465982,High,False
Belgium,2015,0.837,0.901,0.933,39160.324,10.575419370358942,0.014426685482908042,0.025529501983946545,0.0030000000000000027,0.010000000000000009,0.0,0.01100000000000001,0.0,0.7924238067728084,0.04457619322719153,0.010412553265320312,High,False
Belgium,2016,0.837,0.901,0.936,39456.863,10.582963278190403,0.007543907831461638,0.03316253382314116,0.0030000000000000027,0.01100000000000001,0.0,0.01100000000000001,0.0,0.7565533085313085,0.08044669146869143,0.04374537648999599,High,False
Belgium,2017,0.836,0.9,0.94,39940.824,10.595154237703412,0.012190959513008082,0.03416155282737776,0.0039999999999998925,0.009999999999999898,0.0,0.010000000000000009,0.0,0.8075624514118225,0.028437548588177486,-0.006812462267274166,High,False
Benin,1996,0.507,0.617,0.389,1840.4858,7.517784837494556,0.0026719925069658146,0.026717724080111083,0.006000000000000005,0.018000000000000016,0.0,0.010000000000000009,0.0,0.1765615556008429,0.3304384443991571,0.001574483151648265,Mid,False
Benin,1997,0.5,0.618,0.396,1867.6058,7.532412568682021,0.014627731187465187,0.07549393865176945,0.007000000000000006,0.02100000000000002,0.0,0.0030000000000000027,0.0,0.17290349981837339,0.3270965001816266,-0.009512394722886008,Mid,False
Benin,1998,0.5,0.618,0.401,1862.7557,7.529812229421102,-0.002600339260919071,0.01469938443351193,0.0050000000000000044,0.018000000000000016,0.0,0.006000000000000005,0.0,0.1885271004744642,0.3114728995255358,-0.028702821329881112,Mid,False
Benin,1999,0.497,0.613,0.407,1881.6971,7.539929361389822,0.010117131968719661,0.022144523895265777,0.00599999999999995,0.01799999999999996,0.0,0.0050000000000000044,0.0,0.17923902339102568,0.3177609766089743,-0.012677467790182806,Mid,False
Benin,2000,0.501,0.611,0.415,1908.9366,7.554301612068956,0.014372250679134169,0.02188904338693476,0.008000000000000007,0.01899999999999996,0.0,0.009000000000000008,0.0,0.1936999534227878,0.3073000465772122,-0.0197964536044144,Mid,False
Benin,2001,0.499,0.609,0.426,1928.0967,7.564288629514401,0.009987017445444835,0.034476400093298665,0.01100000000000001,0.024999999999999967,0.0,0.007000000000000006,0.0,0.18698340365673136,0.3120165963432686,0.0005436968177328083,Mid,False
Benin,2002,0.502,0.61,0.435,1934.3967,7.567550773903738,0.0032621443893372515,0.027621412513916255,0.009000000000000008,0.028000000000000025,0.0,0.010000000000000009,0.0,0.21833283510720183,0.2836671648927982,-0.03409381171617609,Mid,False
Benin,2003,0.494,0.603,0.442,1919.6151,7.5598799761752815,-0.007670797728456691,0.005578364106325395,0.007000000000000006,0.027000000000000024,0.0,0.0020000000000000018,0.0,0.21580227757354722,0.2781977224264528,-0.029102324150759418,Mid,False
Benin,2004,0.492,0.601,0.449,1923.7192,7.56201567462856,0.002135698453278323,-0.0022729548858411164,0.007000000000000006,0.02300000000000002,0.0,-0.016000000000000014,0.0,0.196640881674634,0.295359118325366,-0.016657478017902627,Mid,False
Benin,2005,0.508,0.622,0.456,1875.9193,7.536854111583341,-0.025161563045219104,-0.030696662320397472,0.007000000000000006,0.02100000000000002,1.0,-0.0050000000000000044,0.0,0.18407364965788692,0.3239263503421131,0.040259185449314894,Mid,False
Benin,2006,0.535,0.659,0.462,1870.5325,7.53397842867067,-0.0028756829126708183,-0.0259015475046116,0.006000000000000005,0.020000000000000018,0.0,0.049000000000000044,0.0,0.19835926183102778,0.3366407381689722,0.05844301574251942,Mid,False
Benin,2007,0.524,0.645,0.469,1904.5496,7.552000829160523,0.01802240048985304,-0.010014845468036881,0.006999999999999951,0.019999999999999962,0.0,0.041000000000000036,0.0,0.2185918233283393,0.30540817667166076,0.01004905834629477,Mid,False
Benin,2008,0.515,0.635,0.475,1920.306,7.560239827322981,0.008238998162457989,0.02338571573964021,0.006000000000000005,0.01899999999999996,0.0,0.03300000000000003,0.0,0.22784279861078546,0.2871572013892145,-0.03676914895289857,Mid,False
Benin,2009,0.513,0.633,0.48,1888.7758,7.543684173321584,-0.016555654001397357,0.009705744650913672,0.0050000000000000044,0.01799999999999996,0.0,0.031000000000000028,0.0,0.24419325497225144,0.2688067450277486,-0.06783399314122363,Mid,False
Benin,2010,0.516,0.635,0.485,1854.6655,7.525459635331173,-0.01822453799041046,-0.02654119382934983,0.0050000000000000044,0.016000000000000014,0.0,0.03400000000000003,0.0,0.23048532992037937,0.2855146700796206,-0.019893506592040144,High,False
Benin,2011,0.486,0.599,0.49,1836.0,7.515344571180436,-0.010115064150737041,-0.04489525614254486,0.0050000000000000044,0.015000000000000013,0.0,0.0040000000000000036,0.0,0.22574262894453995,0.26025737105546004,-0.026899830333754482,High,False
Benin,2012,0.483,0.596,0.497,1867.0,7.532088143541722,0.01674357236128632,-0.011596029779861183,0.007000000000000006,0.017000000000000015,0.0,0.0010000000000000009,0.0,0.24645388228623072,0.23654611771376927,-0.03226062731397933,High,False
Benin,2013,0.482,0.603,0.506,1939.0,7.569927655242652,0.037839511700929584,0.04446801991147886,0.009000000000000008,0.02100000000000002,0.0,0.010000000000000009,0.0,0.2519232617278249,0.23007673827217506,-0.05543793180744555,Mid,False
Benin,2014,0.485,0.606,0.509,2008.0,7.60489448081162,0.034966825568967685,0.08954990963118359,0.0030000000000000027,0.019000000000000017,0.0,0.14999999999999997,1.0,0.26136004350891745,0.22363995649108254,-0.036617414564377504,Mid,False
Benin,2015,0.523,0.652,0.511,2055.0,7.628031126930335,0.02313664611871502,0.09594298338861229,0.0020000000000000018,0.014000000000000012,0.0,0.23900000000000005,1.0,0.25000197051756634,0.2729980294824337,0.03645191176866441,Mid,False
Benin,2016,0.579,0.712,0.51,2061.9036,7.631384912756607,0.0033537858262722153,0.06145725751395492,-0.0010000000000000009,0.0040000000000000036,0.0,0.30799999999999994,1.0,0.247446292825141,0.331553707174859,0.10147696890268393,High,False
Benin,2017,0.593,0.713,0.507,2115.587,7.6570875943440555,0.025702681587448595,0.05219311353243583,-0.0030000000000000027,-0.0020000000000000018,0.0,0.32199999999999995,1.0,0.27009011864652127,0.3229098813534787,0.09926992486239616,High,False
Bolivia,1996,0.492,0.73,0.602,3959.4453,8.283859218679424,0.02402893936973527,0.07583751203345557,0.008000000000000007,0.025000000000000022,0.0,-0.026000000000000023,0.0,0.31598175263798006,0.17601824736201993,0.024800045925218783,Mid,False
Bolivia,1997,0.518,0.735,0.61,4079.5378,8.313738976667329,0.029879757987904654,0.08019084408561206,0.008000000000000007,0.02400000000000002,0.0,0.008000000000000007,0.0,0.3098894112109511,0.20811058878904892,0.044892387352247765,Mid,False
Bolivia,1998,0.518,0.735,0.618,4205.6943,8.344194671738165,0.03045569507083634,0.08436439242847626,0.008000000000000007,0.02400000000000002,0.0,0.008000000000000007,0.0,0.30730867519174393,0.2106913248082561,0.034673077446236156,Mid,False
Bolivia,1999,0.523,0.743,0.624,4146.4707,8.330012817665883,-0.014181854072282007,0.04615359898645899,0.006000000000000005,0.02200000000000002,0.0,0.013000000000000012,0.0,0.3107338090857221,0.2122661909142779,0.036247943552257966,Mid,False
Bolivia,2000,0.527,0.743,0.63,4173.5493,8.336522103848313,0.006509286182430074,0.022783127180984408,0.006000000000000005,0.020000000000000018,0.0,0.017000000000000015,0.0,0.3030834151179245,0.2239165848820755,0.015805996093026575,Mid,False
Bolivia,2001,0.52,0.737,0.639,4166.4917,8.334829641740594,-0.0016924621077194502,-0.009365029997571384,0.009000000000000008,0.02100000000000002,0.0,0.057999999999999996,0.0,0.27613114709884257,0.24386885290115745,0.033177528092901365,Mid,False
Bolivia,2002,0.51,0.719,0.642,4193.755,8.341351792969654,0.006522151229059858,0.011338975303770482,0.0030000000000000027,0.018000000000000016,0.0,0.05199999999999999,0.0,0.28131301559080957,0.22868698440919044,0.016420793494912544,Mid,False
Bolivia,2003,0.515,0.719,0.645,4230.3726,8.350045353267442,0.008693560297787783,0.013523249419128192,0.0030000000000000027,0.015000000000000013,0.0,0.062,0.0,0.2759251896761823,0.23907481032381772,0.015158225441742224,High,False
Bolivia,2004,0.541,0.753,0.648,4330.5557,8.373451149944472,0.023405796677030466,0.03862150820387811,0.0030000000000000027,0.009000000000000008,0.0,0.10600000000000004,1.0,0.2497651046548502,0.29123489534514985,0.047366042443992395,High,False
Bolivia,2005,0.534,0.746,0.658,4445.3477,8.399613367610927,0.02616221766645488,0.05826157464127313,0.010000000000000009,0.016000000000000014,0.0,0.134,1.0,0.2673345277206441,0.26666547227935594,0.0379784878701655,Mid,False
Bolivia,2006,0.462,0.724,0.656,4581.9023,8.429869540219547,0.030256172608620346,0.07982418695210569,-0.0020000000000000018,0.01100000000000001,0.0,0.064,0.0,0.22967523607985146,0.23232476392014856,-0.006750046403669163,Mid,False
Bolivia,2007,0.458,0.719,0.664,4713.448,8.45817497863363,0.028305438414083284,0.08472382868915851,0.008000000000000007,0.016000000000000014,0.0,0.067,0.0,0.2631846768107446,0.19481532318925543,-0.09641957215589442,Mid,False
Bolivia,2008,0.453,0.719,0.668,4924.032,8.501882986064706,0.04370800743107495,0.10226961845377858,0.0040000000000000036,0.010000000000000009,0.0,0.062,0.0,0.220864341277682,0.232135658722318,-0.034529813557037936,Mid,False
Bolivia,2009,0.435,0.714,0.671,5011.3384,8.519458304110433,0.01757531804572743,0.08958876389088566,0.0030000000000000027,0.015000000000000013,0.0,0.043999999999999984,0.0,0.2471979383912688,0.1878020616087312,-0.04452270231141736,Mid,False
Bolivia,2010,0.4,0.68,0.677,5141.759,8.545150517804855,0.02569221369442154,0.08697553917122391,0.006000000000000005,0.013000000000000012,0.0,0.03200000000000003,0.0,0.25614403115622303,0.143855968843777,-0.050959354345478436,Mid,False
Bolivia,2011,0.398,0.677,0.683,5331.0,8.581294116822761,0.036143599017906425,0.07941113075805539,0.006000000000000005,0.015000000000000013,0.0,0.030000000000000027,0.0,0.2598638538008624,0.1381361461991376,-0.0939995125231804,Mid,False
Bolivia,2012,0.391,0.67,0.685,5503.908,8.613213664357202,0.03191954753444115,0.09375536024676911,0.0020000000000000018,0.014000000000000012,0.0,0.031000000000000028,0.0,0.2796003883618849,0.11139961163811513,-0.07640244997061607,Mid,False
Bolivia,2013,0.396,0.658,0.699,5775.7515,8.661423656793968,0.0482099924367656,0.11627313898911318,0.013999999999999901,0.02199999999999991,0.0,0.05499999999999999,0.0,0.3049366517579704,0.09106334824202961,-0.052792620601747386,Low,False
Bolivia,2014,0.391,0.647,0.701,5988.2773,8.697559053752514,0.03613539695854584,0.1162649369297526,0.0020000000000000018,0.017999999999999905,0.0,0.15000000000000002,1.0,0.3211921859435452,0.06980781405645481,-0.0683283321426828,Mid,False
Bolivia,2015,0.368,0.609,0.704,6176.267,8.728469322635426,0.030910268882912817,0.11525565827822426,0.0030000000000000027,0.018999999999999906,0.0,0.159,1.0,0.32615310600447733,0.04184689399552266,-0.06955271764259247,Mid,False
Bolivia,2016,0.375,0.62,0.714,6337.799,8.7542868262737,0.025817503638274175,0.09286316947973283,0.010000000000000009,0.015000000000000013,0.0,0.166,1.0,0.34811131349752167,0.02688868650247833,-0.06417466173955128,Mid,False
Bolivia,2017,0.36,0.609,0.715,6503.387,8.780078397093368,0.025791570819666987,0.08251934334085398,0.0010000000000000009,0.014000000000000012,0.0,0.151,1.0,0.37913663068113007,-0.019136630681130085,-0.0889444447375849,Mid,False
Bosnia and Herzegovina,2006,0.409,0.626,0.701,8410.801,9.037271992189027,0.04289071664017463,0.10778267726684199,0.0030000000000000027,0.01200000000000001,0.0,0.04299999999999998,0.0,0.3701820883995876,0.03881791160041237,0.015909905357363863,Mid,False
Bosnia and Herzegovina,2007,0.369,0.566,0.709,8811.861,9.083853933853202,0.04658194166417573,0.1146456409614256,0.008000000000000007,0.015000000000000013,0.0,0.0030000000000000027,0.0,0.3748877044198773,-0.005887704419877293,-0.013370892834845383,Mid,False
Bosnia and Herzegovina,2008,0.367,0.562,0.719,9199.262,9.12687854242824,0.043024608575038314,0.13249726687938868,0.010000000000000009,0.02100000000000002,0.0,0.0010000000000000009,0.0,0.3752721697938022,-0.008272169793802187,0.00828285102645393,Low,False
Bosnia and Herzegovina,2009,0.366,0.56,0.722,9018.506,9.10703396740914,-0.019844575019099864,0.06976197522011418,0.0030000000000000027,0.02100000000000002,0.0,-0.0030000000000000027,0.0,0.4262031489236226,-0.06020314892362261,-0.09902106052403498,Mid,False
Bosnia and Herzegovina,2010,0.37,0.566,0.725,8982.458,9.103028843218324,-0.004005124190817,0.01917490936512145,0.0030000000000000027,0.016000000000000014,0.0,0.007000000000000006,0.0,0.43080898605453816,-0.06080898605453816,-0.05492128163466087,High,True
Bosnia and Herzegovina,2011,0.37,0.564,0.731,8961.0,9.10063710688422,-0.0023917363341041664,-0.02624143554402103,0.006000000000000005,0.01200000000000001,0.0,0.01200000000000001,0.0,0.40226958643367305,-0.03226958643367306,-0.023997416639870872,High,False
Bosnia and Herzegovina,2012,0.37,0.566,0.742,8894.932,9.093236955326477,-0.007400151557742873,-0.01379701208266404,0.01100000000000001,0.020000000000000018,0.0,0.015000000000000013,0.0,0.4404190170337016,-0.07041901703370163,-0.010215868110079018,Mid,False
Bosnia and Herzegovina,2013,0.369,0.56,0.756,9113.055,9.117463279812052,0.024226324485574935,0.014434436593727895,0.014000000000000012,0.031000000000000028,0.0,0.02899999999999997,0.0,0.4538894019711136,-0.08488940197111361,-0.02408041591657545,Mid,False
Bosnia and Herzegovina,2014,0.37,0.557,0.765,9228.818,9.130086258624708,0.012622978812656171,0.029449151740488233,0.009000000000000008,0.03400000000000003,0.0,0.03199999999999997,0.0,0.452849493659058,-0.08284949365905803,-0.05057990722538497,Mid,False
Bosnia and Herzegovina,2015,0.363,0.547,0.769,9639.478,9.173622236760867,0.04353597813615906,0.08038528143439017,0.0040000000000000036,0.027000000000000024,0.0,0.02799999999999997,0.0,0.4805306688708174,-0.11753066887081742,-0.0471116518371158,Mid,False
Bosnia and Herzegovina,2016,0.358,0.547,0.776,9966.366,9.206971303031548,0.033349066270680794,0.08950802321949602,0.007000000000000006,0.020000000000000018,0.0,0.02999999999999997,0.0,0.4923245095925551,-0.1343245095925551,-0.04943510762144149,Mid,False
Bosnia and Herzegovina,2017,0.355,0.541,0.78,10305.933,9.240475027799699,0.03350372476815089,0.11038876917499074,0.0040000000000000036,0.015000000000000013,0.0,0.02699999999999997,0.0,0.48689026119385215,-0.13189026119385217,-0.04904076753479414,Mid,False
Botswana,1996,0.587,0.684,0.584,6647.7676,8.802036378042173,0.05080296426091557,0.13864732549697756,0.0010000000000000009,-0.0040000000000000036,0.0,-0.014000000000000012,0.0,0.31438557426863534,0.27261442573136463,0.08318914319895032,Mid,False
Botswana,1997,0.601,0.698,0.587,7152.1475,8.875167940242477,0.07313156220030415,0.18462209264570184,0.0030000000000000027,0.007000000000000006,0.0,-0.0030000000000000027,0.0,0.27713933893237186,0.3238606610676281,0.15553720371353946,Mid,False
Botswana,1998,0.604,0.702,0.588,7185.2725,8.879788724029156,0.0046207837866791834,0.1285553102478989,0.0010000000000000009,0.0050000000000000044,0.0,-0.0030000000000000027,0.0,0.2945499869034179,0.3094500130965821,0.09743716340398895,Mid,False
Botswana,1999,0.607,0.703,0.592,7876.1387,8.971593050066117,0.09180432603696076,0.1695566720239441,0.0040000000000000036,0.008000000000000007,0.0,0.0,0.0,0.3031814975007175,0.3038185024992825,0.031204076767917865,Mid,False
Botswana,2000,0.607,0.702,0.594,8044.142,8.992699403645732,0.02110635357961499,0.11753146340325493,0.0020000000000000018,0.007000000000000006,0.0,0.0,0.0,0.3236059718492126,0.2833940281507874,-0.04046663291684072,Mid,False
Botswana,2001,0.607,0.702,0.595,8082.8237,8.997496558287267,0.004797154641535073,0.11770783425811082,0.0010000000000000009,0.007000000000000006,0.0,0.0,0.0,0.3095191381700803,0.2974808618299197,-0.011969151266662426,Mid,False
Botswana,2002,0.607,0.702,0.594,8604.067,9.05999027743308,0.06249371914581303,0.0883972273669631,-0.0010000000000000009,0.0020000000000000018,0.0,0.0,0.0,0.3608469904391602,0.2461530095608398,-0.0576654929384427,High,True
Botswana,2003,0.607,0.702,0.602,9042.52,9.109693175601523,0.049702898168442644,0.11699377195579075,0.008000000000000007,0.008000000000000007,0.0,-0.008000000000000007,0.0,0.34061782387668205,0.26638217612331794,-0.017011852027469465,Mid,False
Botswana,2004,0.615,0.713,0.608,9329.509,9.140937666518761,0.031244490917238465,0.14344110823149414,0.006000000000000005,0.013000000000000012,0.0,0.0010000000000000009,0.0,0.34924747528147687,0.2657525247185231,-0.031728337111396554,Mid,False
Botswana,2005,0.619,0.717,0.616,9798.087,9.189942441522234,0.049004775003473,0.1299521640891541,0.008000000000000007,0.02200000000000002,0.0,0.0050000000000000044,0.0,0.36188691828761754,0.25711308171238245,0.010960072151542655,Low,False
Botswana,2006,0.623,0.722,0.627,10665.68,9.274786388835365,0.08484394731313039,0.16509321323384185,0.01100000000000001,0.025000000000000022,0.0,0.009000000000000008,0.0,0.32516502229298694,0.29783497770701306,0.03145280158369512,Low,False
Botswana,2007,0.623,0.72,0.64,11602.068,9.358938637067272,0.08415224823190748,0.21800097054851086,0.013000000000000012,0.03200000000000003,0.0,0.009000000000000008,0.0,0.3504998857459686,0.2725001142540314,0.006747589535508303,Low,False
Botswana,2008,0.617,0.715,0.645,12385.149,9.424253372533368,0.0653147354660959,0.23431093101113376,0.0050000000000000044,0.029000000000000026,0.0,0.008000000000000007,0.0,0.3941460860940942,0.2228539139059058,-0.03425916780647664,Low,False
Botswana,2009,0.614,0.712,0.644,11494.757,9.349646297347913,-0.07460707518545462,0.07485990851254876,-0.0010000000000000009,0.017000000000000015,1.0,0.0050000000000000044,0.0,0.4136689196622517,0.20033108033774827,-0.09750389736926479,Mid,False
Botswana,2010,0.622,0.717,0.652,12544.728,9.437055776620468,0.08740947927255505,0.07811713955319632,0.008000000000000007,0.01200000000000001,0.0,0.03500000000000003,0.0,0.43162188882281805,0.19037811117718195,-0.08212200307684947,Mid,False
Botswana,2011,0.624,0.719,0.661,13376.0,9.501217335324483,0.06416155870401496,0.07696396279111539,0.009000000000000008,0.016000000000000014,0.0,0.04200000000000004,0.0,0.4610076730662117,0.1629923269337883,-0.05986158697211752,Mid,False
Botswana,2012,0.617,0.719,0.667,13134.406,9.482990478409588,-0.018226856914894896,0.13334418106167512,0.006000000000000005,0.02300000000000002,0.0,0.049000000000000044,0.0,0.3935056732853268,0.22349432671467317,0.023163246376924906,Low,False
Botswana,2013,0.609,0.713,0.676,14355.76,9.571906534379078,0.0889160559694897,0.13485075775860977,0.009000000000000008,0.02400000000000002,0.0,0.041000000000000036,0.0,0.36718055163727914,0.24181944836272085,0.05144133718553889,Low,False
Botswana,2014,0.61,0.711,0.685,14929.678,9.611106322986526,0.03919978860744777,0.10988898766204258,0.009000000000000008,0.02400000000000002,0.0,0.04999999999999993,0.0,0.45461488262270644,0.15538511737729355,-0.007607209556494743,Low,False
Botswana,2015,0.587,0.69,0.69,13980.036,9.545385590891781,-0.0657207320947446,0.06239511248219287,0.004999999999999893,0.02299999999999991,1.0,0.10299999999999998,1.0,0.4199771595882671,0.16702284041173288,-0.0564714863029403,Mid,False
Botswana,2016,0.582,0.685,0.696,14752.188,9.599146689749878,0.053761098858096545,0.027240155370799712,0.006000000000000005,0.019999999999999907,0.0,0.10499999999999998,1.0,0.5317083956625314,0.0502916043374686,-0.19152784402525225,Mid,False
Botswana,2017,0.568,0.675,0.704,15121.662,9.623883564327615,0.02473687457773721,0.012777241341089152,0.008000000000000007,0.018999999999999906,0.0,0.10899999999999993,1.0,0.5399714052232795,0.028028594776720483,-0.12735652260057306,Mid,False
Brazil,1996,0.711,0.848,0.671,9124.516,9.118720135948074,0.019122068846170848,0.11095683764103015,0.0050000000000000044,0.017000000000000015,0.0,0.0,0.0,0.36248491478545847,0.3485150852145415,0.04091479715833479,Mid,False
Brazil,1997,0.711,0.848,0.676,9409.946,9.149522493986977,0.030802358038902966,0.08818248750557522,0.0050000000000000044,0.017000000000000015,0.0,0.0,0.0,0.4012925656535239,0.3097074343464761,0.006195805311273783,Mid,False
Brazil,1998,0.711,0.849,0.68,9419.107,9.15049556477528,0.0009730707883033318,0.050897497673377146,0.0040000000000000036,0.014000000000000012,0.0,-0.0020000000000000018,0.0,0.39867701932725097,0.312322980672749,-0.09419348565604507,Mid,False
Brazil,1999,0.713,0.85,0.684,9441.759,9.152897576527147,0.0024020117518670503,0.03417744057907335,0.0040000000000000036,0.013000000000000012,0.0,-0.0040000000000000036,0.0,0.409161511080976,0.303838488919024,-0.04467659629551751,High,False
Brazil,2000,0.717,0.854,0.69,9834.425,9.193644264447029,0.04074668791988145,0.044121770460051835,0.005999999999999894,0.013999999999999901,0.0,0.0,0.0,0.405929229935693,0.31107077006430695,0.0013633357178308714,High,False
Brazil,2001,0.717,0.854,0.694,9953.31,9.205660438149048,0.012016173702019017,0.05516487337376752,0.0040000000000000036,0.013999999999999901,0.0,-0.0040000000000000036,0.0,0.4077575171242461,0.30924248287575384,-0.003080497796995152,Mid,False
Brazil,2002,0.721,0.856,0.7,10245.069,9.234551795643,0.02889135749395244,0.08165421911585291,0.006000000000000005,0.015999999999999903,0.0,-0.0010000000000000009,0.0,0.4143033095228584,0.3066966904771416,0.0028582015581176123,Mid,False
Brazil,2003,0.722,0.855,0.705,10354.596,9.245185758099966,0.010633962456966017,0.051541493652937476,0.0050000000000000044,0.015000000000000013,0.0,0.0,0.0,0.4278129633878739,0.2941870366121261,-0.01688373345218086,Mid,False
Brazil,2004,0.722,0.855,0.712,10949.66,9.301063684534268,0.05587792643430234,0.0954032463852208,0.007000000000000006,0.018000000000000016,0.0,-0.04700000000000004,0.0,0.4361605727700663,0.28583942722993366,-0.02340305564582018,Mid,False
Brazil,2005,0.772,0.867,0.718,11305.771,9.333068582298106,0.03200489776383719,0.09851678665510555,0.006000000000000005,0.018000000000000016,0.0,0.0030000000000000027,0.0,0.43932688134739867,0.33267311865260135,0.025976428175459754,Mid,False
Brazil,2006,0.77,0.868,0.725,11766.605,9.373020713446344,0.03995213114823848,0.127834955346378,0.007000000000000006,0.020000000000000018,0.0,0.0010000000000000009,0.0,0.38373582096646996,0.38626417903353005,0.09207714242140397,Low,False
Brazil,2007,0.769,0.866,0.732,12500.007,9.433484483290236,0.06046376984389212,0.1324207987559678,0.007000000000000006,0.020000000000000018,0.0,0.0,0.0,0.3770100887070643,0.3919899112929357,0.10615048406300204,Low,False
Brazil,2008,0.769,0.866,0.739,13164.012,9.485242021639843,0.051757538349606946,0.15217343934173755,0.007000000000000006,0.02100000000000002,0.0,0.0,0.0,0.37882969014685136,0.39017030985314866,0.057497191200547304,Low,False
Brazil,2009,0.769,0.866,0.742,13180.891,9.486523408199478,0.001281386559634612,0.11350269475313368,0.0030000000000000027,0.017000000000000015,0.0,-0.007000000000000006,0.0,0.4025479739732716,0.36645202602672844,-0.019812153006801614,Mid,False
Brazil,2010,0.776,0.871,0.748,14215.612,9.562096076271251,0.07557266807177321,0.12861159298101477,0.006000000000000005,0.016000000000000014,0.0,0.007000000000000006,0.0,0.44078733748506543,0.3352126625149346,-0.05677724877800111,Mid,False
Brazil,2011,0.781,0.875,0.753,14831.0,9.604474863741963,0.042378787470712,0.11923284210211982,0.0050000000000000044,0.014000000000000012,0.0,0.128,1.0,0.5031816471816651,0.2778183528183349,-0.11235195703481377,Mid,False
Brazil,2012,0.777,0.871,0.758,14985.498,9.614838212431785,0.010363348689821805,0.128314804232307,0.0050000000000000044,0.016000000000000014,0.0,0.136,1.0,0.5172696053630891,0.25973039463691094,-0.1067216313898175,Mid,False
Brazil,2013,0.781,0.873,0.762,15305.414,9.635961900997334,0.021123688565548804,0.07386582472608261,0.0040000000000000036,0.014000000000000012,0.0,0.17300000000000004,1.0,0.47359360219271684,0.3074063978072832,-0.027806264707651407,Mid,False
Brazil,2014,0.783,0.873,0.765,15251.89,9.63245870878255,-0.003503192214783013,0.027983845040587596,0.0030000000000000027,0.01200000000000001,0.0,0.255,1.0,0.4987498253504374,0.28425017464956265,0.0064318218312277575,High,False
Brazil,2015,0.769,0.861,0.764,14583.982,9.587679082128444,-0.04477962665410651,-0.027159130303340717,-0.0010000000000000009,0.006000000000000005,1.0,0.241,1.0,0.42889433681083217,0.34010566318916785,0.0803752685522569,High,False
Brazil,2016,0.653,0.781,0.765,13990.646,9.546144242433341,-0.04153483969510319,-0.08981765856399271,0.0010000000000000009,0.0030000000000000027,1.0,0.125,1.0,0.42269511395055476,0.23030488604944527,-0.07710151175783791,High,True
Brazil,2017,0.641,0.774,0.77,14062.75,9.551284736566531,0.005140494133190288,-0.08117397221601941,0.0050000000000000044,0.0050000000000000044,0.0,0.11299999999999999,1.0,0.44659251151973395,0.19440748848026607,-0.08984268616929658,High,True
Bulgaria,1996,0.597,0.698,0.718,7901.1235,8.974760243533364,-0.08086630674760542,-0.007318954407375955,0.009000000000000008,0.007000000000000006,1.0,0.0020000000000000018,0.0,0.41353031790459843,0.18346968209540154,0.027683115505139022,High,False
Bulgaria,1997,0.609,0.712,0.713,7927.429,8.978084050207148,0.0033238066737837357,-0.03530389386316557,-0.0050000000000000044,0.0,0.0,0.014000000000000012,0.0,0.42903081710274993,0.17996918289725006,0.03962244037577006,High,False
Bulgaria,1998,0.609,0.707,0.723,8322.082,9.026667742894967,0.048583692687818925,-0.02895880738600276,0.010000000000000009,0.014000000000000012,0.0,0.014000000000000012,0.0,0.39512934191045007,0.21387065808954991,0.07991903286543395,High,False
Bulgaria,1999,0.616,0.716,0.728,7921.765,8.977369313515664,-0.04929842937930218,0.0026090699823004826,0.0050000000000000044,0.010000000000000009,1.0,0.02100000000000002,0.0,0.39606756647097435,0.21993243352902564,0.0364627514336241,High,False
Bulgaria,2000,0.617,0.717,0.733,8410.795,9.03727127882033,0.059901965304666405,0.05918722861318315,0.0050000000000000044,0.020000000000000018,0.0,0.02200000000000002,0.0,0.42312310475999565,0.19387689524000434,0.013907712342754286,Mid,False
Bulgaria,2001,0.595,0.692,0.742,8832.291,9.086169716343656,0.048898437523325455,0.05950197344868968,0.009000000000000008,0.019000000000000017,0.0,-0.009000000000000008,0.0,0.4506697622816137,0.14433023771838627,-0.06954042037116365,Mid,False
Bulgaria,2002,0.619,0.721,0.753,9471.766,9.156070652426736,0.06990093608308001,0.17870133891107187,0.01100000000000001,0.025000000000000022,0.0,0.015000000000000013,0.0,0.3916070740371683,0.22739292596283167,0.007460492433806032,Low,False
Bulgaria,2003,0.621,0.721,0.762,10080.783,9.218386217179964,0.06231556475322719,0.18111493835963266,0.009000000000000008,0.029000000000000026,0.0,0.017000000000000015,0.0,0.4378997985352855,0.1831002014647145,-0.010776693775289836,Low,False
Bulgaria,2004,0.623,0.721,0.769,10853.785,9.292269146061582,0.07388292888161807,0.20609942971792528,0.007000000000000006,0.027000000000000024,0.0,0.03600000000000003,0.0,0.40540870135935253,0.21759129864064747,0.0732610609222612,Low,False
Bulgaria,2005,0.604,0.701,0.775,11758.084,9.372296283008803,0.08002713694722097,0.21622563058206623,0.006000000000000005,0.02200000000000002,0.0,0.03600000000000003,0.0,0.4110868045434982,0.19291319545650176,-0.03447973050632991,Low,False
Bulgaria,2006,0.61,0.706,0.779,12706.182,9.449843925665338,0.07754764265653513,0.23145770848537417,0.0040000000000000036,0.017000000000000015,0.0,0.04500000000000004,0.0,0.4229835428220531,0.1870164571779469,0.003916255713232397,Low,False
Bulgaria,2007,0.611,0.705,0.785,13785.228,9.531352863038201,0.08150893737286324,0.23908371697661934,0.006000000000000005,0.016000000000000014,0.0,0.04999999999999993,0.0,0.411827290228597,0.199172709771403,-0.018418588869244468,Low,False
Bulgaria,2008,0.617,0.711,0.791,14761.715,9.599792283816573,0.06843942077837184,0.22749600080777022,0.006000000000000005,0.016000000000000014,0.0,0.07499999999999996,0.0,0.43743532217552217,0.17956467782447783,-0.013348517632023937,Low,False
Bulgaria,2009,0.587,0.691,0.793,14363.259,9.572428766713715,-0.02736351710285767,0.12258484104837741,0.0020000000000000018,0.014000000000000012,1.0,0.04499999999999993,0.0,0.4867785369987159,0.10022146300128404,-0.08679499417666287,Mid,False
Bulgaria,2010,0.568,0.674,0.799,14686.461,9.59468132795876,0.022252561245045044,0.06332846492055921,0.006000000000000005,0.014000000000000012,0.0,0.025999999999999912,0.0,0.5951005717151528,-0.0271005717151529,-0.2262732814865559,Mid,False
Bulgaria,2011,0.565,0.672,0.803,15112.0,9.623244409181346,0.028563081222586106,0.02345212536477348,0.0040000000000000036,0.01200000000000001,0.0,0.02299999999999991,0.0,0.6411247558943262,-0.07612475589432621,-0.25568943371880404,High,True
Bulgaria,2012,0.561,0.664,0.807,15314.524,9.636556938143967,0.013312528962620362,0.06412817143025151,0.0040000000000000036,0.014000000000000012,0.0,0.040000000000000036,0.0,0.6369336651769748,-0.07593366517697475,-0.1761551281782588,Mid,False
Bulgaria,2013,0.542,0.657,0.815,15314.154,9.63653277778027,-2.416036369723429e-05,0.041851449821509235,0.007999999999999896,0.015999999999999903,0.0,0.03400000000000003,0.0,0.6190295371119514,-0.07702953711195137,-0.049928965396798475,Mid,False
Bulgaria,2014,0.561,0.673,0.819,15550.346,9.651838168163692,0.015305390383423045,0.028593758982346174,0.0040000000000000036,0.015999999999999903,0.0,0.05500000000000005,0.0,0.6340934043751169,-0.0730934043751168,0.003031351519209413,Mid,False
Bulgaria,2015,0.566,0.671,0.824,16186.409,9.69192721848717,0.04008905032347698,0.05537028034320279,0.0050000000000000044,0.016999999999999904,0.0,0.06499999999999995,0.0,0.5932256965819419,-0.02722569658194196,0.04870796859503279,Mid,False
Bulgaria,2016,0.561,0.667,0.827,16795.824,9.72888556306378,0.03695834457661107,0.0923527852835111,0.0030000000000000027,0.01200000000000001,0.0,0.06000000000000005,0.0,0.5344907928421369,0.0265092071578632,0.10353874426981458,Mid,False
Bulgaria,2017,0.521,0.624,0.829,17386.271,9.763436150771643,0.034550587707862235,0.11159798260795029,0.0020000000000000018,0.010000000000000009,0.0,0.020000000000000018,0.0,0.5234512865122074,-0.0024512865122073846,0.07064211786290941,Mid,False
Burkina Faso,2011,0.354,0.561,0.389,1344.0,7.203405521083095,0.013334417235310703,0.021468616965195864,0.01200000000000001,0.03200000000000003,0.0,0.04799999999999999,0.0,0.2502607911306229,0.1037392088693771,-0.017932270278356255,Mid,False
Burkina Faso,2012,0.358,0.571,0.398,1387.6171,7.23534323845581,0.03193771737271511,0.07498829080148184,0.009000000000000008,0.03200000000000003,0.0,0.05199999999999999,0.0,0.2507643600303738,0.1072356399696262,0.014945289762824027,Low,False
Burkina Faso,2013,0.405,0.598,0.405,1424.2133,7.261374870080463,0.026031631624652718,0.07130376623267853,0.007000000000000006,0.028000000000000025,0.0,0.09900000000000003,0.0,0.23956083903414285,0.16543916096585717,0.07383945626148378,Mid,False
Burkina Faso,2014,0.417,0.569,0.409,1443.2963,7.274684873800634,0.013310003720171437,0.07127935271753927,0.003999999999999948,0.019999999999999962,0.0,0.11099999999999999,1.0,0.22042567375833744,0.19657432624166254,0.09283511737228545,Mid,False
Burkina Faso,2015,0.306,0.376,0.419,1456.9303,7.284086967027594,0.009402093226960062,0.04874372857178422,0.010000000000000009,0.020999999999999963,0.0,-0.17099999999999999,0.0,0.20588324405896116,0.10011675594103883,-0.0071188840285873745,Mid,False
Burkina Faso,2016,0.504,0.683,0.427,1500.0236,7.313236120299867,0.02914915327227252,0.05186125021940402,0.008000000000000007,0.021999999999999964,0.0,0.04799999999999999,0.0,0.2151706259378616,0.2888293740621384,0.1233902130962812,Mid,False
Burkina Faso,2017,0.511,0.683,0.438,1548.481,7.3450297293993305,0.031793609099463715,0.0703448555986963,0.01100000000000001,0.029000000000000026,0.0,0.28700000000000003,1.0,0.23179605136359518,0.27920394863640485,0.08262962239474231,Mid,False
Burundi,1996,0.155,0.224,0.292,824.5116,6.714791211033492,-0.12490261255901647,-0.26585703084890433,-0.0020000000000000018,0.02699999999999997,1.0,0.008000000000000007,0.0,0.20893507164774677,-0.053935071647746774,-0.031230260363284468,Mid,False
Burundi,1997,0.149,0.188,0.297,800.27203,6.6849517073682785,-0.029839503665213485,-0.2788449061974818,0.0050000000000000044,-0.0010000000000000009,1.0,0.0020000000000000018,0.0,0.14712980684890725,0.0018701931510927416,-0.006556127233275033,High,False
Burundi,1998,0.148,0.183,0.303,808.3241,6.694963091957822,0.01001138458954376,-0.1447307316346862,0.006000000000000005,0.009000000000000008,0.0,0.0010000000000000009,0.0,0.14360535064213378,0.004394649357866209,-0.026078155110322465,High,False
Burundi,1999,0.148,0.185,0.306,772.3172,6.649395346465378,-0.04556774549244391,-0.06539586456811364,0.0030000000000000027,0.014000000000000012,1.0,0.0010000000000000009,0.0,0.23425886928755354,-0.08625886928755355,-0.03232379763980678,High,False
Burundi,2000,0.147,0.187,0.308,739.7609,6.606327025879436,-0.043068320585942566,-0.07862468148884272,0.0020000000000000018,0.01100000000000001,1.0,-0.0010000000000000009,0.0,0.2242099106719106,-0.0772099106719106,-0.07908010382300334,High,True
Burundi,2001,0.149,0.188,0.311,730.4278,6.593630389892699,-0.012696635986737093,-0.10133270206512357,0.0030000000000000027,0.008000000000000007,0.0,0.0010000000000000009,0.0,0.22495379730385184,-0.07595379730385185,-0.08034844666171806,High,True
Burundi,2002,0.149,0.202,0.324,737.286,6.602975876615137,0.009345486722438068,-0.04641946985024159,0.013000000000000012,0.018000000000000016,0.0,0.0010000000000000009,0.0,0.2034324652236144,-0.05443246522361442,0.031826404063939134,High,False
Burundi,2003,0.151,0.209,0.332,703.5615,6.556155292776179,-0.04682058383895793,-0.050171733103256955,0.008000000000000007,0.02400000000000002,1.0,0.0030000000000000027,0.0,0.20276785605069939,-0.05176785605069939,0.025442054621211213,Mid,False
Burundi,2004,0.151,0.208,0.344,709.7372,6.56489476067126,0.008739467895081177,-0.028735629221438685,0.011999999999999955,0.032999999999999974,0.0,0.0030000000000000027,0.0,0.20769787692808994,-0.056697876928089946,0.019255920375761904,Mid,False
Burundi,2005,0.148,0.299,0.352,691.61975,6.539036310370739,-0.025858450300520808,-0.06393956624439756,0.008000000000000007,0.02799999999999997,1.0,0.0040000000000000036,0.0,0.21409400729484596,-0.06609400729484596,-0.011661542071231545,Mid,False
Burundi,2006,0.186,0.418,0.376,703.36096,6.5558702166514315,0.016833906280692368,-0.0002850761247472633,0.02400000000000002,0.043999999999999984,0.0,0.05299999999999999,0.0,0.1470755618014902,0.0389244381985098,0.09069229424920919,Mid,False
Burundi,2007,0.183,0.413,0.389,700.95874,6.552449026529163,-0.0034211901222684915,-0.012445734142096931,0.013000000000000012,0.04500000000000004,0.0,0.04999999999999999,0.0,0.1879222766986915,-0.004922276698691497,0.05177560022939845,Mid,False
Burundi,2008,0.178,0.405,0.401,708.6786,6.563402109226532,0.010953082697368721,0.024365798855792598,0.01200000000000001,0.049000000000000044,0.0,0.06899999999999999,0.0,0.17136989328941543,0.00663010671058456,0.07272411400543052,Mid,False
Burundi,2009,0.175,0.397,0.409,709.0326,6.563901505728947,0.0004993965024153724,0.008031289077515602,0.007999999999999952,0.032999999999999974,0.0,0.07399999999999998,0.0,0.2060529885392598,-0.031052988539259807,-0.0699774267377696,Mid,False
Burundi,2010,0.144,0.323,0.416,717.6115,6.575928336257203,0.012026830528255594,0.023479309728039688,0.007000000000000006,0.02699999999999997,0.0,0.08099999999999999,0.0,0.2501522447011115,-0.10615224470111154,-0.10122996800242004,Mid,False
Burundi,2011,0.133,0.287,0.42,719.0,6.577861357721047,0.00193302146384422,0.014459248494515187,0.0040000000000000036,0.01899999999999996,0.0,0.08700000000000001,0.0,0.24213404800419433,-0.10913404800419432,-0.11576415471477888,Mid,False
Burundi,2012,0.134,0.287,0.425,727.0,6.588926477533519,0.011065119812472268,0.025024971804572083,0.0050000000000000044,0.016000000000000014,0.0,0.08900000000000001,0.0,0.23787214533700943,-0.10387214533700942,-0.07281915679774961,Mid,False
Burundi,2013,0.109,0.278,0.428,738.0,6.6039438246004725,0.015017347066953235,0.028015488343269723,0.0030000000000000027,0.01200000000000001,0.0,0.065,0.0,0.24859542287728106,-0.13959542287728105,-0.033443178176169513,High,False
Burundi,2014,0.101,0.27,0.431,748.0,6.617402977974478,0.013459153374005162,0.039541620253430665,0.0030000000000000027,0.01100000000000001,0.0,0.05700000000000001,0.0,0.23702756644472386,-0.13602756644472386,-0.026893518440529535,High,False
Burundi,2015,0.063,0.196,0.432,694.0,6.542471960506805,-0.07493101746767294,-0.04645451702671455,0.0010000000000000009,0.007000000000000006,1.0,0.019000000000000003,0.0,0.13951086411476102,-0.07651086411476102,0.0273612812222484,High,False
Burundi,2016,0.046,0.166,0.436,704.635,6.557679938247105,0.015207977740300471,-0.04626388635336731,0.0040000000000000036,0.008000000000000007,0.0,0.0020000000000000018,0.0,0.1680962963974146,-0.12209629639741461,0.017499126479866442,High,False
Burundi,2017,0.045,0.157,0.434,715.09454,6.5724147577294385,0.01473481948233335,-0.04498822024503912,-0.0020000000000000018,0.0030000000000000027,0.0,0.0010000000000000009,0.0,0.23577022216234925,-0.19077022216234923,-0.05474265571762538,High,True
Cambodia,1996,0.14,0.365,0.408,1450.5251,7.27968090778954,0.007778124124412145,0.04673645001127191,0.003999999999999948,0.008999999999999952,0.0,0.016000000000000014,0.0,0.21370040007698649,-0.07370040007698647,0.01952879647105503,High,False
Cambodia,1997,0.137,0.365,0.414,1466.3667,7.290542987593345,0.010862079803804825,0.03462429519543875,0.006000000000000005,0.013999999999999957,0.0,0.013000000000000012,0.0,0.23807461457372137,-0.10107461457372136,-0.03880176019528234,High,False
Cambodia,1998,0.132,0.347,0.419,1476.296,7.297291527059978,0.006748539466633119,0.02538874339485009,0.0050000000000000044,0.014999999999999958,0.0,0.008000000000000007,0.0,0.24660820697548194,-0.11460820697548194,-0.03859951774656059,High,False
Cambodia,1999,0.125,0.321,0.429,1586.2104,7.369103054177971,0.0718115271179931,0.08942214638843105,0.010000000000000009,0.02100000000000002,0.0,0.0010000000000000009,0.0,0.19125593333064547,-0.06625593333064547,0.007444466746341,Mid,False
Cambodia,2000,0.124,0.318,0.438,1659.0891,7.414023995800713,0.04492094162274185,0.12348100820736807,0.009000000000000008,0.02400000000000002,0.0,0.0010000000000000009,0.0,0.20418435806150842,-0.08018435806150842,0.020890256512212935,Low,False
Cambodia,2001,0.126,0.317,0.453,1726.4713,7.453834893465699,0.03981089766498602,0.15654336640572097,0.015000000000000013,0.03400000000000003,0.0,0.0030000000000000027,0.0,0.24251803948414022,-0.11651803948414022,-0.0019098325086582824,Low,False
Cambodia,2002,0.124,0.317,0.473,1770.9572,7.479275470353593,0.025440576887893585,0.11017241617562146,0.019999999999999962,0.043999999999999984,0.0,0.0010000000000000009,0.0,0.2014550357018465,-0.0774550357018465,-0.01119910237120103,Low,False
Cambodia,2003,0.126,0.321,0.488,1850.2043,7.523051344407591,0.04377587405399819,0.1090273486068778,0.015000000000000013,0.04999999999999999,0.0,0.0050000000000000044,0.0,0.2883088659083992,-0.1623088659083992,-0.08212450784689079,Low,False
Cambodia,2004,0.126,0.324,0.502,1965.8787,7.583694599922681,0.060643255515089756,0.12985970645698153,0.014000000000000012,0.04899999999999999,0.0,0.008000000000000007,0.0,0.2826513926209803,-0.15665139262098032,-0.040133353136840105,Low,False
Cambodia,2005,0.123,0.32,0.514,2144.845,7.670822567678899,0.087127967756218,0.19154709732530595,0.01200000000000001,0.041000000000000036,0.0,0.0050000000000000044,0.0,0.22090163865641319,-0.09790163865641319,-0.020446602954566684,Low,False
Cambodia,2006,0.123,0.32,0.525,2286.3848,7.734727159147907,0.06390459146900795,0.21167581474031572,0.01100000000000001,0.03700000000000003,0.0,0.0050000000000000044,0.0,0.22411685233445514,-0.10111685233445514,0.061192013573944076,Low,False
Cambodia,2007,0.123,0.319,0.534,2422.7566,7.79266126178802,0.05793410264011367,0.20896666186533963,0.009000000000000008,0.03200000000000003,0.0,0.0050000000000000044,0.0,0.22471922111222775,-0.10171922111222775,0.05493217150875257,Low,False
Cambodia,2008,0.121,0.316,0.539,2482.0068,7.816822705486827,0.024161443698806906,0.14600013780792853,0.0050000000000000044,0.025000000000000022,0.0,0.006999999999999992,0.0,0.29306234472133197,-0.17206234472133197,-0.07416070606491879,Low,False
Cambodia,2009,0.118,0.308,0.539,2433.3062,7.797006187721272,-0.019816517765555375,0.0622790285733652,0.0,0.014000000000000012,0.0,0.00399999999999999,0.0,0.3582165847882497,-0.2402165847882497,-0.13909973245379456,Mid,False
Cambodia,2010,0.118,0.308,0.543,2426.687,7.794282231608396,-0.0027239561128755696,0.0016209698203759615,0.0040000000000000036,0.009000000000000008,0.0,0.00399999999999999,0.0,0.35537460111273633,-0.23737460111273634,-0.13565538000050859,High,True
Cambodia,2011,0.118,0.308,0.547,2496.0,7.822444729489319,0.028162497880922288,0.005622024002491344,0.0040000000000000036,0.008000000000000007,0.0,0.015,0.0,0.3559922410453497,-0.23799224104534972,-0.06592989632401774,High,True
Cambodia,2012,0.118,0.305,0.551,2649.3062,7.882053073380947,0.059608343891627946,0.08504688565967466,0.0040000000000000036,0.01200000000000001,0.0,0.039999999999999994,0.0,0.33806835493035486,-0.22006835493035487,0.020148229857894828,Mid,False
Cambodia,2013,0.114,0.297,0.554,2813.6704,7.9422451021717375,0.060192028790790886,0.14796287056334112,0.0030000000000000027,0.01100000000000001,0.0,0.044,0.0,0.24742695409917048,-0.1334269540991705,0.10394764701356585,Mid,False
Cambodia,2014,0.114,0.293,0.557,2982.7285,8.000593764616612,0.05834866244487458,0.1781490351272934,0.0030000000000000027,0.010000000000000009,0.0,0.048,0.0,0.22626440061404862,-0.11226440061404862,0.12572784043130109,Mid,False
Cambodia,2015,0.115,0.291,0.562,3149.8743,8.055117826261558,0.05452406164494583,0.1730647528806113,0.0050000000000000044,0.01100000000000001,0.0,0.052000000000000005,0.0,0.24690130425023255,-0.13190130425023255,0.08816705068012232,Mid,False
Cambodia,2016,0.103,0.275,0.57,3312.0815,8.105332122690314,0.050214296428755745,0.16308702051857615,0.007999999999999896,0.015999999999999903,0.0,0.044,0.0,0.24390832337486415,-0.14090832337486414,-0.00748136927569365,Mid,False
Cambodia,2017,0.078,0.234,0.578,3488.5952,8.15725441267298,0.05192228998266657,0.15666064805636815,0.008000000000000007,0.020999999999999908,0.0,0.019000000000000003,0.0,0.2605032510326064,-0.1825032510326064,-0.07023885041855778,Low,False
Cameroon,1996,0.144,0.287,0.432,1710.106,7.444310635879604,0.036603680787355763,0.01946539513179335,-0.0010000000000000009,-0.0040000000000000036,0.0,0.0,0.0,0.2370329787242214,-0.09303297872422142,-0.14861983094639059,High,True
Cameroon,1997,0.144,0.289,0.432,1780.4967,7.484647649304152,0.04033701342454776,0.09718763682203413,0.0,-0.0020000000000000018,0.0,-0.0030000000000000027,0.0,0.2230130366278535,-0.0790130366278535,-0.13035086663121426,High,True
Cameroon,1998,0.147,0.292,0.433,1847.2189,7.521436489689978,0.036788840385826305,0.11372953459772983,0.0010000000000000009,0.0,0.0,0.0,0.0,0.21557737208215544,-0.06857737208215545,-0.015823374574567783,Mid,False
Cameroon,1999,0.147,0.292,0.434,1902.266,7.5508010861133865,0.029364596423408607,0.10649045023378267,0.0010000000000000009,0.0020000000000000018,0.0,-0.009000000000000008,0.0,0.26900618055541603,-0.12200618055541604,-0.028973201831194617,High,False
Cameroon,2000,0.157,0.304,0.439,1961.0879,7.58125464926113,0.030453563147743168,0.09660699995697808,0.0050000000000000044,0.007000000000000006,0.0,0.0020000000000000018,0.0,0.29132803424949033,-0.13432803424949033,-0.05531499762163683,Mid,False
Cameroon,2001,0.156,0.304,0.458,2028.5474,7.615075249393463,0.03382060013233357,0.09363875970348534,0.019000000000000017,0.025000000000000022,0.0,0.0010000000000000009,0.0,0.29117501905321563,-0.13517501905321563,-0.06659764697106019,Low,False
Cameroon,2002,0.156,0.306,0.458,2084.9207,7.642486099936466,0.02741085054300285,0.09168501382307959,0.0,0.02400000000000002,0.0,0.0030000000000000027,0.0,0.31041665122808976,-0.15441665122808976,-0.03241047067267372,Mid,False
Cameroon,2003,0.157,0.309,0.465,2143.98,7.670419193788974,0.027933093852507973,0.08916454452784439,0.007000000000000006,0.026000000000000023,0.0,0.0040000000000000036,0.0,0.35473481033590265,-0.19773481033590265,-0.06340677608641232,Low,False
Cameroon,2004,0.158,0.312,0.47,2198.236,7.695410499536455,0.024991305747480652,0.08033525014299148,0.004999999999999949,0.011999999999999955,0.0,0.0050000000000000044,0.0,0.32487201074023625,-0.16687201074023625,-0.031696991687020615,Mid,False
Cameroon,2005,0.155,0.315,0.472,2222.911,7.706572877175331,0.011162377638876286,0.06408677723886491,0.0020000000000000018,0.013999999999999957,0.0,0.0020000000000000018,0.0,0.33291915063032707,-0.17791915063032707,-0.02350249940223731,Mid,False
Cameroon,2006,0.155,0.315,0.473,2269.518,7.727322753127461,0.020749875952129848,0.05690355933848679,0.0010000000000000009,0.007999999999999952,0.0,0.0020000000000000018,0.0,0.3227668490238601,-0.1677668490238601,0.029967961312042546,High,False
Cameroon,2007,0.153,0.314,0.485,2315.607,7.747427135174887,0.020104382047426483,0.05201663563843262,0.01200000000000001,0.015000000000000013,0.0,0.0,0.0,0.3649726693535795,-0.21197266935357953,-0.04510065861334328,Mid,False
Cameroon,2008,0.153,0.311,0.501,2352.7996,7.76336121722957,0.01593408205468272,0.05678834005423905,0.016000000000000014,0.029000000000000026,0.0,0.0030000000000000027,0.0,0.3281400199866685,-0.17514001998666848,0.0027791306436585894,Mid,False
Cameroon,2009,0.154,0.311,0.516,2370.1306,7.770700338096157,0.007339120866586946,0.04337758496869615,0.015000000000000013,0.04300000000000004,0.0,0.0040000000000000036,0.0,0.25585484887744064,-0.10185484887744065,0.06591200014641946,Mid,False
Cameroon,2010,0.154,0.314,0.529,2420.1328,7.791577693678155,0.020877355581998103,0.04415055850326777,0.013000000000000012,0.04400000000000004,0.0,0.0040000000000000036,0.0,0.26553107879731763,-0.11153107879731763,0.1004415905562619,Mid,False
Cameroon,2011,0.155,0.317,0.538,2494.0,7.821643126239982,0.03006543256182681,0.05828190901041186,0.009000000000000008,0.03700000000000003,0.0,0.015999999999999986,0.0,0.2704223751338743,-0.1154223751338743,0.05971764485279418,Mid,False
Cameroon,2012,0.159,0.321,0.549,2536.5469,7.838558946881144,0.01691582064116215,0.06785860878498706,0.01100000000000001,0.03300000000000003,0.0,0.027999999999999997,0.0,0.32692974693567883,-0.16792974693567883,-0.06607489805823819,Low,False
Cameroon,2013,0.15,0.319,0.558,2590.71,7.859687248400602,0.021128301519458326,0.06810955472244729,0.009000000000000008,0.029000000000000026,0.0,0.03,0.0,0.3751060936147407,-0.22510609361474068,-0.11357501481742305,Mid,False
Cameroon,2014,0.152,0.326,0.566,2657.403,7.885104609079578,0.025417360678975598,0.06346148283959607,0.007999999999999896,0.027999999999999914,0.0,0.03599999999999999,0.0,0.3510227593945319,-0.19902275939453193,-0.08360038426065763,Mid,False
Cameroon,2015,0.152,0.324,0.575,2718.3054,7.907763950429854,0.02265934135027603,0.06920500354870995,0.009000000000000008,0.025999999999999912,0.0,0.03599999999999999,0.0,0.37868799366366995,-0.22668799366366996,-0.058758246727991126,Mid,False
Cameroon,2016,0.139,0.307,0.579,2758.029,7.922271573163811,0.014507622733956893,0.06258432476320852,0.0040000000000000036,0.020999999999999908,0.0,0.023000000000000007,0.0,0.39620446384754227,-0.25720446384754225,-0.03209837023280157,Mid,False
Cameroon,2017,0.131,0.298,0.581,2779.5483,7.930043711468661,0.007772138304850351,0.044939102389083274,0.0020000000000000018,0.015000000000000013,0.0,0.015,0.0,0.3713909028725267,-0.24039090287252668,-0.04136814347799475,Mid,False
Canada,1996,0.765,0.846,0.884,31594.242,10.360730167781925,0.008375802931540832,0.0632573490967836,0.0030000000000000027,0.013000000000000012,0.0,0.013000000000000012,0.0,0.7692220351618964,-0.0042220351618963425,-0.024234236597184378,Mid,False
Canada,1997,0.76,0.84,0.884,32709.691,10.39542667383541,0.034696506053483844,0.06191727975059891,0.0,0.007000000000000006,0.0,0.014000000000000012,0.0,0.7609236778300212,-0.00092367783002123,-0.010376071483939597,High,False
Canada,1998,0.756,0.836,0.883,33785.746,10.427794276547589,0.03236760271217953,0.07543991169720421,-0.0010000000000000009,0.0020000000000000018,0.0,0.010000000000000009,0.0,0.7362601527442908,0.01973984725570921,-0.0020452793361522836,High,False
Canada,1999,0.756,0.836,0.888,35345.723,10.472932673905817,0.04513839735822778,0.11220250612389115,0.0050000000000000044,0.0040000000000000036,0.0,0.010000000000000009,0.0,0.7231677792105594,0.03283222078944059,0.037054255951336934,Mid,False
Canada,2000,0.756,0.836,0.894,36942.562,10.5171196070602,0.04418693315438382,0.12169293322479113,0.006000000000000005,0.010000000000000009,0.0,0.010000000000000009,0.0,0.7661764783497744,-0.01017647834977442,-0.00925280051975319,Mid,False
Canada,2001,0.752,0.832,0.897,37307.207,10.526941804126054,0.009822197065853189,0.09914752757846479,0.0030000000000000027,0.014000000000000012,0.0,0.006000000000000005,0.0,0.7286311178345605,0.02336888216543953,0.003629034909730322,Mid,False
Canada,2002,0.746,0.825,0.899,38123.99,10.54859902175552,0.02165721762946582,0.07566634784970283,0.0020000000000000018,0.01100000000000001,0.0,0.0,0.0,0.7649075211948307,-0.018907521194830745,-0.05173974198427134,Mid,False
Canada,2003,0.746,0.825,0.902,38559.977,10.559970152251275,0.01137113049575511,0.04285054519107412,0.0030000000000000027,0.008000000000000007,0.0,-0.0050000000000000044,0.0,0.7736835855476106,-0.027683585547610634,-0.017507107197836214,High,False
Canada,2004,0.751,0.825,0.906,39491.57,10.583842510390891,0.023872358139616523,0.05690070626483745,0.0040000000000000036,0.009000000000000008,0.0,0.0,0.0,0.7783753129213319,-0.027375312921331885,-0.050744195086771415,High,True
Canada,2005,0.751,0.824,0.909,40485.02,10.60868730813022,0.024844797739328683,0.06008828637470032,0.0030000000000000027,0.010000000000000009,0.0,-0.0020000000000000018,0.0,0.7860378510820206,-0.03503785108202062,-0.016130329887189876,High,False
Canada,2006,0.757,0.83,0.913,41247.15,10.62733729846685,0.018649990336630395,0.0673671462155756,0.0040000000000000036,0.01100000000000001,0.0,0.017000000000000015,0.0,0.769342086479405,-0.012342086479405046,0.015341499068205589,Mid,False
Canada,2007,0.759,0.832,0.914,41806.863,10.640815791638573,0.013478493171723116,0.056973281247682195,0.0010000000000000009,0.008000000000000007,0.0,0.02100000000000002,0.0,0.7926019265605349,-0.033601926560534845,-0.00622661363920296,High,False
Canada,2008,0.753,0.827,0.916,41896.426,10.642955803942764,0.002140012304190364,0.034268495812543875,0.0020000000000000018,0.007000000000000006,0.0,0.015000000000000013,0.0,0.8039717954287732,-0.05097179542877317,-0.01593394434675255,High,False
Canada,2009,0.753,0.826,0.915,40312.62,10.604419850277884,-0.03853595366487994,-0.02291744818896646,-0.0010000000000000009,0.0020000000000000018,1.0,0.015000000000000013,0.0,0.7509319175313224,0.0020680824686776234,0.014410168948082669,High,False
Canada,2010,0.755,0.826,0.918,41209.426,10.626422295577767,0.022002445299882822,-0.014393496060806754,0.0030000000000000027,0.0040000000000000036,0.0,0.020000000000000018,0.0,0.7876706467408284,-0.032670646740828424,0.0009312798197064209,High,False
Canada,2011,0.74,0.811,0.921,42197.0,10.650104407449692,0.023682111871925926,0.007148603506928808,0.0030000000000000027,0.0050000000000000044,0.0,0.0050000000000000044,0.0,0.8193633253519388,-0.0793633253519388,-0.028391529923165626,High,False
Canada,2012,0.738,0.81,0.927,42476.344,10.656702588181968,0.006598180732275694,0.05228273790408444,0.006000000000000005,0.01200000000000001,0.0,0.0030000000000000027,0.0,0.7936866069079312,-0.05568660690793126,-0.05775468937660888,High,True
Canada,2013,0.742,0.817,0.93,43008.83,10.669160722431723,0.012458134249754949,0.04273842685395657,0.0030000000000000027,0.01200000000000001,0.0,0.007000000000000006,0.0,0.7954047185099418,-0.05340471850994177,-0.02073407176911335,High,False
Canada,2014,0.742,0.814,0.932,43800.64,10.687403708129931,0.01824298569820826,0.0372993006802389,0.0020000000000000018,0.01100000000000001,0.0,0.007000000000000006,0.0,0.8135522654998922,-0.07155226549989224,0.0078110598520465535,High,False
Canada,2015,0.735,0.807,0.932,43761.527,10.68651033136822,-0.0008933767617111954,0.02980774318625201,0.0,0.0050000000000000044,0.0,-0.010000000000000009,0.0,0.8279714443652285,-0.09297144436522853,-0.03728483745729727,High,False
Canada,2016,0.762,0.834,0.933,43702.08,10.685150977204973,-0.0013593541632470618,0.01599025477325,0.0010000000000000009,0.0030000000000000027,0.0,0.017000000000000015,0.0,0.8375108723418893,-0.07551087234188925,-0.022106153831947473,High,False
Canada,2017,0.769,0.839,0.935,44493.652,10.703101806293219,0.017950829088245968,0.01569809816328771,0.0020000000000000018,0.0030000000000000027,0.0,0.02400000000000002,0.0,0.8262492206865999,-0.05724922068659988,0.014303044813292365,High,False
Cape Verde,2006,0.693,0.778,0.631,5140.8706,8.54497772153838,0.09833661655317982,0.2055988278864067,0.015000000000000013,0.025000000000000022,0.0,-0.0020000000000000018,0.0,0.15727211581342782,0.5357278841865721,0.10216559530457969,Low,False
Cape Verde,2007,0.696,0.781,0.636,5597.85,8.63013787443237,0.08516015289398915,0.24806483419226666,0.0050000000000000044,0.026000000000000023,0.0,0.0010000000000000009,0.0,0.16032054520740296,0.5356794547925969,0.0908126559177429,Low,False
Cape Verde,2008,0.697,0.782,0.643,5985.107,8.697029495860669,0.06689162142829908,0.25038839087546805,0.007000000000000006,0.027000000000000024,0.0,0.0020000000000000018,0.0,0.19349923010252876,0.5035007698974712,0.05871470530795203,Low,False
Cape Verde,2009,0.697,0.782,0.644,5926.5063,8.68719016154101,-0.009839334319659443,0.14221244000262878,0.0010000000000000009,0.013000000000000012,0.0,0.0020000000000000018,0.0,0.24720718588851923,0.44979281411148075,-0.08593507007509138,Mid,False
Cape Verde,2010,0.695,0.779,0.648,6033.72,8.705119014930023,0.017928853389014066,0.0749811404976537,0.0040000000000000036,0.01200000000000001,0.0,-0.007000000000000006,0.0,0.3089481973749065,0.3860518026250935,-0.14962765216750346,Mid,False
Cape Verde,2011,0.702,0.788,0.654,6295.0,8.747510946478448,0.042391931548424466,0.05048145061777909,0.006000000000000005,0.01100000000000001,0.0,0.0,0.0,0.32144238257488866,0.3805576174251113,-0.12294315247235987,High,True
Cape Verde,2012,0.702,0.788,0.655,6273.0,8.744009988096744,-0.0035009583817036116,0.05681982655573492,0.0010000000000000009,0.01100000000000001,0.0,-0.0050000000000000044,0.0,0.32079029389247155,0.3812097061075284,-0.06858310800395234,High,True
Cape Verde,2013,0.708,0.794,0.66,6234.0,8.737773460327283,-0.006236527769461375,0.03265444539725948,0.0050000000000000044,0.01200000000000001,0.0,0.007000000000000006,0.0,0.3165563849911122,0.39144361500888775,0.00539181238379427,High,False
Cape Verde,2014,0.707,0.794,0.659,6262.0,8.742254901886351,0.0044814415590686,-0.005256044592096387,-0.0010000000000000009,0.0050000000000000044,0.0,0.006000000000000005,0.0,0.31390123112840007,0.3930987688715999,0.012541151446488596,High,False
Cape Verde,2015,0.707,0.795,0.658,6266.0,8.742893471512136,0.0006385696257851237,-0.001116516584607652,-0.0010000000000000009,0.0030000000000000027,0.0,0.006000000000000005,0.0,0.31291976322993814,0.3940802367700618,0.012870530662533408,High,False
Cape Verde,2016,0.713,0.8,0.661,6461.3506,8.773593646131738,0.03070017461960184,0.03582018580445556,0.0030000000000000027,0.0010000000000000009,0.0,0.03699999999999992,0.0,0.34976332214699274,0.36323667785300723,-0.028206937155880518,High,False
Cape Verde,2017,0.707,0.797,0.663,6676.986,8.806421967105633,0.032828320973894876,0.06416706521928184,0.0020000000000000018,0.0040000000000000036,0.0,0.05599999999999994,0.0,0.3430876457045597,0.3639123542954403,-0.029186414576159614,High,False
Central African Republic,1996,0.22,0.352,0.323,885.8864,6.7865887256803274,-0.09948994399767752,-0.051880996129438195,-0.0030000000000000027,0.0020000000000000018,1.0,0.0030000000000000027,0.0,0.18502466561109226,0.034975334388907736,0.024794397959831904,High,False
Central African Republic,1997,0.22,0.352,0.325,917.48,6.821630781326015,0.03504205564568785,-0.03695253060924664,0.0020000000000000018,0.0020000000000000018,0.0,0.0030000000000000027,0.0,0.21574276009177565,0.004257239908224353,-0.03269241591216829,High,False
Central African Republic,1998,0.22,0.352,0.328,936.2383,6.841870038091129,0.02023925676511329,-0.04420863158687638,0.0030000000000000027,0.0020000000000000018,0.0,0.10200000000000001,1.0,0.2096443246064075,0.0103556753935925,0.03140366804285019,High,False
Central African Republic,1999,0.217,0.346,0.332,967.8432,6.875070090684764,0.03320005259363512,0.08848136500443626,0.0040000000000000036,0.009000000000000008,0.0,0.126,1.0,0.2415042697298101,-0.024504269729810096,-0.05947960411871783,Mid,False
Central African Republic,2000,0.217,0.341,0.333,963.94617,6.871035452802459,-0.00403463788230507,0.04940467147644334,0.0010000000000000009,0.008000000000000007,0.0,0.126,1.0,0.25025904865127424,-0.03325904865127424,-0.037516288559498595,High,False
Central African Republic,2001,0.217,0.341,0.335,952.5118,6.859102495375564,-0.01193295742689493,0.01723245728443512,0.0020000000000000018,0.007000000000000006,0.0,0.126,1.0,0.2587229490472873,-0.04172294904728732,-0.05207862444087982,High,True
Central African Republic,2002,0.217,0.341,0.337,928.77167,6.833862928195842,-0.025239567179721867,-0.04120716248892187,0.0020000000000000018,0.0050000000000000044,1.0,0.126,1.0,0.18918784632229954,0.027812153677700457,0.052316423407510554,High,False
Central African Republic,2003,0.118,0.245,0.338,845.50555,6.739934732480308,-0.09392819571553357,-0.13110072032215037,0.0010000000000000009,0.0050000000000000044,1.0,0.026999999999999996,0.0,0.09888665112306587,0.019113348876934125,0.05237239752820837,High,False
Central African Republic,2004,0.091,0.221,0.342,853.182,6.748972889328236,0.009038156847927858,-0.11012960604732758,0.0040000000000000036,0.007000000000000006,0.0,-0.08299999999999999,0.0,0.20167201367051357,-0.11067201367051357,-0.06894906462322625,High,True
Central African Republic,2005,0.174,0.294,0.346,858.5237,6.755214286246525,0.006241396918288622,-0.07864864194931709,0.003999999999999948,0.008999999999999952,0.0,-0.009000000000000008,0.0,0.21969781579899092,-0.04569781579899093,-0.07350996947669139,High,True
Central African Republic,2006,0.191,0.342,0.35,881.48517,6.781608178100264,0.02639389185373897,0.04167344561995545,0.0040000000000000036,0.011999999999999955,0.0,0.009000000000000008,0.0,0.2771273992366528,-0.0861273992366528,-0.10524074811358693,High,True
Central African Republic,2007,0.191,0.342,0.356,897.47833,6.799588975224146,0.01798079712388212,0.05061608589590971,0.006000000000000005,0.013999999999999957,0.0,0.04100000000000001,0.0,0.280453690767221,-0.08945369076722098,0.02121832290329259,Mid,False
Central African Republic,2008,0.191,0.342,0.362,901.8513,6.804449650596569,0.00486067537242274,0.04923536435004383,0.006000000000000005,0.016000000000000014,0.0,0.04100000000000001,0.0,0.3189091024126871,-0.1279091024126871,-0.08221128661369617,Mid,False
Central African Republic,2010,0.193,0.343,0.358,910.31036,6.813785596309933,0.009335945713364602,0.03217741820966946,-0.0040000000000000036,0.008000000000000007,0.0,0.04300000000000001,0.0,0.28204453095186593,-0.08904453095186593,-0.002917131715213128,High,False
Central African Republic,2011,0.183,0.319,0.377,909.0,6.812345094177479,-0.001440502132454391,0.012756118953332951,0.019000000000000017,0.02100000000000002,0.0,0.033,0.0,0.2327587313931058,-0.0497587313931058,0.039694959374115185,Mid,False
Central African Republic,2012,0.182,0.317,0.385,916.0,6.82001636467413,0.007671270496651061,0.015566714077561272,0.008000000000000007,0.02300000000000002,0.0,0.032,0.0,0.3049430642239892,-0.1229430642239892,0.004966038188697897,Mid,False
Central African Republic,2013,0.15,0.272,0.359,567.0,6.340359303727752,-0.47965706094637817,-0.4734262925821815,-0.026000000000000023,0.0010000000000000009,1.0,-0.020000000000000018,0.0,-0.023410511469801838,0.17341051146980183,0.26245504242166773,High,False
Central African Republic,2014,0.17,0.282,0.319,561.0,6.329720905522696,-0.010638398205055744,-0.48262418865478285,-0.03999999999999998,-0.057999999999999996,0.0,-0.00899999999999998,0.0,0.008565224634339114,0.1614347753656609,0.2111935067587667,High,False
Central African Republic,2015,0.179,0.284,0.377,576.0,6.3561076606958915,0.026386755173195553,-0.46390870397823836,0.057999999999999996,-0.008000000000000007,0.0,-0.02200000000000002,0.0,0.01716591618147891,0.16183408381852107,0.2847771480425103,High,False
Central African Republic,2016,0.231,0.4,0.376,592.92346,6.3850653181545045,0.028957657458613006,0.044706014426752816,-0.0010000000000000009,0.017000000000000015,0.0,0.05500000000000002,0.0,0.1862519331635656,0.044748066836434425,-0.1286624446333674,Mid,False
Chad,2006,0.095,0.277,0.339,1225.5164,7.1111175851715664,-0.03258295248198273,0.2807698065736579,0.0,0.019000000000000017,1.0,0.0010000000000000009,0.0,0.19222331299311485,-0.09722331299311485,0.008999515892585797,Low,False
Chad,2007,0.094,0.274,0.35,1422.3408,7.260059244095987,0.14894165892442057,0.16975526745166913,0.010999999999999954,0.011999999999999955,0.0,0.0,0.0,0.18538664703600174,-0.09138664703600174,-0.05753559140812206,Mid,False
Chad,2008,0.094,0.277,0.354,1422.2312,7.259982185051565,-7.705904442190104e-05,0.11628164739801594,0.0040000000000000036,0.014999999999999958,0.0,0.0010000000000000009,0.0,0.26242635474791565,-0.16842635474791565,-0.09508563267764247,Mid,False
Chad,2009,0.097,0.278,0.369,1533.1794,7.335098897465184,0.07511671241361917,0.22398131229361784,0.015000000000000013,0.02999999999999997,0.0,0.006000000000000005,0.0,0.20713706652853417,-0.11013706652853417,-0.01291375353541932,Low,False
Chad,2010,0.099,0.279,0.375,1720.3344,7.450273969515302,0.11517507205011768,0.19021472541931495,0.006000000000000005,0.025000000000000022,0.0,0.008000000000000007,0.0,0.2349786053674677,-0.1359786053674677,-0.04459195833146595,Low,False
Chad,2011,0.099,0.281,0.384,1661.0,7.415175109613295,-0.03509885990200701,0.15519292456172984,0.009000000000000008,0.030000000000000027,1.0,0.008000000000000007,0.0,0.1957351813692399,-0.09673518136923989,0.07169117337867575,Low,False
Chad,2012,0.099,0.28,0.391,1742.654,7.463164517495646,0.04798940788235129,0.12806562003046196,0.007000000000000006,0.02200000000000002,0.0,0.015,0.0,0.25987410757103174,-0.16087410757103174,-0.05073704104249757,Low,False
Chad,2013,0.093,0.277,0.396,1776.092,7.48217072401225,0.019006206516603896,0.031896754496948176,0.0050000000000000044,0.02100000000000002,0.0,0.013999999999999999,0.0,0.29621861505853486,-0.20321861505853486,-0.06724000969106717,Mid,False
Chad,2014,0.091,0.274,0.401,1829.8347,7.5119809138868066,0.029810189874556414,0.0968058042735116,0.0050000000000000044,0.017000000000000015,0.0,0.011999999999999997,0.0,0.29420567494478084,-0.20320567494478084,-0.10647049357554095,Mid,False
Chad,2015,0.091,0.279,0.396,1802.3212,7.4968306686771795,-0.015150245209627045,0.033666151181533266,-0.0050000000000000044,0.0050000000000000044,0.0,0.011999999999999997,0.0,0.2721758824636512,-0.1811758824636512,-0.020301774892619473,High,False
Chad,2016,0.092,0.28,0.396,1648.0383,7.407340950490628,-0.08948971818655149,-0.07482977352162212,0.0,0.0,1.0,0.038,0.0,0.2065876987604159,-0.11458769876041591,0.08863091629811895,High,False
Chad,2017,0.084,0.265,0.397,1555.7141,7.3496899474961115,-0.05765100299451653,-0.16229096639069507,0.0010000000000000009,-0.0040000000000000036,1.0,0.043000000000000003,0.0,0.11204519205212196,-0.028045192052121956,0.1751604828926589,High,False
Chile,1996,0.784,0.85,0.745,14433.319,9.577294632250386,0.05098120348557167,0.16019004082394694,0.006000000000000005,0.020000000000000018,0.0,0.0,0.0,0.3757100032938114,0.40828999670618865,-0.06380081836883494,Low,False
Chile,1997,0.784,0.85,0.752,15079.831,9.621113434602597,0.04381880235221125,0.17234286966818324,0.007000000000000006,0.02200000000000002,0.0,-0.0010000000000000009,0.0,0.45188326847130666,0.33211673152869337,-0.15520238011148912,Low,False
Chile,1998,0.786,0.851,0.759,15259.541,9.632960225749118,0.011846791146520985,0.1066467969843039,0.007000000000000006,0.020000000000000018,0.0,0.0010000000000000009,0.0,0.5181192067730335,0.26788079322696656,-0.1511230476264081,Mid,False
Chile,1999,0.785,0.85,0.766,14846.418,9.60551390301331,-0.02744632273580727,0.028219270762924964,0.007000000000000006,0.02100000000000002,1.0,-0.025000000000000022,0.0,0.508215973837285,0.276784026162715,-0.13150597054347363,Mid,False
Chile,2000,0.81,0.876,0.771,15211.623,9.629815085675045,0.02430118266173409,0.008701651072447802,0.0050000000000000044,0.019000000000000017,0.0,-0.0010000000000000009,0.0,0.5575788841724613,0.2524211158275388,-0.07969561570115458,Mid,False
Chile,2001,0.811,0.876,0.778,15448.009,9.64523540670787,0.015420321032825868,0.012275180958752685,0.007000000000000006,0.019000000000000017,0.0,-0.005999999999999894,0.0,0.5669575550842718,0.24404244491572824,-0.023838348311238322,Mid,False
Chile,2002,0.817,0.88,0.784,15509.825,9.649228973063732,0.003993566355861233,0.04371507005042119,0.006000000000000005,0.018000000000000016,0.0,0.0,0.0,0.5586581565872134,0.25834184341278654,-0.018442182749928482,Mid,False
Chile,2003,0.817,0.88,0.789,15809.178,9.668345936441998,0.019116963378266405,0.038530850766953506,0.0050000000000000044,0.018000000000000016,0.0,0.0,0.0,0.5466097481104109,0.2703902518895891,0.017969136062050306,Mid,False
Chile,2004,0.817,0.88,0.797,16478.973,9.709840483560454,0.04149454711845557,0.06460507685258321,0.008000000000000007,0.019000000000000017,0.0,-0.0040000000000000036,0.0,0.4997365977704718,0.31726340222952815,0.0732209573137999,Mid,False
Chile,2005,0.821,0.877,0.804,17137.486,9.749023506948282,0.039183023387828086,0.09979453388455006,0.007000000000000006,0.020000000000000018,0.0,-0.015000000000000013,0.0,0.5411500298849656,0.2798499701150343,0.021508126702247776,Mid,False
Chile,2006,0.839,0.894,0.804,17920.803,9.793717495792828,0.04469398884454634,0.12537155935083,0.0,0.015000000000000013,0.0,0.0030000000000000027,0.0,0.5332023925122729,0.3057976074877271,0.03540735559813801,Mid,False
Chile,2007,0.842,0.894,0.812,18487.9,9.824871743025698,0.031154247232869636,0.11503125946524406,0.008000000000000007,0.015000000000000013,0.0,0.006000000000000005,0.0,0.5795674891820933,0.26243251081790664,-0.05483089141162151,Mid,False
Chile,2008,0.841,0.894,0.82,18804.03,9.841826487547982,0.01695474452228396,0.09280298059969994,0.007999999999999896,0.015999999999999903,0.0,0.0050000000000000044,0.0,0.6201601779680577,0.2208398220319423,-0.05901014808309202,Mid,False
Chile,2009,0.836,0.887,0.819,18184.48,9.80832376201637,-0.03350272553161204,0.014606266223541553,-0.0010000000000000009,0.014999999999999902,1.0,-0.0010000000000000009,0.0,0.4756588265530118,0.3603411734469882,0.054543565959261076,High,False
Chile,2010,0.837,0.888,0.823,18909.848,9.847438123545105,0.039114361528735486,0.022566380519407403,0.0040000000000000036,0.010999999999999899,0.0,-0.0020000000000000018,0.0,0.6204197029778894,0.21658029702211057,-0.04585221379579607,High,False
Chile,2011,0.839,0.889,0.823,19705.0,9.888627689629104,0.041189566083998486,0.04680120208112193,0.0,0.0030000000000000027,0.0,0.0,0.0,0.552442895075399,0.28655710492460096,0.06571728289265866,High,False
Chile,2012,0.844,0.893,0.832,20690.797,9.937444291022322,0.048816601393218306,0.12912052900595228,0.009000000000000008,0.013000000000000012,0.0,0.0050000000000000044,0.0,0.6117057359624744,0.23229426403752562,-0.12804690940946256,Mid,False
Chile,2013,0.846,0.894,0.845,21171.06,9.96039043373039,0.022946142708068606,0.1129523101852854,0.013000000000000012,0.02200000000000002,0.0,0.04299999999999993,0.0,0.6774003248401848,0.16859967515981522,-0.04798062186229535,Low,False
Chile,2014,0.85,0.893,0.849,21337.76,9.968233552148552,0.007843118418161765,0.07960586251944868,0.0040000000000000036,0.026000000000000023,0.0,0.08899999999999997,0.0,0.7302919731437885,0.11970802685621151,-0.16684907806838944,Mid,False
Chile,2015,0.839,0.886,0.855,21574.018,9.979244999272655,0.011011447124102958,0.04180070825033333,0.006000000000000005,0.02300000000000002,0.0,0.07799999999999996,0.0,0.7243595788120991,0.11464042118790085,-0.11765384284962477,Mid,False
Chile,2016,0.839,0.886,0.859,21715.713,9.985791378876119,0.0065463796034634925,0.025400945145728215,0.0040000000000000036,0.014000000000000012,0.0,0.07799999999999996,0.0,0.7263969268296496,0.11260307317035034,-0.05599660198946488,High,True
Chile,2017,0.842,0.889,0.862,21709.428,9.985501915219851,-0.00028946365626758563,0.017268363071298864,0.0030000000000000027,0.013000000000000012,0.0,0.08099999999999996,0.0,0.7190612741999913,0.12293872580000864,0.003230698943797128,High,False
China,1996,0.068,0.102,0.555,4219.644,8.347506043281964,0.05352410547168418,0.18513807901440593,0.01200000000000001,0.03300000000000003,0.0,0.0,0.0,0.22084324907814398,-0.15284324907814398,-0.008685990867456445,Low,False
China,1997,0.068,0.102,0.566,4310.828,8.368885276015677,0.021379232733712783,0.14467779651595336,0.010999999999999899,0.03399999999999992,0.0,-0.0010000000000000009,0.0,0.22455023761658024,-0.15655023761658024,0.01834712730279539,Low,False
China,1998,0.069,0.102,0.576,4309.847,8.368657683627788,-0.00022759238788871983,0.07467574581750824,0.010000000000000009,0.03299999999999992,0.0,-0.0010000000000000009,0.0,0.19946823016485418,-0.13046823016485418,0.02860758667936661,Low,False
China,1999,0.07,0.102,0.587,4466.7363,8.404413286701615,0.0357556030738273,0.056907243419651365,0.01100000000000001,0.03199999999999992,0.0,0.0,0.0,0.24178790593105853,-0.17178790593105853,-0.01894465685291455,Mid,False
China,2000,0.07,0.1,0.598,4730.3545,8.461755425823458,0.05734213912184316,0.09287014980778174,0.01100000000000001,0.03200000000000003,0.0,0.013000000000000005,0.0,0.24146647192563137,-0.17146647192563136,-0.014916234309051118,Low,False
China,2001,0.071,0.102,0.608,4995.1445,8.51622161959315,0.05446619376969153,0.147563935965362,0.010000000000000009,0.03200000000000003,0.0,0.013999999999999992,0.0,0.2429278437856439,-0.1719278437856439,-0.04145961362078973,Low,False
China,2002,0.073,0.102,0.619,5343.1123,8.583563589891488,0.06734197029833844,0.17915030318987313,0.01100000000000001,0.03200000000000003,0.0,0.015999999999999993,0.0,0.2771810663808217,-0.20418106638082167,-0.03239316044976315,Low,False
China,2003,0.074,0.103,0.63,5649.4634,8.639315846178896,0.05575225628740732,0.1775604203554373,0.01100000000000001,0.03200000000000003,0.0,0.016999999999999994,0.0,0.24488941892102817,-0.17088941892102816,0.0005770530046032007,Low,False
China,2004,0.073,0.102,0.642,6067.5913,8.710716984871146,0.0714011386922504,0.19449536527799616,0.01200000000000001,0.03400000000000003,0.0,0.015999999999999993,0.0,0.27252738815025535,-0.19952738815025534,-0.027599544364611428,Low,False
China,2005,0.057,0.094,0.654,6626.592,8.798845923873342,0.0881289390021962,0.21528233398185392,0.01200000000000001,0.03500000000000003,0.0,0.0,0.0,0.2910651688160176,-0.23406516881601763,-0.02988410243519596,Low,False
China,2006,0.057,0.094,0.666,7271.0356,8.89165400880091,0.09280808492756698,0.2523381626220136,0.01200000000000001,0.03600000000000003,0.0,0.0010000000000000009,0.0,0.28956132951402874,-0.23256132951402875,-0.06167191059300059,Low,False
China,2007,0.057,0.095,0.68,7895.713,8.974075232935,0.08242122413409092,0.2633582480638541,0.014000000000000012,0.038000000000000034,0.0,0.0010000000000000009,0.0,0.2815428336060584,-0.22454283360605842,-0.025015445455803087,Low,False
China,2008,0.057,0.095,0.689,8190.1123,9.01068288859682,0.036607655661820004,0.2118369647234779,0.008999999999999897,0.03499999999999992,0.0,0.0040000000000000036,0.0,0.2979274420478075,-0.24092744204780753,-0.006862273231789895,Low,False
China,2009,0.057,0.094,0.7,8734.041,9.074983428332633,0.06430053973581273,0.18332941953172366,0.01100000000000001,0.03399999999999992,0.0,0.0050000000000000044,0.0,0.39228261577751106,-0.33528261577751106,-0.10272128626348231,Low,False
China,2010,0.057,0.094,0.71,9658.419,9.175585249215779,0.10060182088314562,0.20151001628077836,0.010000000000000009,0.029999999999999916,0.0,0.0050000000000000044,0.0,0.373816376727253,-0.316816376727253,-0.09227354312119457,Low,False
China,2011,0.056,0.094,0.717,10221.0,9.232199706329077,0.056614457113298045,0.2215168177322564,0.007000000000000006,0.028000000000000025,0.0,0.0040000000000000036,0.0,0.34572272604382,-0.28972272604382,-0.04879528399601246,Low,False
China,2012,0.056,0.094,0.725,10946.834,9.300805561017718,0.06860585468864144,0.2258221326850851,0.008000000000000007,0.025000000000000022,0.0,0.0040000000000000036,0.0,0.38125982596719543,-0.32525982596719544,0.010022789810315624,Low,False
China,2013,0.053,0.086,0.733,11731.295,9.370015336235827,0.06920977521810912,0.1944300870200486,0.008000000000000007,0.02300000000000002,0.0,0.0049999999999999975,0.0,0.4197343352329746,-0.3667343352329746,-0.049917958505721616,Low,False
China,2014,0.052,0.084,0.742,12515.198,9.434699024755506,0.0646836885196791,0.20249931842642965,0.009000000000000008,0.025000000000000022,0.0,0.0049999999999999975,0.0,0.4629117246832272,-0.41091172468322723,-0.12118899863940724,Low,False
China,2015,0.052,0.082,0.75,13325.432,9.497429668771185,0.0627306440156783,0.1966241077534665,0.008000000000000007,0.025000000000000022,0.0,0.009999999999999995,0.0,0.5348623394376433,-0.4828623394376433,-0.15760251347044785,Low,False
China,2016,0.052,0.08,0.758,14138.955,9.55668903290059,0.0592593641294048,0.1866736966647622,0.008000000000000007,0.025000000000000022,0.0,0.009999999999999995,0.0,0.5249797156213377,-0.4729797156213377,-0.10624538038836312,Low,False
China,2017,0.052,0.078,0.765,15030.447,9.617833222823743,0.06114418992315329,0.1831341980682364,0.007000000000000006,0.02300000000000002,0.0,0.009999999999999995,0.0,0.5839901900831247,-0.5319901900831246,-0.12107846539989742,Low,False
Colombia,1996,0.426,0.554,0.663,8770.583,9.079158559781613,0.00396414027336256,0.06960470553027598,0.008000000000000007,0.018000000000000016,0.0,0.009000000000000008,0.0,0.4201762784283358,0.005823721571664164,-0.019653509024936122,Mid,False
Colombia,1997,0.429,0.554,0.67,8952.473,9.099685085950698,0.020526526169085457,0.05801700723125336,0.007000000000000006,0.020000000000000018,0.0,0.015000000000000013,0.0,0.4403470951277054,-0.011347095127705431,-0.04267998934496303,Mid,False
Colombia,1998,0.423,0.546,0.676,8863.262,9.089670147398172,-0.010014938552526331,0.014475727889921686,0.006000000000000005,0.02100000000000002,0.0,0.009000000000000008,0.0,0.45557286754825993,-0.03257286754825994,-0.05137350525440487,Mid,False
Colombia,1999,0.417,0.538,0.673,8382.14,9.03385853080318,-0.05581161659499223,-0.045300028978433104,-0.0030000000000000027,0.010000000000000009,1.0,0.0030000000000000027,0.0,0.34258295581592,0.07441704418407996,0.0685933226124158,High,False
Colombia,2000,0.426,0.55,0.679,8496.792,9.047443959475958,0.013585428672778121,-0.05224112647474044,0.006000000000000005,0.009000000000000008,0.0,0.01200000000000001,0.0,0.37147812343969216,0.054521876560307825,0.06586897168801326,High,False
Colombia,2001,0.422,0.542,0.681,8528.033,9.051114016004142,0.0036700565281844177,-0.03855613139402969,0.0020000000000000018,0.0050000000000000044,0.0,0.008000000000000007,0.0,0.3758847482232038,0.04611525177679621,0.07868811932505615,High,False
Colombia,2002,0.414,0.534,0.684,8630.542,9.06306258627687,0.01194857027272711,0.02920405547368965,0.0030000000000000027,0.01100000000000001,0.0,-0.007000000000000006,0.0,0.4460283751646978,-0.03202837516469781,-0.10644541934877777,High,True
Colombia,2003,0.421,0.535,0.691,8855.218,9.088762168773297,0.025699582496427453,0.04131820929733898,0.006999999999999895,0.0119999999999999,0.0,-0.0030000000000000027,0.0,0.455941689721142,-0.03494168972114203,-0.08946356628144986,High,True
Colombia,2004,0.424,0.537,0.699,9211.279,9.128183990400313,0.03942182162701613,0.07706997439617069,0.008000000000000007,0.017999999999999905,0.0,-0.0040000000000000036,0.0,0.4549249881273788,-0.030924988127378816,-0.07704023990417502,Mid,False
Colombia,2005,0.428,0.542,0.711,9524.723,9.161646118207202,0.03346212780688873,0.09858353193033231,0.01200000000000001,0.026999999999999913,0.0,-0.02100000000000002,0.0,0.45707055196221963,-0.029070551962219637,0.0029578232024781714,Low,False
Colombia,2006,0.449,0.571,0.712,10039.684,9.214300918646815,0.05265480043961368,0.12553874987351854,0.0010000000000000009,0.02100000000000002,0.0,-0.01200000000000001,0.0,0.4397296438332451,0.009270356166754923,0.044212045887896956,Low,False
Colombia,2007,0.461,0.583,0.724,10602.305,9.268826709290908,0.05452579064409235,0.14064271889059476,0.01200000000000001,0.025000000000000022,0.0,-0.0010000000000000009,0.0,0.43406288749966154,0.026937112500338478,0.057862100627717294,Low,False
Colombia,2008,0.462,0.585,0.731,10846.737,9.291619576410879,0.022792867119971305,0.12997345820367734,0.007000000000000006,0.020000000000000018,0.0,-0.0030000000000000027,0.0,0.4296086879779539,0.03239131202204615,0.061461863984265785,Low,False
Colombia,2009,0.465,0.587,0.736,10894.103,9.295976912644656,0.004357336233777431,0.08167599399784109,0.0050000000000000044,0.02400000000000002,0.0,-0.032999999999999974,0.0,0.44784681461691656,0.01715318538308347,0.007882829216328546,Mid,False
Colombia,2010,0.498,0.624,0.741,11191.687,9.322926549549676,0.026949636905019503,0.05409984025876824,0.0050000000000000044,0.017000000000000015,0.0,-0.039000000000000035,0.0,0.4778705633319885,0.02012943666801148,-0.006807675832326998,Mid,False
Colombia,2011,0.539,0.66,0.747,11788.0,9.374837343857585,0.05191079430790957,0.0832177674467065,0.006000000000000005,0.016000000000000014,0.0,0.0020000000000000018,0.0,0.5092655033677358,0.02973449663226424,-0.002656815389781908,Mid,False
Colombia,2012,0.54,0.661,0.748,12129.81,9.403421338171562,0.02858399431397629,0.10744442552690536,0.0010000000000000009,0.01200000000000001,0.0,0.0030000000000000027,0.0,0.44875225251821127,0.09124774748178877,0.0740945620987053,Mid,False
Colombia,2013,0.537,0.669,0.76,12633.481,9.44410579098845,0.040684452816888594,0.12117924143877445,0.01200000000000001,0.019000000000000017,0.0,0.0040000000000000036,0.0,0.5254174387112387,0.01158256128876134,-0.00854687537925014,Mid,False
Colombia,2014,0.545,0.677,0.763,12981.565,9.471285553097948,0.027179762109497574,0.09644820924036246,0.0030000000000000027,0.016000000000000014,0.0,0.03400000000000003,0.0,0.5063842705158749,0.03861572948412517,0.008881232851860932,Mid,False
Colombia,2015,0.551,0.681,0.767,13237.291,9.490793201305324,0.019507648207376604,0.08737186313376277,0.0040000000000000036,0.019000000000000017,0.0,0.05500000000000005,0.0,0.5364812233004039,0.014518776699596114,-0.07672897078219265,Mid,False
Colombia,2016,0.547,0.682,0.772,13367.445,9.500577552357717,0.009784351052392282,0.05647176136926646,0.0050000000000000044,0.01200000000000001,0.0,0.051000000000000045,0.0,0.5377927622527144,0.009207237747285602,-0.002375323541475738,Mid,False
Colombia,2017,0.548,0.68,0.774,13380.643,9.501564389328724,0.000986836971007321,0.030278836230776207,0.0020000000000000018,0.01100000000000001,0.0,0.052000000000000046,0.0,0.4900381060954342,0.05796189390456585,0.01934616442044068,High,False
Comoros,2006,0.237,0.419,0.506,1388.0027,7.2356210863098145,0.09225106559439666,0.11271297695692262,0.007000000000000006,0.02100000000000002,0.0,0.004999999999999977,0.0,0.24490776921423907,-0.00790776921423908,0.12150157226915889,Mid,False
Comoros,2007,0.235,0.414,0.512,1382.5391,7.231677015094208,-0.0039440712156064706,0.10296064463171195,0.006000000000000005,0.020000000000000018,0.0,0.002999999999999975,0.0,0.23428966904082607,0.000710330959173916,0.08553240444092658,Mid,False
Comoros,2008,0.235,0.414,0.519,1419.3671,7.257966347014302,0.026289331920094305,0.1145963262988845,0.007000000000000006,0.020000000000000018,0.0,0.002999999999999975,0.0,0.2546572619343544,-0.01965726193435441,0.023101951231124573,Mid,False
Comoros,2009,0.232,0.418,0.526,1455.2823,7.282955181404584,0.024988834390281767,0.0473340950947696,0.007000000000000006,0.020000000000000018,0.0,-0.010999999999999982,0.0,0.2923054296533636,-0.06030542965336358,-0.0523976604391245,Mid,False
Comoros,2010,0.243,0.416,0.534,1432.5624,7.2672200078496,-0.015735173554983994,0.03554299275539208,0.008000000000000007,0.02200000000000002,0.0,0.0030000000000000027,0.0,0.29310193743467594,-0.05010193743467595,-0.05081226839384986,Mid,False
Comoros,2011,0.256,0.446,0.541,1479.0,7.2991214627108,0.031901454861199774,0.041155115696497546,0.007000000000000006,0.02200000000000002,0.0,0.017000000000000015,0.0,0.288290826676056,-0.032290826676055984,-0.012633564741701575,Mid,False
Comoros,2012,0.256,0.446,0.548,1509.0,7.319202458767849,0.020080996057049383,0.03624727736326516,0.007000000000000006,0.02200000000000002,0.0,0.062,0.0,0.28326876014219177,-0.02726876014219176,0.03303666951117182,Mid,False
Comoros,2013,0.278,0.467,0.556,1619.0,7.389563953677635,0.07036149490978616,0.12234394582803532,0.008000000000000007,0.02200000000000002,0.0,0.10200000000000004,1.0,0.23579203514617889,0.04220796485382114,0.09230990228849709,Low,False
Comoros,2014,0.277,0.467,0.56,1647.0,7.4067107301776405,0.017146776500005068,0.10758926746684061,0.0040000000000000036,0.019000000000000017,0.0,0.14800000000000002,1.0,0.26700924780303353,0.00999075219696649,0.042281578873022474,Mid,False
Comoros,2015,0.24,0.395,0.565,1696.0,7.4360278163518485,0.02931708617420803,0.11682535758399926,0.004999999999999893,0.016999999999999904,0.0,0.11599999999999999,1.0,0.27039084058331225,-0.030390840583312262,-0.0031220804411205005,Mid,False
Comoros,2016,0.239,0.385,0.571,1705.7402,7.441754430405688,0.005726614053839896,0.05219047672805299,0.006000000000000005,0.014999999999999902,0.0,0.11499999999999999,1.0,0.3044603638348574,-0.06546036383485743,-0.10766832868867857,Mid,False
Comoros,2017,0.194,0.38,0.577,1764.7029,7.475737626586648,0.033983196180959574,0.0690268964090075,0.006000000000000005,0.016999999999999904,0.0,0.07,0.0,0.30366999792429267,-0.10966999792429266,-0.11966075012125915,Mid,False
Congo,1996,0.297,0.45,0.55,3988.8772,8.29126506677374,0.05813498416489793,0.029178418913337723,-0.0010000000000000009,-0.015999999999999903,0.0,0.23099999999999998,1.0,0.26021968905873916,0.03678031094126083,0.09088934249480135,High,False
Congo,1997,0.066,0.243,0.516,3899.7627,8.26867098411269,-0.02259408266104934,0.07003447161392984,-0.03400000000000003,-0.04500000000000004,1.0,-0.008999999999999994,0.0,0.1373389164964645,-0.07133891649646451,-0.09824368845404058,High,True
Congo,1998,0.079,0.165,0.542,4042.7783,8.304687432619069,0.03601644850637875,0.07155735001022734,0.026000000000000023,-0.009000000000000008,0.0,0.0040000000000000036,0.0,0.1897650581549361,-0.1107650581549361,-0.17966853328408877,High,True
Congo,1999,0.075,0.165,0.544,3925.6865,8.275296519381106,-0.029390913237962835,-0.015968547392633425,0.0020000000000000018,-0.006000000000000005,1.0,0.0,0.0,0.21719021315240963,-0.14219021315240965,-0.17897052409367048,High,True
Congo,2000,0.075,0.163,0.545,4159.2227,8.333083484834955,0.05778696545384854,0.06441250072226445,0.0010000000000000009,0.029000000000000026,0.0,0.0,0.0,0.240664383412515,-0.165664383412515,-0.09432546691605048,Mid,False
Congo,2001,0.075,0.16,0.55,4256.6553,8.356238990033845,0.02315550519888987,0.05155155741477557,0.0050000000000000044,0.008000000000000007,0.0,-0.010000000000000009,0.0,0.29565313948306543,-0.22065313948306542,-0.10988808132812931,High,True
Congo,2002,0.085,0.208,0.552,4458.6343,8.40259778735969,0.04635879732584591,0.12730126797858432,0.0020000000000000018,0.008000000000000007,0.0,-0.010999999999999996,0.0,0.22616185724029703,-0.141161857240297,0.001028355912112644,Mid,False
Congo,2003,0.097,0.257,0.553,4467.904,8.404674673834716,0.0020768864750255744,0.07159118899976136,0.0010000000000000009,0.008000000000000007,0.0,0.0020000000000000018,0.0,0.2675560020104633,-0.1705560020104633,-0.004891618597948316,High,False
Congo,2004,0.097,0.257,0.557,4560.5127,8.425190330398706,0.020515656563990348,0.06895134036486184,0.0040000000000000036,0.007000000000000006,0.0,0.0020000000000000018,0.0,0.3289096896986581,-0.23190968969865808,-0.011256550215592659,High,False
Congo,2005,0.097,0.257,0.569,4820.7075,8.48067598050526,0.055485650106554374,0.0780781931455703,0.0119999999999999,0.016999999999999904,0.0,0.0020000000000000018,0.0,0.3295428931854844,-0.2325428931854844,-0.0913810359451874,Mid,False
Congo,2006,0.097,0.257,0.582,5016.0576,8.520399565500414,0.03972358499515316,0.11572489166569788,0.013000000000000012,0.028999999999999915,0.0,0.0020000000000000018,0.0,0.28439747912615554,-0.18739747912615554,-0.016841477115692227,Low,False
Congo,2007,0.096,0.254,0.583,4844.97,8.485696332355232,-0.034703233145181756,0.06050600195652578,0.0010000000000000009,0.025999999999999912,1.0,0.0010000000000000009,0.0,0.18151596290336844,-0.08551596290336844,0.14639372679528964,Mid,False
Congo,2008,0.095,0.252,0.591,5081.1313,8.533289212629658,0.04759288027442565,0.05261323212439706,0.008000000000000007,0.02200000000000002,0.0,0.0,0.0,0.35640555023730863,-0.2614055502373086,-0.028862657051824198,Mid,False
Congo,2009,0.095,0.255,0.602,5379.0044,8.590258580268818,0.056969367639160495,0.06985901476840439,0.01100000000000001,0.020000000000000018,0.0,0.0,0.0,0.3590854709794128,-0.2640854709794128,-0.07668799185325728,Mid,False
Congo,2010,0.095,0.255,0.609,5738.163,8.654894403248328,0.06463582297950943,0.16919807089309558,0.007000000000000006,0.026000000000000023,0.0,0.0,0.0,0.3014323852924792,-0.20643238529247918,-0.12091642238911074,Low,False
Congo,2011,0.095,0.255,0.613,5875.0,8.67846133901236,0.023566935764032237,0.14517212638270216,0.0040000000000000036,0.02200000000000002,0.0,0.0,0.0,0.29074500502769507,-0.19574500502769507,0.06566054520961354,Low,False
Congo,2012,0.095,0.254,0.624,6300.0493,8.748312737745831,0.06985139873347102,0.15805415747701268,0.01100000000000001,0.02200000000000002,0.0,-0.006000000000000005,0.0,0.2789611778195411,-0.1839611778195411,0.08012429315987171,Low,False
Congo,2013,0.101,0.249,0.63,6140.1865,8.722610395272723,-0.02570234247310843,0.06771599202439482,0.006000000000000005,0.02100000000000002,1.0,0.0,0.0,0.3238456887808107,-0.2228456887808107,-0.016413303488331532,Mid,False
Congo,2014,0.101,0.249,0.639,6428.496,8.768495886294975,0.04588549102225237,0.09003454728261495,0.009000000000000008,0.026000000000000023,0.0,0.0010000000000000009,0.0,0.3896530002078319,-0.2886530002078319,-0.09290799518013684,Low,False
Congo,2015,0.102,0.249,0.643,6079.4575,8.712670744005566,-0.05582514228940916,-0.03564199374026522,0.0040000000000000036,0.019000000000000017,1.0,0.001999999999999988,0.0,0.35521716016312715,-0.2532171601631272,-0.06925598234358607,High,True
Congo,2016,0.101,0.247,0.64,5315.17,8.5783202752128,-0.1343504687927659,-0.1442901200599227,-0.0030000000000000027,0.010000000000000009,1.0,0.0010000000000000009,0.0,0.23311911044701644,-0.13211911044701644,0.09072657833379427,High,False
Congo,2017,0.103,0.252,0.635,4977.3423,8.512651352864877,-0.06566892234792299,-0.25584453343009805,-0.0050000000000000044,-0.0040000000000000036,1.0,0.002999999999999989,0.0,0.18858522390186622,-0.08558522390186622,0.20306777630596567,High,False
Costa Rica,1996,0.84,0.893,0.707,8446.781,9.041540701027014,-0.015231504761226589,0.009910454918852452,0.0010000000000000009,0.01100000000000001,0.0,0.0050000000000000044,0.0,0.4358055272929711,0.40419447270702885,-0.05606771452665438,High,True
Costa Rica,1997,0.835,0.893,0.712,8683.948,9.069231542956302,0.027690841929288723,0.023816758864239063,0.0050000000000000044,0.01100000000000001,0.0,-0.0050000000000000044,0.0,0.4364681945939604,0.39853180540603955,-0.0686248865519633,High,True
Costa Rica,1998,0.841,0.893,0.714,9053.852,9.110945581496054,0.04171403853975164,0.054173375707813776,0.0020000000000000018,0.008000000000000007,0.0,0.0010000000000000009,0.0,0.4424716398962334,0.3985283601037666,-0.03587704258036395,High,False
Costa Rica,1999,0.841,0.893,0.717,9183.8955,9.125206740010292,0.014261158514237593,0.08366603898327796,0.0030000000000000027,0.010000000000000009,0.0,0.0010000000000000009,0.0,0.4201931675471278,0.42080683245287215,0.016612359745843297,Mid,False
Costa Rica,2000,0.84,0.892,0.72,9319.767,9.139892907367132,0.014686167356840585,0.07066136441082982,0.0030000000000000027,0.008000000000000007,0.0,0.0010000000000000009,0.0,0.4191091668275393,0.4208908331724607,0.022359027766421125,High,False
Costa Rica,2001,0.841,0.892,0.726,9451.615,9.153940905357038,0.014047997989905525,0.0429953238609837,0.006000000000000005,0.01200000000000001,0.0,0.0020000000000000018,0.0,0.43117263777384085,0.4098273622261591,0.011299002122392543,High,False
Costa Rica,2002,0.843,0.895,0.73,9591.554,9.168638198545427,0.014697293188389082,0.04343145853513519,0.0040000000000000036,0.013000000000000012,0.0,0.0040000000000000036,0.0,0.43117263777384085,0.4118273622261591,-0.008979470226713027,High,False
Costa Rica,2003,0.843,0.895,0.736,9831.25,9.193321366806588,0.024683168261161015,0.05342845943945562,0.006000000000000005,0.016000000000000014,0.0,0.0040000000000000036,0.0,0.4316187993471564,0.41138120065284356,-0.009509632519617117,Mid,False
Costa Rica,2004,0.843,0.894,0.741,10086.783,9.218981231985124,0.025659865178536023,0.06504032662808612,0.0050000000000000044,0.015000000000000013,0.0,0.0040000000000000036,0.0,0.41617179666400306,0.4268282033359969,0.017000841109837794,Mid,False
Costa Rica,2005,0.839,0.894,0.748,10308.374,9.240711853613092,0.02173062162796846,0.0720736550676655,0.007000000000000006,0.018000000000000016,0.0,-0.01200000000000001,0.0,0.41417182058389523,0.42482817941610473,0.013000817189945613,Mid,False
Costa Rica,2006,0.851,0.905,0.755,10880.477,9.294725361360669,0.05401350774757674,0.10140399455408122,0.007000000000000006,0.019000000000000017,0.0,-0.0030000000000000027,0.0,0.44975792267649184,0.40124207732350814,-0.01013912332933542,Mid,False
Costa Rica,2007,0.854,0.908,0.76,11584.677,9.35743855559735,0.06271319423668054,0.13845732361222574,0.0050000000000000044,0.019000000000000017,0.0,0.0,0.0,0.4661758491538019,0.3878241508461981,-0.039004052489798824,Low,False
Costa Rica,2008,0.854,0.908,0.769,11935.158,9.387243777059833,0.029805221462483544,0.14653192344674082,0.009000000000000008,0.02100000000000002,0.0,0.0010000000000000009,0.0,0.47990450187970624,0.37409549812029375,-0.05073268129581099,Low,False
Costa Rica,2009,0.855,0.908,0.773,11638.002,9.362031057067433,-0.025212719992399713,0.06730569570676437,0.0040000000000000036,0.018000000000000016,1.0,0.0020000000000000018,0.0,0.43765005236975846,0.4173499476302415,0.016107870306733385,Mid,False
Costa Rica,2010,0.857,0.91,0.776,12031.571,9.395289390633756,0.03325833356632302,0.03785083503640685,0.0030000000000000027,0.016000000000000014,0.0,0.0040000000000000036,0.0,0.5029398877340138,0.3540601122659862,-0.033764038580211875,Mid,False
Costa Rica,2011,0.856,0.91,0.783,12366.0,9.422706050118514,0.027416659484757133,0.03546227305868044,0.007000000000000006,0.014000000000000012,0.0,0.0040000000000000036,0.0,0.5051839818243927,0.35081601817560726,-0.023279479944686488,High,False
Costa Rica,2012,0.857,0.91,0.789,12800.048,9.457204199900678,0.03449814978216459,0.09517314283324474,0.006000000000000005,0.016000000000000014,0.0,0.007000000000000006,0.0,0.4866387235644306,0.3703612764355694,-0.04698867119467215,Mid,False
Costa Rica,2013,0.853,0.907,0.795,12952.746,9.469063090981084,0.011858891080406053,0.07377370034732778,0.006000000000000005,0.019000000000000017,0.0,0.019000000000000017,0.0,0.48136963376799796,0.371630366232002,0.017570253966015803,Mid,False
Costa Rica,2014,0.854,0.906,0.802,13241.992,9.491148271346262,0.022085180365177592,0.06844222122774823,0.007000000000000006,0.019000000000000017,0.0,0.020000000000000018,0.0,0.5834388027673142,0.2705611972326858,-0.08025482094292147,Mid,False
Costa Rica,2015,0.854,0.906,0.803,13557.923,9.514726378671051,0.0235781073247896,0.057522178770373245,0.0010000000000000009,0.014000000000000012,0.0,0.020000000000000018,0.0,0.596972463333181,0.257027536666819,-0.11333373976875039,Mid,False
Costa Rica,2016,0.852,0.902,0.805,13959.342,9.543904240535003,0.02917786186395155,0.07484114955391874,0.0020000000000000018,0.010000000000000009,0.0,0.018000000000000016,0.0,0.5780644948840497,0.27393550511595033,-0.09769486111605169,Mid,False
Costa Rica,2017,0.85,0.898,0.809,14372.68,9.573084461336226,0.029180220801222845,0.08193618998996399,0.0040000000000000036,0.007000000000000006,0.0,0.03700000000000003,0.0,0.5782731895325494,0.2717268104674506,0.0011656132347648285,High,False
Cote d'Ivoire,1996,0.239,0.397,0.403,2179.0356,7.686637672580779,0.06830392455704715,0.09415380011057284,0.0040000000000000036,0.010000000000000009,0.0,0.065,0.0,0.24941089260854937,-0.010410892608549382,0.07709951286941066,Mid,False
Cote d'Ivoire,1997,0.239,0.396,0.409,2288.8086,7.735786699156314,0.04914902657553544,0.1594122057595735,0.00599999999999995,0.012999999999999956,0.0,0.065,0.0,0.22150243834699182,0.01749756165300817,0.0886744651564178,Mid,False
Cote d'Ivoire,1998,0.241,0.392,0.413,2393.499,7.780511591034273,0.044724891877958584,0.16217784301054117,0.0040000000000000036,0.013999999999999957,0.0,0.067,0.0,0.22150243834699182,0.019497561653008172,0.15293875240600976,Mid,False
Cote d'Ivoire,1999,0.244,0.389,0.416,2417.4575,7.790471647028139,0.009960055993865957,0.10383397444735998,0.0030000000000000027,0.012999999999999956,0.0,0.07,0.0,0.2844041971149274,-0.04040419711492743,-0.02999330450637805,Mid,False
Cote d'Ivoire,2000,0.174,0.274,0.419,2352.8564,7.763385358390761,-0.02708628863737772,0.02759865923444682,0.0030000000000000027,0.010000000000000009,1.0,-0.10600000000000004,0.0,0.2893345594488618,-0.11533455944886178,-0.13283212110186995,High,True
Cote d'Ivoire,2001,0.286,0.447,0.422,2342.8276,7.759113854921376,-0.004271503469385429,-0.021397736112897192,0.0030000000000000027,0.009000000000000008,0.0,0.00599999999999995,0.0,0.29087386652093095,-0.0048738665209309695,-0.02437142817393914,High,False
Cote d'Ivoire,2002,0.285,0.446,0.424,2298.4565,7.739993089681074,-0.019120765240301374,-0.05047855734706452,0.0020000000000000018,0.008000000000000007,0.0,0.004999999999999949,0.0,0.2799107487591333,0.005089251240866677,0.04549344835579411,High,False
Cote d'Ivoire,2003,0.283,0.439,0.425,2263.0925,7.724487519742944,-0.01550556993813057,-0.03889783864781737,0.0010000000000000009,0.006000000000000005,0.0,0.002999999999999947,0.0,0.29411865747414384,-0.011118657474143867,0.10421590197471792,High,False
Cote d'Ivoire,2004,0.285,0.446,0.43,2280.788,7.732276276272801,0.00778875652985711,-0.026837578648574834,0.0050000000000000044,0.008000000000000007,0.0,0.004999999999999949,0.0,0.2863802692492,-0.001380269249200039,0.0034935972717309305,High,False
Cote d'Ivoire,2005,0.28,0.434,0.435,2312.8425,7.746232566527765,0.013956290254964365,0.006239476846690906,0.0050000000000000044,0.01100000000000001,0.0,0.0,0.0,0.3158497734985052,-0.035849773498505155,-0.04093902473937183,High,False
Cote d'Ivoire,2006,0.281,0.434,0.44,2343.927,7.75958300686723,0.01335044033946442,0.035095487124285896,0.0050000000000000044,0.015000000000000013,0.0,0.006000000000000005,0.0,0.3536594204125363,-0.07265942041253626,-0.06154076293839239,Mid,False
Cote d'Ivoire,2007,0.283,0.435,0.445,2380.1155,7.7749042948997715,0.015321288032541958,0.04262801862697074,0.0050000000000000044,0.015000000000000013,0.0,0.007999999999999952,0.0,0.3379162068429055,-0.054916206842905546,-0.05353593759370551,Mid,False
Cote d'Ivoire,2008,0.282,0.436,0.452,2435.2705,7.79781311764253,0.022908822742758517,0.051580551114764894,0.007000000000000006,0.017000000000000015,0.0,0.006999999999999951,0.0,0.3370018300549421,-0.055001830054942136,-0.01915205655643698,Mid,False
Cote d'Ivoire,2009,0.28,0.435,0.458,2508.822,7.827568599250293,0.0297554816077632,0.06798559238306368,0.006000000000000005,0.018000000000000016,0.0,0.0050000000000000044,0.0,0.3245086202925162,-0.04450862029251618,0.02815080012002008,Mid,False
Cote d'Ivoire,2010,0.284,0.446,0.465,2555.0164,7.845813921403897,0.018245322153603638,0.07090962650412536,0.007000000000000006,0.020000000000000018,0.0,0.008999999999999952,0.0,0.3234494252430128,-0.039449425243012815,0.015466781599892732,Mid,False
Cote d'Ivoire,2011,0.275,0.427,0.469,2444.0,7.8013913202914855,-0.044422601112411364,0.0035782026489554752,0.003999999999999948,0.01699999999999996,1.0,-0.019999999999999962,0.0,0.31283110669896724,-0.03783110669896722,0.017170723355974915,High,False
Cote d'Ivoire,2012,0.303,0.461,0.478,2648.7744,7.881852321432482,0.0804610011409963,0.054283722182188576,0.009000000000000008,0.019999999999999962,0.0,0.008000000000000007,0.0,0.3133068630222053,-0.010306863022205293,0.034201757270310884,Mid,False
Cote d'Ivoire,2013,0.295,0.465,0.487,2821.8762,7.94515726185443,0.0633049404219479,0.09934334045053284,0.009000000000000008,0.021999999999999964,0.0,-0.0040000000000000036,0.0,0.26479317868529206,0.03020682131470792,0.06965624655772074,Mid,False
Cote d'Ivoire,2014,0.299,0.463,0.511,2995.1501,8.004749626155178,0.0595923643007481,0.2033583058636923,0.02400000000000002,0.04200000000000004,0.0,-0.0050000000000000044,0.0,0.12953000147119545,0.16946999852880454,0.20730110522777176,Low,False
Cote d'Ivoire,2015,0.304,0.473,0.519,3182.1077,8.065299054962283,0.06054942880710534,0.18344673352980134,0.008000000000000007,0.041000000000000036,0.0,0.04299999999999998,0.0,0.20525122428703285,0.09874877571296714,0.10905563873517243,Low,False
Cote d'Ivoire,2016,0.335,0.529,0.53,3328.9795,8.110421079550658,0.045122024588375,0.16526381769622844,0.01100000000000001,0.04300000000000004,0.0,0.10200000000000001,1.0,0.17114601003426028,0.16385398996573974,0.13364716865103182,Low,False
Cote d'Ivoire,2017,0.326,0.539,0.539,3450.22,8.146193276108248,0.03577219655758945,0.1414436499530698,0.009000000000000008,0.028000000000000025,0.0,0.093,0.0,0.22325539668304015,0.10274460331695986,-0.06672539521184467,Low,False
Croatia,2001,0.622,0.767,0.785,13817.681,9.533704282952181,0.04236353643313073,0.1021384379984962,0.016000000000000014,0.041000000000000036,0.0,0.016000000000000014,0.0,0.5244628794081071,0.0975371205918929,0.220512062984637,Low,False
Croatia,2002,0.622,0.766,0.792,14683.838,9.594502712139631,0.060798429187450154,0.15464895935748224,0.007000000000000006,0.039000000000000035,0.0,0.016000000000000014,0.0,0.6000138413840815,0.02198615861591846,0.24361887378050195,Low,False
Croatia,2003,0.624,0.769,0.798,15740.499,9.663992224137235,0.06948951199760423,0.1726514776181851,0.006000000000000005,0.029000000000000026,0.0,0.018000000000000016,0.0,0.6255204054233218,-0.001520405423321769,-0.11004269400460576,Low,False
Croatia,2004,0.606,0.757,0.807,16628.574,9.718877819863325,0.05488559572608942,0.1851735369111438,0.009000000000000008,0.02200000000000002,0.0,-0.02400000000000002,0.0,0.5634620715497707,0.0425379284502293,-0.0549991921416636,Low,False
Croatia,2005,0.635,0.775,0.814,17581.357,9.774594358248798,0.05571653838547341,0.18009164610916706,0.006999999999999895,0.02199999999999991,0.0,0.0050000000000000044,0.0,0.5594181117939023,0.07558188820609768,0.05359572959017922,Low,False
Croatia,2006,0.63,0.772,0.819,18707.49,9.836679257409402,0.06208489916060422,0.17268703327216706,0.0050000000000000044,0.020999999999999908,0.0,-0.008000000000000007,0.0,0.5624341333667816,0.0675658666332184,0.06908627205654017,Low,False
Croatia,2007,0.642,0.784,0.825,19984.037,9.90268908384483,0.06600982643542785,0.1838112639815055,0.006000000000000005,0.017999999999999905,0.0,0.0040000000000000036,0.0,0.5768589904924799,0.06514100950752011,0.022603081057290808,Low,False
Croatia,2008,0.638,0.779,0.827,20717.316,9.938725151303283,0.03603606745845234,0.16413079305448441,0.0020000000000000018,0.013000000000000012,0.0,-0.015000000000000013,0.0,0.5582832004043286,0.07971679959567146,0.004134911389573781,Mid,False
Croatia,2009,0.653,0.784,0.826,19501.588,9.878251177133551,-0.06047397416973155,0.04157191972414864,-0.0010000000000000009,0.007000000000000006,1.0,-0.050999999999999934,0.0,0.5524712222948124,0.10052877770518764,0.03296291107196925,High,False
Croatia,2010,0.73,0.844,0.831,19511.35,9.878751626507743,0.0005004493741918026,-0.02393745733708741,0.0050000000000000044,0.006000000000000005,0.0,0.027000000000000024,0.0,0.6218747263770164,0.10812527362298363,0.04298426411546352,High,False
Croatia,2011,0.744,0.853,0.836,19813.0,9.89409356689426,0.015341940386516484,-0.04463158440902326,0.0050000000000000044,0.009000000000000008,0.0,0.09299999999999997,0.0,0.6415841923966946,0.10241580760330538,0.022699008007633914,High,False
Croatia,2012,0.744,0.851,0.839,19413.893,9.873744222770426,-0.020349344123832935,-0.004506954363124649,0.0030000000000000027,0.013000000000000012,1.0,0.121,1.0,0.6526323061611929,0.09136769383880705,-0.009161083866380593,High,False
Croatia,2013,0.71,0.828,0.846,19402.938,9.87317977688401,-0.0005644458864164648,-0.005571849623732916,0.007000000000000006,0.015000000000000013,0.0,0.09499999999999997,0.0,0.7221093129050444,-0.012109312905044467,-0.1202345865280281,High,True
Croatia,2014,0.704,0.823,0.848,19403.594,9.873213585625283,3.380874127323352e-05,-0.020879981268976167,0.0020000000000000018,0.01200000000000001,0.0,0.08899999999999997,0.0,0.7016394166077214,0.0023605833922785147,-0.10005522421102686,High,True
Croatia,2015,0.703,0.816,0.852,20025.754,9.90477442416154,0.03156083853625624,0.03103020139111301,0.0040000000000000036,0.013000000000000012,0.0,0.08799999999999997,0.0,0.7109710080112692,-0.007971008011269265,-0.09933870185007632,High,True
Croatia,2016,0.651,0.765,0.856,20915.227,9.948232737271859,0.043458313110319224,0.0750529603878487,0.0040000000000000036,0.010000000000000009,0.0,0.03600000000000003,0.0,0.7415375635378502,-0.09053756353785014,-0.07842825063280567,Mid,False
Croatia,2017,0.623,0.739,0.862,21852.021,9.99204869052558,0.04381595325372167,0.11883510490029714,0.006000000000000005,0.014000000000000012,0.0,0.008000000000000007,0.0,0.7576708293542168,-0.13467082935421681,-0.13703141274649533,Mid,False
Cuba,1996,0.038,0.108,0.675,3249.6353,8.086298053642551,0.12745639466960323,0.2011697374875956,0.01100000000000001,0.010000000000000009,0.0,0.0,0.0,0.22786561180521797,-0.18986561180521797,-0.07772629598571387,Mid,False
Cuba,1997,0.038,0.108,0.679,3425.5618,8.139020766442089,0.052722712799537774,0.2442932413255905,0.0040000000000000036,0.017000000000000015,0.0,-0.0010000000000000009,0.0,0.19687424988310276,-0.15887424988310275,0.05029032246130785,Low,False
Cuba,1998,0.039,0.113,0.683,3415.5452,8.136092407871486,-0.002928358570603251,0.17725074889853776,0.0040000000000000036,0.019000000000000017,0.0,-0.0010000000000000009,0.0,0.1824648386097305,-0.1434648386097305,0.06387749241929747,Low,False
Cuba,1999,0.04,0.113,0.69,3623.5955,8.195222043935436,0.059129636063950386,0.10892399029288491,0.006999999999999895,0.014999999999999902,0.0,0.0,0.0,0.25682963099414907,-0.21682963099414906,-0.0269640191889311,Mid,False
Cuba,2000,0.04,0.113,0.697,4009.3398,8.296381868342236,0.10115982440679971,0.15736110190014685,0.007000000000000006,0.017999999999999905,0.0,0.0,0.0,0.2741047624758896,-0.2341047624758896,-0.07523051259278685,Low,False
Cuba,2001,0.041,0.113,0.705,4231.3237,8.350270154529573,0.05388828618733754,0.21417774665808764,0.008000000000000007,0.02199999999999991,0.0,0.0010000000000000009,0.0,0.27101236162245623,-0.23001236162245622,-0.08654752301272572,Low,False
Cuba,2002,0.041,0.113,0.711,4369.0405,8.382298698764274,0.03202854423470036,0.18707665482883762,0.006000000000000005,0.02100000000000002,0.0,0.0010000000000000009,0.0,0.2593245387805893,-0.2183245387805893,-0.001494907786440236,Low,False
Cuba,2003,0.04,0.114,0.721,4506.676,8.413315131932618,0.031016433168344903,0.11693326359038281,0.010000000000000009,0.02400000000000002,0.0,0.0010000000000000009,0.0,0.3115663776573435,-0.27156637765734354,-0.03746161518145394,Low,False
Cuba,2004,0.04,0.114,0.734,4561.0166,8.425300816257806,0.011985684325187762,0.07503066172823303,0.013000000000000012,0.029000000000000026,0.0,0.0010000000000000009,0.0,0.3373464487160697,-0.29734644871606974,-0.06733408709361352,Low,False
Cuba,2005,0.041,0.113,0.747,4713.7065,8.458229820208585,0.03292900395077858,0.07593112144431124,0.013000000000000012,0.03600000000000003,0.0,0.0020000000000000018,0.0,0.32037248957943326,-0.2793724895794333,-0.06104795079884398,Low,False
Cuba,2006,0.041,0.113,0.766,5416.141,8.597138848226646,0.1389090280180607,0.18382371629402705,0.019000000000000017,0.04500000000000004,0.0,0.0020000000000000018,0.0,0.4449765059627866,-0.4039765059627866,-0.13241012830544308,Low,False
Cuba,2007,0.041,0.113,0.78,5635.6885,8.636874601796325,0.039735753569679844,0.21157378553851913,0.014000000000000012,0.04600000000000004,0.0,0.0020000000000000018,0.0,0.4071861139429423,-0.3661861139429423,-0.06883966522687257,Low,False
Cuba,2008,0.039,0.105,0.788,6004.894,8.700330082401583,0.06345548060525807,0.24210026219299863,0.008000000000000007,0.041000000000000036,0.0,-0.011000000000000003,0.0,0.44864483977733494,-0.40964483977733496,-0.13027235019790168,Low,False
Cuba,2009,0.05,0.167,0.788,6248.304,8.740065345905661,0.03973526350407752,0.14292649767901544,0.0,0.02200000000000002,0.0,0.0,0.0,0.4258303992944317,-0.37583039929443174,0.028146106668354876,Low,False
Cuba,2010,0.05,0.167,0.783,6578.1904,8.79151497129818,0.05144962539251985,0.15464036950185545,-0.0050000000000000044,0.0030000000000000027,0.0,-0.000999999999999994,0.0,0.42982198056378723,-0.37982198056378724,-0.013635866620844928,Mid,False
Cuba,2011,0.051,0.167,0.781,6928.0,8.843326450242271,0.05181147894409044,0.1429963678406878,-0.0020000000000000018,-0.007000000000000006,0.0,-0.0010000000000000009,0.0,0.39445041588187835,-0.34345041588187836,0.0661944238954566,Mid,False
Cuba,2012,0.052,0.167,0.777,7138.0,8.873187904050106,0.029861453807834337,0.13312255814444462,-0.0040000000000000036,-0.01100000000000001,0.0,-0.0030000000000000027,0.0,0.402496399669641,-0.350496399669641,0.025333999624790715,Mid,False
Cuba,2013,0.057,0.168,0.771,7379.0,8.906393407058367,0.03320550300826142,0.11487843576018619,-0.006000000000000005,-0.01200000000000001,0.0,0.0020000000000000018,0.0,0.38984579562615057,-0.3328457956261506,0.04697618493763667,High,False
Cuba,2014,0.057,0.168,0.77,7628.0,8.93958096672031,0.03318755966194331,0.09625451647803906,-0.0010000000000000009,-0.01100000000000001,0.0,0.0020000000000000018,0.0,0.40496712653404726,-0.34796712653404727,-0.004516710652168909,High,False
Cuba,2015,0.057,0.168,0.769,7889.0,8.97322466309509,0.03364369637477971,0.10003675904498444,-0.0010000000000000009,-0.008000000000000007,0.0,0.0020000000000000018,0.0,0.4339172291133214,-0.37691722911332143,-0.026420829443680405,High,False
Cuba,2016,0.055,0.169,0.767,7928.05,8.978162382750783,0.004937719655693229,0.07176897569241625,-0.0020000000000000018,-0.0040000000000000036,0.0,-0.0010000000000000009,0.0,0.4546322716611722,-0.3996322716611722,-0.06678647603502164,High,True
Cuba,2017,0.058,0.168,0.767,8075.465,8.996585731572216,0.018423348821432484,0.05700476485190542,0.0,-0.0030000000000000027,0.0,0.0020000000000000018,0.0,0.46323683525636317,-0.40523683525636317,-0.057269708722315904,High,True
Cyprus,1996,0.635,0.776,0.782,18875.29,9.845608938237607,0.006580656646097083,0.13818249940647753,0.0050000000000000044,0.018000000000000016,0.0,0.006000000000000005,0.0,0.4273961919684235,0.20760380803157652,-0.07143710408785237,Mid,False
Cyprus,1997,0.636,0.778,0.788,19264.787,9.866034200679385,0.020425262441778003,0.1127310208430039,0.006000000000000005,0.017000000000000015,0.0,0.007000000000000006,0.0,0.42799246292585935,0.20800753707414066,-0.06362838557689543,Mid,False
Cyprus,1998,0.629,0.765,0.798,20212.738,9.914068278707814,0.048034078028429406,0.07503999711630449,0.010000000000000009,0.02100000000000002,0.0,-0.0030000000000000027,0.0,0.6123316504179589,0.01666834958204111,-0.23820661591759795,Mid,False
Cyprus,1999,0.632,0.765,0.802,21147.525,9.959278156350305,0.04520987764249007,0.11366921811269748,0.0040000000000000036,0.020000000000000018,0.0,-0.03600000000000003,0.0,0.6032434332792478,0.02875656672075222,-0.1788472413108243,Mid,False
Cyprus,2000,0.668,0.795,0.808,22326.799,10.013542984804952,0.054264828454646974,0.14750878412556645,0.006000000000000005,0.020000000000000018,0.0,0.0,0.0,0.5793653592214727,0.08863464077852734,-0.11937289629561332,Low,False
Cyprus,2001,0.678,0.805,0.815,23095.736,10.047403290726697,0.03386030592174549,0.13333501201888254,0.006999999999999895,0.016999999999999904,0.0,0.010000000000000009,0.0,0.5601766986175555,0.11782330138244457,0.10115495180040346,Mid,False
Cyprus,2002,0.684,0.81,0.827,23828.072,10.078619660399209,0.031216369672511846,0.11934150404890431,0.01200000000000001,0.02499999999999991,0.0,0.016000000000000014,0.0,0.5684158917263498,0.11558410827365029,0.08682754155289807,Low,False
Cyprus,2003,0.668,0.805,0.835,24347.076,10.100167039164775,0.02154737876556645,0.08662405435982379,0.008000000000000007,0.026999999999999913,0.0,-0.03599999999999992,0.0,0.6067197352342623,0.06128026476573778,-0.02735437601278956,Low,False
Cyprus,2004,0.704,0.826,0.84,25355.24,10.140740693772962,0.040573654608186516,0.09333740304626481,0.0050000000000000044,0.025000000000000022,0.0,0.0,0.0,0.5971474267970446,0.10685257320295538,-0.010970728179489186,Low,False
Cyprus,2005,0.704,0.825,0.844,26164.209,10.172147687124417,0.031406993351454915,0.09352802672520788,0.0040000000000000036,0.017000000000000015,0.0,-0.009000000000000008,0.0,0.6177854942427812,0.08621450575721878,-0.029369602516431503,Mid,False
Cyprus,2006,0.713,0.834,0.85,27142.018,10.208838285819933,0.036690598695516385,0.10867124665515782,0.006000000000000005,0.015000000000000013,0.0,-0.009000000000000008,0.0,0.6471718539688893,0.06582814603111065,0.004547881265372866,Mid,False
Cyprus,2007,0.724,0.837,0.855,28109.996,10.243880521602453,0.035042235782519526,0.10313982782949083,0.0050000000000000044,0.015000000000000013,0.0,0.0020000000000000018,0.0,0.7076709441738372,0.01632905582616273,-0.09052351737679265,Mid,False
Cyprus,2008,0.723,0.836,0.862,28736.975,10.265939900092032,0.02205937848957973,0.09379221296761564,0.007000000000000006,0.018000000000000016,0.0,0.0010000000000000009,0.0,0.7759160454808866,-0.052916045480886575,-0.13913055123810536,Mid,False
Cyprus,2009,0.722,0.836,0.867,27735.033,10.230451622320968,-0.03548827777106389,0.021613336501035363,0.0050000000000000044,0.017000000000000015,1.0,-0.010000000000000009,0.0,0.7636106154575577,-0.04161061545755773,-0.10743876148866838,Mid,False
Cyprus,2010,0.734,0.845,0.869,27630.104,10.22666118193499,-0.003790440385978755,-0.01721933966746292,0.0020000000000000018,0.014000000000000012,0.0,0.0020000000000000018,0.0,0.7612106241950951,-0.027210624195095123,-0.043539680021257854,High,False
Cyprus,2011,0.734,0.845,0.872,27272.0,10.21361581381774,-0.013045368117250433,-0.05232408627429308,0.0030000000000000027,0.010000000000000009,0.0,0.0020000000000000018,0.0,0.7418845292508082,-0.007884529250808181,0.045031516230078394,High,False
Cyprus,2012,0.733,0.845,0.872,25933.494,10.163290616851933,-0.050325196965806285,-0.06716100546903547,0.0,0.0050000000000000044,1.0,0.0020000000000000018,0.0,0.7159312819528644,0.01706871804713561,0.05867933350469334,High,False
Cyprus,2013,0.732,0.847,0.873,24281.812,10.097482871713352,-0.06580774513858145,-0.12917831022163817,0.0010000000000000009,0.0040000000000000036,1.0,0.010000000000000009,0.0,0.7316270454040329,0.0003729545959670899,0.027583578791062213,High,False
Cyprus,2014,0.733,0.846,0.875,24114.586,10.090572164617782,-0.00691070709556918,-0.12304364919995692,0.0020000000000000018,0.0030000000000000027,0.0,0.02300000000000002,0.0,0.7581528873736846,-0.025152887373684596,-0.017268358122876415,High,False
Cyprus,2015,0.737,0.851,0.882,25081.504,10.129885961050915,0.03931379643313271,-0.033404655801017924,0.007000000000000006,0.010000000000000009,0.0,0.04600000000000004,0.0,0.762928256865421,-0.025928256865420996,-0.04299697491255661,High,False
Cyprus,2016,0.739,0.851,0.888,26607.555,10.18895047699941,0.05906451594849571,0.09146760528605924,0.006000000000000005,0.015000000000000013,0.0,0.08599999999999997,0.0,0.7008342493676015,0.038165750632398465,0.037792796036431375,Mid,False
Cyprus,2017,0.731,0.84,0.897,27872.812,10.23540701240812,0.04645653540870853,0.14483484779033695,0.009000000000000008,0.02200000000000002,0.0,0.08599999999999997,0.0,0.8107914007638943,-0.07979140076389435,-0.05463851339020975,Low,False
Czechia,1996,0.817,0.892,0.793,15386.32,9.64123408193077,0.055880627226338575,0.17051626405846498,0.01200000000000001,0.03300000000000003,0.0,0.015999999999999903,0.0,0.544351785522149,0.2726482144778509,-0.0299264418095182,Low,False
Czechia,1997,0.816,0.891,0.797,15494.317,9.648228590515277,0.006994508584506676,0.1364821030670491,0.0040000000000000036,0.026000000000000023,0.0,0.014999999999999902,0.0,0.5113006557551363,0.30469934424486367,0.06080048578156261,Low,False
Czechia,1998,0.808,0.884,0.802,15657.426,9.658700588218831,0.010471997703554337,0.07334713351439959,0.0050000000000000044,0.02100000000000002,0.0,0.007000000000000006,0.0,0.6257740566735627,0.18222594332643738,-0.14168003833445508,Mid,False
Czechia,1999,0.801,0.878,0.806,16102.508,9.686730315238187,0.028029727019355022,0.045496233307416034,0.0040000000000000036,0.013000000000000012,0.0,0.0,0.0,0.5355311787462359,0.26546882125376414,-0.007179393224086783,High,False
Czechia,2000,0.801,0.878,0.817,17056.16,9.744266707784611,0.05753639254642451,0.09603811726933387,0.010999999999999899,0.019999999999999907,0.0,0.0,0.0,0.5662515513224978,0.23474844867750222,-0.06995089556736145,Mid,False
Czechia,2001,0.801,0.878,0.828,17868.568,9.790798470639247,0.04653176285463623,0.13209788242041576,0.01100000000000001,0.025999999999999912,0.0,-0.007000000000000006,0.0,0.6037965577382353,0.19720344226176478,0.014977498935327405,Low,False
Czechia,2002,0.808,0.884,0.835,18431.027,9.821790773473777,0.03099230283453025,0.13506045823559099,0.007000000000000006,0.028999999999999915,0.0,-0.005999999999999894,0.0,0.6915788384029806,0.11642116159701943,-0.1490476596567447,Low,False
Czechia,2003,0.814,0.891,0.842,19344.09,9.870142225449209,0.04835145197543156,0.12587551766459804,0.007000000000000006,0.025000000000000022,0.0,-0.0010000000000000009,0.0,0.7103358634388843,0.10366413656111562,-0.1310843121163866,Low,False
Czechia,2004,0.815,0.892,0.848,20555.035,9.930861202079251,0.06071897663004222,0.14006273144000403,0.006000000000000005,0.020000000000000018,0.0,0.0020000000000000018,0.0,0.7376156189015625,0.07738438109843748,-0.1198190611633273,Low,False
Czechia,2005,0.816,0.892,0.856,22128.58,10.004625264696248,0.07376406261699664,0.18283449122247042,0.008000000000000007,0.02100000000000002,0.0,0.010999999999999899,0.0,0.7659192954847373,0.0500807045152627,-0.06634045708175673,Low,False
Czechia,2006,0.821,0.896,0.864,23888.164,10.08113838512714,0.0765131204308922,0.21099615967793106,0.008000000000000007,0.02200000000000002,0.0,0.015999999999999903,0.0,0.7722759818256353,0.04872401817436467,-0.05494011838675095,Low,False
Czechia,2007,0.824,0.897,0.87,25382.807,10.141827334049541,0.060688948922400954,0.2109661319702898,0.006000000000000005,0.02200000000000002,0.0,0.018999999999999906,0.0,0.8052245546288569,0.018775445371143062,-0.05860893572729442,Low,False
Czechia,2008,0.821,0.897,0.873,26186.045,10.172981914261744,0.03115458021220263,0.1683566495654958,0.0030000000000000027,0.017000000000000015,0.0,0.041999999999999926,0.0,0.7643200792439665,0.05667992075603345,0.0065992162407707555,Low,False
Czechia,2009,0.813,0.888,0.875,25093.863,10.130378593232358,-0.04260332102938591,0.049240208105217675,0.0020000000000000018,0.01100000000000001,1.0,0.04699999999999993,0.0,0.7048305862714073,0.10816941372859268,0.05944539555422801,High,False
Czechia,2010,0.805,0.883,0.88,25922.395,10.16286254588898,0.03248395265662296,0.021035211839439683,0.0050000000000000044,0.010000000000000009,0.0,0.039000000000000035,0.0,0.7477244378498389,0.05727556215016116,0.0385001167790181,High,False
Czechia,2011,0.808,0.891,0.883,26725.0,10.193354735893246,0.030492190004265396,0.020372821631502447,0.0030000000000000027,0.010000000000000009,0.0,0.04500000000000004,0.0,0.7647931070214156,0.04320689297858449,-0.013473027777448965,High,False
Czechia,2012,0.814,0.891,0.885,26483.38,10.184272645409738,-0.009082090483508054,0.0538940521773803,0.0020000000000000018,0.010000000000000009,0.0,0.08799999999999997,0.0,0.7676203817710319,0.04637961822896808,-0.0617897954996246,High,True
Czechia,2013,0.779,0.863,0.892,26467.629,10.183677718107612,-0.0005949273021261803,0.02081517221863116,0.007000000000000006,0.01200000000000001,0.0,0.07100000000000006,0.0,0.7803224588844042,-0.0013224588844041874,-0.05859802103456535,High,True
Czechia,2014,0.766,0.852,0.898,27030.19,10.204709668472573,0.02103195036496075,0.011354932579326515,0.006000000000000005,0.015000000000000013,0.0,0.06700000000000006,0.0,0.8319415562350241,-0.06594155623502407,-0.10914844921360856,High,True
Czechia,2015,0.766,0.852,0.9,28437.604,10.255467632829475,0.05075796435690272,0.07119498741973729,0.0020000000000000018,0.015000000000000013,0.0,0.06700000000000006,0.0,0.7854468010963735,-0.019446801096373534,-0.06582641932534161,Mid,False
Czechia,2016,0.763,0.852,0.902,29097.504,10.278407676284976,0.022940043455500714,0.09472995817736418,0.0020000000000000018,0.010000000000000009,0.0,0.06500000000000006,0.0,0.7918318413419335,-0.028831841341933506,-0.02750938245752932,Mid,False
Czechia,2017,0.726,0.833,0.904,30531.383,10.326510384408131,0.04810270812315487,0.1218007159355583,0.0020000000000000018,0.006000000000000005,0.0,0.028000000000000025,0.0,0.7720253302451913,-0.04602533024519129,0.01991622598983278,Mid,False
Democratic Republic of Congo,1996,0.036,0.17,0.386,523.86804,6.261239820544955,-0.015386563387234098,-0.0733017818405024,0.0010000000000000009,0.0010000000000000009,0.0,0.009999999999999998,0.0,0.16870676696959624,-0.13270676696959624,-0.11038363435690021,High,True
Democratic Republic of Congo,1997,0.026,0.126,0.388,489.64215,6.193674818178801,-0.06756500236615448,-0.07046360851901401,0.0020000000000000018,0.006000000000000005,1.0,-0.013000000000000001,0.0,0.12116356988347814,-0.09516356988347814,-0.07486854441727003,High,True
Democratic Republic of Congo,1998,0.039,0.149,0.385,472.92395,6.1589345933240685,-0.03474022485473238,-0.11769179060812096,-0.0030000000000000027,0.0,1.0,-0.003999999999999997,0.0,0.11632148246336366,-0.07732148246336365,-0.011109859756726986,High,False
Democratic Republic of Congo,1999,0.043,0.149,0.383,452.00443,6.1136919806691585,-0.04524261265490992,-0.14754783987579678,-0.0020000000000000018,-0.0030000000000000027,1.0,-0.010000000000000002,0.0,0.05981157481414368,-0.016811574814143686,0.11589519215545255,High,False
Democratic Republic of Congo,2000,0.053,0.15,0.391,414.04694,6.025979349040614,-0.08771263162854481,-0.16769546913818711,0.008000000000000007,0.0030000000000000027,1.0,-0.0020000000000000018,0.0,0.07736396345762403,-0.02436396345762403,0.07079960642585412,High,False
Democratic Republic of Congo,2001,0.055,0.156,0.389,403.6019,6.000428996099691,-0.02555035294092267,-0.1585055972243774,-0.0020000000000000018,0.0040000000000000036,1.0,-0.0010000000000000009,0.0,0.054304743713224496,0.0006952562867755044,0.07801673875013915,High,False
Democratic Republic of Congo,2002,0.056,0.163,0.392,413.82523,6.025443734936566,0.025014738836874884,-0.0882482457325926,0.0030000000000000027,0.009000000000000008,0.0,-0.029000000000000005,0.0,0.148835628543341,-0.09283562854334101,-0.07602405372919732,High,True
Democratic Republic of Congo,2003,0.085,0.18,0.398,436.02847,6.07770753938234,0.05226380444577394,0.051728190341726155,0.006000000000000005,0.007000000000000006,0.0,-0.010999999999999996,0.0,0.2017346705454517,-0.11673467054545168,-0.09237070708782766,High,True
Democratic Republic of Congo,2004,0.096,0.187,0.403,463.99698,6.1398780435843845,0.06217050420204462,0.13944904748469344,0.0050000000000000044,0.014000000000000012,0.0,-0.0020000000000000018,0.0,0.1761964810294027,-0.08019648102940269,-0.08089173731617819,Mid,False
Democratic Republic of Congo,2005,0.098,0.197,0.408,490.6905,6.195813582810629,0.055935539226244835,0.1703698478740634,0.004999999999999949,0.01599999999999996,0.0,-0.018000000000000002,0.0,0.1870887454591791,-0.08908874545917911,0.003746883084161906,Mid,False
Democratic Republic of Congo,2006,0.116,0.251,0.413,515.25836,6.244668444772373,0.04885486196174327,0.16696090539003272,0.0050000000000000044,0.014999999999999958,0.0,-0.03299999999999999,0.0,0.17631622503450117,-0.06031622503450117,0.056418445510950516,Mid,False
Democratic Republic of Congo,2007,0.149,0.355,0.417,546.0368,6.302686372741076,0.0580179279687032,0.1628083291566913,0.0040000000000000036,0.013999999999999957,0.0,0.008000000000000007,0.0,0.16431594771374117,-0.015315947713741174,0.06488053331566151,Mid,False
Democratic Republic of Congo,2008,0.149,0.357,0.426,578.8487,6.361041130816962,0.05835475807588608,0.16522754800633255,0.009000000000000008,0.018000000000000016,0.0,0.024999999999999994,0.0,0.2008005636639557,-0.05180056366395572,0.03728818179522339,Low,False
Democratic Republic of Congo,2009,0.153,0.36,0.431,595.01605,6.388588379971733,0.027547249154770803,0.14391993519936008,0.0050000000000000044,0.018000000000000016,0.0,0.028999999999999998,0.0,0.20632385297109326,-0.053323852971093266,0.006992372063407901,Mid,False
Democratic Republic of Congo,2010,0.152,0.352,0.44,637.1298,6.456973402475264,0.06838502250353162,0.1542870297341885,0.009000000000000008,0.02300000000000002,0.0,0.03,0.0,0.17642600823501853,-0.02442600823501853,-0.009110060521277358,Low,False
Democratic Republic of Congo,2011,0.15,0.347,0.447,681.0,6.523562306149512,0.06658890367424775,0.16252117533255017,0.007000000000000006,0.02100000000000002,0.0,0.031,0.0,0.2576343880952778,-0.10763438809527778,-0.055833824431322066,Low,False
Democratic Republic of Congo,2012,0.141,0.321,0.451,714.7897,6.571988373556383,0.048426067406871276,0.18339999358465064,0.0040000000000000036,0.020000000000000018,0.0,0.030999999999999986,0.0,0.2573525081988466,-0.1163525081988466,-0.06302865522775333,Low,False
Democratic Republic of Congo,2013,0.124,0.319,0.456,756.906,6.62923907135465,0.05725069779826697,0.172265668879386,0.0050000000000000044,0.016000000000000014,0.0,0.013999999999999999,0.0,0.2963544539625715,-0.17235445396257149,-0.14792844572755295,Mid,False
Democratic Republic of Congo,2014,0.126,0.318,0.467,784.5593,6.665122158863824,0.03588308750917335,0.1415598527143116,0.01100000000000001,0.020000000000000018,0.0,0.016,0.0,0.3669143871662658,-0.2409143871662658,-0.133279999070988,Low,False
Democratic Republic of Congo,2015,0.122,0.316,0.477,806.7695,6.693038001696665,0.027915842832840987,0.1210496281402813,0.009999999999999953,0.025999999999999968,0.0,0.011999999999999997,0.0,0.43801680455948744,-0.31601680455948744,-0.19966429636064084,Low,False
Democratic Republic of Congo,2016,0.119,0.305,0.487,783.0341,6.663176245489509,-0.02986175620715592,0.03393717413485842,0.010000000000000009,0.030999999999999972,1.0,0.008999999999999994,0.0,0.35132466104199017,-0.23232466104199018,-0.05997020707941869,Mid,False
Democratic Republic of Congo,2017,0.11,0.304,0.491,785.1293,6.665848417594446,0.002672172104936976,0.0007262587306220425,0.0040000000000000036,0.023999999999999966,0.0,-0.007000000000000006,0.0,0.45044885804129314,-0.34044885804129316,-0.09953447087502737,Mid,False
Denmark,1996,0.88,0.908,0.87,34325.44,10.443642049199315,0.028644906855307184,0.11326921398494427,0.008000000000000007,0.017000000000000015,0.0,0.0020000000000000018,0.0,0.7396530727486589,0.14034692725134112,-0.03881410108953132,Mid,False
Denmark,1997,0.88,0.908,0.876,35499.062,10.477261552579215,0.033619503379899385,0.09260490599381477,0.006000000000000005,0.017000000000000015,0.0,0.0020000000000000018,0.0,0.7484071636143275,0.13159283638567254,-0.08822364084029177,Mid,False
Denmark,1998,0.879,0.906,0.883,36361.23,10.501258376102086,0.02399682352287158,0.08626123375807815,0.007000000000000006,0.02100000000000002,0.0,0.0010000000000000009,0.0,0.7064896094896164,0.17251039051038364,-0.02057538356990618,Mid,False
Denmark,1999,0.878,0.906,0.894,37523.426,10.532720710252178,0.03146233415009192,0.08907866105286288,0.01100000000000001,0.02400000000000002,0.0,0.0,0.0,0.7098834518550118,0.16811654814498822,0.027769620893647096,Mid,False
Denmark,2000,0.878,0.906,0.896,39021.176,10.57185975211352,0.03913904186134154,0.09459819953430504,0.0020000000000000018,0.020000000000000018,0.0,-0.0010000000000000009,0.0,0.7089874208104378,0.16901257918956225,0.03741974280388971,Mid,False
Denmark,2001,0.879,0.906,0.902,39425.863,10.582177301255582,0.010317549142062177,0.08091892515349564,0.006000000000000005,0.019000000000000017,0.0,-0.0010000000000000009,0.0,0.688994589917028,0.190005410082972,0.017495019572588366,Mid,False
Denmark,2002,0.88,0.908,0.902,39709.37,10.589342458978042,0.007165157722459625,0.05662174872586334,0.0,0.008000000000000007,0.0,0.0,0.0,0.7839794086800586,0.09602059131994145,-0.07209595682504677,High,True
Denmark,2003,0.88,0.908,0.907,39983.145,10.596213269292681,0.006870810314639542,0.024353517179161344,0.0050000000000000044,0.01100000000000001,0.0,0.0,0.0,0.7258057185858453,0.1541942814141547,-0.014818297775407552,High,False
Denmark,2004,0.88,0.908,0.912,41178.562,10.625673060108056,0.029459790815375086,0.04349575885247425,0.0050000000000000044,0.010000000000000009,0.0,-0.015000000000000013,0.0,0.7888192041877603,0.0911807958122397,-0.0988246142707323,High,True
Denmark,2005,0.895,0.92,0.917,42264.63,10.651705845036291,0.02603278492823513,0.06236338605824976,0.0050000000000000044,0.015000000000000013,0.0,0.0,0.0,0.702182321904887,0.19281767809511297,0.09679708677517151,Mid,False
Denmark,2006,0.896,0.922,0.917,44025.484,10.692523927057525,0.04081808202123405,0.09631065776484427,0.0,0.010000000000000009,0.0,0.0020000000000000018,0.0,0.7686136120433819,0.12738638795661816,-0.026807893457536536,Mid,False
Denmark,2007,0.896,0.922,0.918,44481.47,10.702827976939524,0.010304049881998623,0.0771549168314678,0.0010000000000000009,0.006000000000000005,0.0,0.0020000000000000018,0.0,0.7699969575403458,0.1260030424596542,0.03482224664741451,High,False
Denmark,2008,0.895,0.921,0.922,44246.4,10.697529291194298,-0.00529868574522574,0.04582344615800693,0.0040000000000000036,0.0050000000000000044,0.0,0.0010000000000000009,0.0,0.770544441773458,0.12445555822654197,-0.06836211986857099,High,True
Denmark,2009,0.895,0.921,0.915,42090.17,10.647569500720584,-0.04995979047371435,-0.044954426336941467,-0.007000000000000006,-0.0020000000000000018,1.0,0.0010000000000000009,0.0,0.6338268672143891,0.26117313278561094,0.13378674482899278,High,False
Denmark,2010,0.895,0.921,0.92,42932.4,10.667382064617547,0.019812563896962843,-0.035445912321977247,0.0050000000000000044,0.0020000000000000018,0.0,0.0010000000000000009,0.0,0.7569631916427374,0.13803680835726262,0.012033765897608406,High,False
Denmark,2011,0.894,0.921,0.934,43575.0,10.682238870388222,0.014856805770675052,-0.015290420806076455,0.014000000000000012,0.01200000000000001,0.0,0.0020000000000000018,0.0,0.5679382079623054,0.3260617920376946,0.2016062338111526,High,False
Denmark,2012,0.895,0.921,0.938,43509.613,10.68073718116816,-0.0015016892200616638,0.03316768044757623,0.0039999999999998925,0.02299999999999991,0.0,0.0040000000000000036,0.0,0.7189346675837218,0.1760653324162782,-0.08510780036933274,Mid,False
Denmark,2013,0.895,0.921,0.941,43743.61,10.68610082397552,0.005363642807360236,0.018718759357973624,0.0030000000000000027,0.020999999999999908,0.0,0.0050000000000000044,0.0,0.7063897999003905,0.1886102000996095,0.050573391742346874,Mid,False
Denmark,2014,0.895,0.921,0.939,44215.633,10.696833693315815,0.010732869340294826,0.014594822927593398,-0.0020000000000000018,0.004999999999999893,0.0,0.009000000000000008,0.0,0.8023927784570675,0.09260722154293255,-0.23345457049476204,High,True
Denmark,2015,0.894,0.921,0.943,44940.887,10.713103282972222,0.01626958965640668,0.03236610180406174,0.0040000000000000036,0.0050000000000000044,0.0,0.01200000000000001,0.0,0.8015879053836397,0.09241209461636035,-0.08365323779991785,High,True
Denmark,2016,0.892,0.918,0.951,46018.984,10.736809285987977,0.023706003015755428,0.050708462012456934,0.008000000000000007,0.010000000000000009,0.0,0.010000000000000009,0.0,0.7830266963077617,0.10897330369223834,-0.07963689640737115,High,True
Denmark,2017,0.891,0.918,0.951,47022.01,10.758371068947309,0.02156178295933131,0.06153737563149342,0.0,0.01200000000000001,0.0,0.009000000000000008,0.0,0.7158789104574699,0.17512108954253014,0.08251386799959759,Mid,False
Djibouti,2001,0.117,0.253,0.342,1845.6991,7.520613400693254,-0.018944790649040755,-0.06749035372651946,0.0050000000000000044,0.015000000000000013,0.0,0.0020000000000000018,0.0,0.18431532172177792,-0.06731532172177791,-0.10570276591880766,High,True
Djibouti,2002,0.122,0.268,0.349,1824.4551,7.5090366460916345,-0.011576754601619221,-0.056501710008534545,0.006999999999999951,0.01599999999999996,0.0,0.006999999999999992,0.0,0.1819055384576121,-0.059905538457612095,-0.0029665018427829787,High,False
Djibouti,2003,0.12,0.262,0.36,1945.6655,7.573359356912407,0.06432271082077268,0.0338011655701127,0.01100000000000001,0.022999999999999965,0.0,0.0059999999999999915,0.0,0.1841577775233546,-0.06415777752335461,0.002249461620422652,Mid,False
Djibouti,2004,0.121,0.264,0.368,2097.1233,7.6483218274566305,0.07496247054422334,0.1277084267633768,0.008000000000000007,0.025999999999999968,0.0,0.006999999999999992,0.0,0.19119475067375252,-0.07019475067375253,-0.0028794289519746136,Low,False
Djibouti,2005,0.116,0.25,0.375,2126.8052,7.6623762266149695,0.01405439915833906,0.15333958052333507,0.007000000000000006,0.026000000000000023,0.0,0.0030000000000000027,0.0,0.18004915510479522,-0.06404915510479521,-0.004143616647183115,Low,False
Djibouti,2006,0.115,0.247,0.385,2342.2192,7.758854134995667,0.09647790838069703,0.18549477808325943,0.010000000000000009,0.025000000000000022,0.0,0.0020000000000000018,0.0,0.16149656993631759,-0.04649656993631758,0.01766120758703703,Low,False
Djibouti,2007,0.115,0.247,0.392,2396.018,7.781563471727989,0.022709336732322782,0.13324164427135887,0.007000000000000006,0.02400000000000002,0.0,0.0020000000000000018,0.0,0.16999245920938016,-0.05499245920938016,0.015202291464372367,Low,False
Djibouti,2008,0.114,0.242,0.4,2463.4448,7.809315974588667,0.027752502860677986,0.1469397479736978,0.008000000000000007,0.025000000000000022,0.0,0.0010000000000000009,0.0,0.16703033748582838,-0.053030337485828374,0.011018817618966836,Low,False
Djibouti,2009,0.114,0.244,0.411,2521.5046,7.832611065826042,0.023295091237375054,0.07375693083037582,0.010999999999999954,0.025999999999999968,0.0,0.0010000000000000009,0.0,0.23110703962291881,-0.11710703962291881,-0.07061046968660123,Mid,False
Djibouti,2010,0.113,0.242,0.421,2543.8733,7.84144311976066,0.008832053934617612,0.05987964803267065,0.010000000000000009,0.02899999999999997,0.0,-0.0010000000000000009,0.0,0.18460060487576024,-0.07160060487576024,-0.01660814566638008,Mid,False
Djibouti,2011,0.114,0.246,0.432,2590.0,7.859413154693583,0.017970034932923262,0.05009718010491593,0.01100000000000001,0.03199999999999997,0.0,0.0,0.0,0.19511466587030157,-0.08111466587030157,-0.028084328384473195,Mid,False
Djibouti,2012,0.115,0.247,0.442,2654.0,7.8838232148921525,0.024410060198569283,0.05121214906611016,0.010000000000000009,0.031000000000000028,0.0,0.0050000000000000044,0.0,0.19380194953025015,-0.07880194953025015,0.038305090092668664,Mid,False
Djibouti,2013,0.114,0.244,0.45,2724.0,7.909856667269403,0.0260334523772503,0.06841354750874284,0.008000000000000007,0.029000000000000026,0.0,0.0040000000000000036,0.0,0.2141296062669471,-0.1001296062669471,-0.02852900139118686,Mid,False
Djibouti,2014,0.114,0.245,0.459,2823.0,7.945555428253489,0.03569876098408642,0.086142273559906,0.009000000000000008,0.027000000000000024,0.0,0.0040000000000000036,0.0,0.2588907094648565,-0.1448907094648565,-0.06377604359455492,Low,False
Djibouti,2015,0.114,0.245,0.469,2941.0,7.9865049385539955,0.0409495103005062,0.10268172366184292,0.009999999999999953,0.02699999999999997,0.0,0.0040000000000000036,0.0,0.227003508206226,-0.113003508206226,-0.03420155867597585,Low,False
Djibouti,2016,0.114,0.243,0.477,3084.5425,8.03415862712504,0.04765368857104413,0.12430195985563675,0.008000000000000007,0.02699999999999997,0.0,0.0040000000000000036,0.0,0.24218953933979778,-0.12818953933979776,-0.028059933072850665,Low,False
Djibouti,2017,0.11,0.243,0.484,3197.9792,8.070274389307707,0.036115762182667766,0.12471896105421809,0.007000000000000006,0.024999999999999967,0.0,-0.0030000000000000027,0.0,0.23340938698866823,-0.12340938698866823,0.021481322476188267,Low,False
Dominican Republic,1996,0.281,0.544,0.631,5198.5664,8.556138174251716,0.06906837042533986,0.14652663004737754,0.007000000000000006,0.020000000000000018,0.0,-0.07599999999999996,0.0,0.2523181177116602,0.028681882288339844,0.07199905589530986,Low,False
Dominican Republic,1997,0.357,0.619,0.639,5616.89,8.633533408933163,0.07739523468144682,0.2003413661571578,0.008000000000000007,0.02200000000000002,0.0,-0.015000000000000013,0.0,0.2654187512581093,0.09158124874189066,0.14535019171753602,Low,False
Dominican Republic,1998,0.372,0.639,0.645,6012.6924,8.701627913902028,0.06809450496886527,0.21455811007565195,0.006000000000000005,0.02100000000000002,0.0,-0.006000000000000005,0.0,0.27188523445744084,0.10011476554255916,0.13595436603006494,Low,False
Dominican Republic,1999,0.378,0.647,0.652,6419.7812,8.767139315106352,0.06551140120432386,0.21100114085463595,0.007000000000000006,0.02100000000000002,0.0,-0.0010000000000000009,0.0,0.30831436546415797,0.06968563453584203,0.04100375224750219,Low,False
Dominican Republic,2000,0.391,0.665,0.658,6788.084,8.822924001056572,0.055784685950220236,0.18939059212340936,0.006000000000000005,0.019000000000000017,0.0,0.01200000000000001,0.0,0.24504518357338292,0.1459548164266171,0.054373567684726426,Low,False
Dominican Republic,2001,0.391,0.673,0.663,6917.0303,8.841741809102773,0.018817808046200923,0.14011389520074502,0.0050000000000000044,0.018000000000000016,0.0,0.013000000000000012,0.0,0.28336550320076614,0.10763449679923387,0.007519731256674711,Mid,False
Dominican Republic,2002,0.388,0.672,0.668,7327.3657,8.899371344201457,0.05762953509868396,0.13223202909510512,0.0050000000000000044,0.016000000000000014,0.0,0.01200000000000001,0.0,0.30544647426836724,0.08255352573163277,0.012867891195790737,Mid,False
Dominican Republic,2003,0.385,0.671,0.67,7324.6973,8.899007108799317,-0.000364235402139812,0.07608310774274507,0.0020000000000000018,0.01200000000000001,0.0,0.009000000000000008,0.0,0.36179609590758466,0.02320390409241535,-0.12275091233420174,Mid,False
Dominican Republic,2004,0.379,0.659,0.673,7441.4478,8.914820705669834,0.015813596870517088,0.07307889656706124,0.0030000000000000027,0.010000000000000009,0.0,0.0030000000000000027,0.0,0.3744846316860409,0.0045153683139591005,-0.10311912848527477,Mid,False
Dominican Republic,2005,0.383,0.651,0.683,8156.431,9.006561974829756,0.09174126915992176,0.10719063062829903,0.010000000000000009,0.015000000000000013,0.0,0.01200000000000001,0.0,0.2770177539795602,0.10598224602043982,0.023428720288807048,Mid,False
Dominican Republic,2006,0.378,0.644,0.691,9059.885,9.111611705799733,0.10504973096997716,0.212604597000416,0.007999999999999896,0.020999999999999908,0.0,0.014000000000000012,0.0,0.3088957274167725,0.06910427258322749,0.04590036849081214,Low,False
Dominican Republic,2007,0.376,0.636,0.698,9866.458,9.196896202771757,0.08528449697202412,0.28207549710192303,0.007000000000000006,0.02499999999999991,0.0,0.01200000000000001,0.0,0.28829038434900817,0.08770961565099183,0.08319424733703273,Low,False
Dominican Republic,2008,0.376,0.638,0.704,10225.529,9.232642715514066,0.03574651274230867,0.22608074068430994,0.006000000000000005,0.020999999999999908,0.0,0.02200000000000002,0.0,0.30847328804664126,0.06752671195335874,-0.038455534067081076,Low,False
Dominican Republic,2009,0.377,0.639,0.707,10365.675,9.2462551457596,0.013612430245533602,0.13464343995986638,0.0030000000000000027,0.016000000000000014,0.0,0.025000000000000022,0.0,0.3619756885630736,0.015024311436926396,-0.05407996114630109,Mid,False
Dominican Republic,2010,0.371,0.625,0.715,11276.461,9.330472734690252,0.08421758893065245,0.13357653191849472,0.008000000000000007,0.017000000000000015,0.0,0.027000000000000024,0.0,0.3488759717330393,0.022124028266960694,-0.06558558738403114,Mid,False
Dominican Republic,2011,0.364,0.623,0.721,11679.0,9.365547636278565,0.03507490158831317,0.13290492076449922,0.006000000000000005,0.017000000000000015,0.0,0.030999999999999972,0.0,0.39805932778481207,-0.03405932778481208,-0.10158603973817082,Mid,False
Dominican Republic,2012,0.366,0.612,0.727,11854.366,9.380451517524929,0.014903881246363326,0.13419637176532895,0.006000000000000005,0.020000000000000018,0.0,0.03799999999999998,0.0,0.42028681393638223,-0.05428681393638224,-0.06931112537330864,Low,False
Dominican Republic,2013,0.354,0.6,0.731,12290.143,9.416552837968386,0.03610132044345704,0.08608010327813354,0.0040000000000000036,0.016000000000000014,0.0,0.025999999999999968,0.0,0.48662107159028856,-0.13262107159028858,-0.15474509985724927,Mid,False
Dominican Republic,2014,0.352,0.6,0.737,13011.521,9.473590474742279,0.057037636773893396,0.10804283846371376,0.006000000000000005,0.016000000000000014,0.0,0.023999999999999966,0.0,0.41378927883966515,-0.061789278839665174,-0.027729951054853097,Mid,False
Dominican Republic,2015,0.344,0.59,0.747,13765.119,9.529893062653759,0.05630258791148002,0.14944154512883046,0.010000000000000009,0.020000000000000018,0.0,0.01599999999999996,0.0,0.45933512733683257,-0.1153351273368326,-0.06104831340045036,Low,False
Dominican Republic,2016,0.333,0.571,0.766,14530.1,9.583977638853103,0.054084576199343815,0.16742480088471723,0.019000000000000017,0.03500000000000003,0.0,0.0050000000000000044,0.0,0.601295541615585,-0.26829554161558494,-0.13567447002529637,Low,False
Dominican Republic,2017,0.328,0.559,0.77,15053.832,9.619387855707574,0.03541021685447099,0.14579738096529482,0.0040000000000000036,0.03300000000000003,0.0,-0.01100000000000001,0.0,0.5765570712785776,-0.24855707127857757,-0.1867677924389124,Low,False
Ecuador,1996,0.441,0.696,0.677,6993.644,8.852757015555742,0.0012145107546430722,0.03247425413367999,0.0050000000000000044,0.017000000000000015,0.0,-0.0040000000000000036,0.0,0.34690334230016595,0.09409665769983405,-0.016949342885790197,Mid,False
Ecuador,1997,0.45,0.695,0.682,7181.101,8.879207992904877,0.026450977349135485,0.03413792796129833,0.0050000000000000044,0.015000000000000013,0.0,0.0050000000000000044,0.0,0.349927286976923,0.10007271302307702,0.003931728409396484,Mid,False
Ecuador,1998,0.459,0.696,0.684,7307.1694,8.89661125477143,0.017403261866553166,0.04506874997033172,0.0020000000000000018,0.01200000000000001,0.0,0.014000000000000012,0.0,0.36177601387768377,0.09722398612231625,-0.005872671577517807,High,False
Ecuador,1999,0.454,0.693,0.682,6884.7925,8.837070272727479,-0.059540982043952084,-0.015686742828263434,-0.0020000000000000018,0.0050000000000000044,1.0,0.009000000000000008,0.0,0.2885146239677292,0.16548537603227081,0.07138871833243676,High,False
Ecuador,2000,0.445,0.689,0.683,6908.243,8.84047061525472,0.003400342527241307,-0.03873737765015761,0.0010000000000000009,0.0010000000000000009,0.0,0.0,0.0,0.3292152406971681,0.11578475930283189,0.015712046279754865,High,False
Ecuador,2001,0.445,0.689,0.691,7131.194,8.872233960818816,0.03176334556409621,-0.024377293952614565,0.007999999999999896,0.006999999999999895,0.0,-0.0010000000000000009,0.0,0.35333369713005597,0.09166630286994404,-0.005557683252372214,High,False
Ecuador,2002,0.446,0.689,0.698,7359.707,8.903775401147882,0.03154144032906636,0.06670512842040388,0.007000000000000006,0.015999999999999903,0.0,0.039000000000000035,0.0,0.3668913096099539,0.07910869039004609,-0.08637668564222473,Mid,False
Ecuador,2003,0.454,0.698,0.703,7468.5034,8.918449909995607,0.014674508847724255,0.07797929474088683,0.0050000000000000044,0.019999999999999907,0.0,0.11099999999999999,1.0,0.3650153536247603,0.08898464637523973,-0.026800112927592157,Mid,False
Ecuador,2004,0.452,0.698,0.709,7958.921,8.982048716886503,0.06359880689089614,0.10981475606768676,0.006000000000000005,0.018000000000000016,0.0,0.123,1.0,0.375987890894324,0.07601210910567602,-0.01565419376426802,Mid,False
Ecuador,2005,0.454,0.698,0.714,8256.777,9.018789596665052,0.036740879778548674,0.11501419551716907,0.0050000000000000044,0.016000000000000014,0.0,0.14500000000000002,1.0,0.3889498978424334,0.06505010215756662,-0.014058588232479463,Mid,False
Ecuador,2006,0.451,0.693,0.718,8521.56,9.05035470165441,0.03156510498935816,0.13190479165880298,0.0040000000000000036,0.015000000000000013,0.0,0.14700000000000002,1.0,0.3713575250425281,0.0796424749574719,-0.00934217141776783,Mid,False
Ecuador,2007,0.407,0.671,0.722,8633.584,9.063414993347054,0.013060291692644554,0.08136627646055139,0.0040000000000000036,0.013000000000000012,0.0,0.10299999999999998,1.0,0.4488907082723535,-0.04189070827235353,-0.11790281737802955,Mid,False
Ecuador,2008,0.343,0.634,0.729,9103.872,9.116455096513318,0.053040103166264174,0.09766549984826689,0.007000000000000006,0.015000000000000013,0.0,0.07800000000000001,0.0,0.4542969468589328,-0.11129694685893277,-0.1763470490164994,Mid,False
Ecuador,2009,0.329,0.613,0.731,9081.37,9.113980341271207,-0.0024747552421118257,0.0636256396167969,0.0020000000000000018,0.013000000000000012,0.0,0.067,0.0,0.416006552630187,-0.08700655263018697,-0.16664902758765887,Mid,False
Ecuador,2010,0.309,0.588,0.737,9327.213,9.140691535391161,0.026711194119954484,0.07727654204410683,0.006000000000000005,0.015000000000000013,0.0,0.046999999999999986,0.0,0.46256327748601617,-0.15356327748601617,-0.11167256921366264,Mid,False
Ecuador,2011,0.304,0.581,0.743,9985.0,9.208839245849916,0.06814771045875467,0.09238414933659733,0.006000000000000005,0.014000000000000012,0.0,0.04199999999999998,0.0,0.4351302751610496,-0.13113027516104958,-0.019833328302116815,Mid,False
Ecuador,2012,0.306,0.586,0.75,10398.948,9.249459926166915,0.040620680316999724,0.13547958489570888,0.007000000000000006,0.019000000000000017,0.0,0.043999999999999984,0.0,0.49962473467945334,-0.19362473467945335,-0.10661818204926637,Low,False
Ecuador,2013,0.265,0.538,0.755,10761.351,9.283716383454895,0.0342564572879791,0.1430248480637335,0.0050000000000000044,0.018000000000000016,0.0,0.0030000000000000027,0.0,0.5159237077767337,-0.2509237077767337,-0.0973604302907175,Mid,False
Ecuador,2014,0.262,0.534,0.76,11016.161,9.307118655406992,0.02340227195209721,0.09827940955707604,0.0050000000000000044,0.017000000000000015,0.0,-0.0010000000000000009,0.0,0.5254599724479454,-0.2634599724479454,-0.1323296972868958,Mid,False
Ecuador,2015,0.263,0.533,0.764,10878.766,9.294568094859851,-0.012550560547140321,0.04510816869293599,0.0040000000000000036,0.014000000000000012,0.0,-0.0010000000000000009,0.0,0.5239599479900005,-0.26095994799000044,-0.06733521331054709,Mid,False
Ecuador,2016,0.264,0.54,0.761,10603.806,9.268968272258535,-0.025599822601316546,-0.014748111196359659,-0.0030000000000000027,0.006000000000000005,1.0,-0.07400000000000001,0.0,0.43151116919294,-0.16751116919294,0.08341253858379366,High,False
Ecuador,2017,0.338,0.552,0.764,10715.15,9.279413906876421,0.010445634617886057,-0.02770474853057081,0.0030000000000000027,0.0040000000000000036,0.0,-0.10799999999999998,0.0,0.46141188535457356,-0.12341188535457354,0.14004808709337185,High,False
Egypt,1996,0.156,0.215,0.617,5293.1006,8.574159477912021,0.056752909262325346,0.15289755313461129,0.008000000000000007,0.02400000000000002,0.0,0.0050000000000000044,0.0,0.270129945230915,-0.11412994523091499,0.019015981760863887,Low,False
Egypt,1997,0.155,0.213,0.623,5594.597,8.62955658955488,0.05539711164285954,0.1643751821570092,0.006000000000000005,0.02200000000000002,0.0,0.0040000000000000036,0.0,0.29210907340567854,-0.13710907340567854,-0.00044110729106988655,Low,False
Egypt,1998,0.155,0.215,0.629,5884.802,8.680128374268563,0.05057178471368218,0.16272180561886707,0.006000000000000005,0.020000000000000018,0.0,0.0040000000000000036,0.0,0.30485518132611444,-0.14985518132611444,-0.03917460282286178,Low,False
Egypt,1999,0.155,0.215,0.634,6211.0156,8.734079704228987,0.05395132996042484,0.15992022631696656,0.0050000000000000044,0.017000000000000015,0.0,0.0040000000000000036,0.0,0.30485518132611444,-0.14985518132611444,-0.03572523609519945,Mid,False
Egypt,2000,0.154,0.217,0.639,6593.5317,8.79384440200142,0.059764697772433095,0.16428781244654012,0.0050000000000000044,0.016000000000000014,0.0,0.0030000000000000027,0.0,0.30485518132611444,-0.15085518132611445,-0.013746107920435902,Mid,False
Egypt,2001,0.151,0.209,0.642,6914.937,8.84143913342829,0.04759473142686943,0.16131075915972737,0.0030000000000000027,0.013000000000000012,0.0,0.0,0.0,0.3189612158543173,-0.1679612158543173,-0.018106034528202863,Mid,False
Egypt,2002,0.151,0.209,0.643,7142.6865,8.873844245069598,0.03240511164130844,0.13976454084061096,0.0010000000000000009,0.009000000000000008,0.0,0.0,0.0,0.31781987306057075,-0.16681987306057075,-0.016964691734456305,Mid,False
Egypt,2003,0.151,0.209,0.643,7365.8027,8.904603311416848,0.03075906634724923,0.1107589094154271,0.0,0.0040000000000000036,0.0,0.0,0.0,0.3533290030584649,-0.20232900305846488,-0.05147382173235043,Mid,False
Egypt,2004,0.151,0.208,0.645,7661.86,8.944010053102012,0.03940674168516445,0.10257091967372212,0.0020000000000000018,0.0030000000000000027,0.0,-0.0010000000000000009,0.0,0.37665028240861526,-0.22565028240861526,-0.05768906655429795,High,True
Egypt,2005,0.152,0.21,0.648,8021.8833,8.989928498729792,0.04591844562778036,0.11608425366019404,0.0030000000000000027,0.0050000000000000044,0.0,0.0,0.0,0.35289998322640764,-0.20089998322640765,-0.0340801101658369,Mid,False
Egypt,2006,0.153,0.212,0.651,8509.614,9.048951862136816,0.05902336340702341,0.14434855071996822,0.0030000000000000027,0.008000000000000007,0.0,0.031,0.0,0.3305625606888076,-0.17756256068880763,0.02476644236965725,Mid,False
Egypt,2007,0.152,0.212,0.658,9130.598,9.119386469801155,0.07043460766433896,0.17537641669914272,0.007000000000000006,0.013000000000000012,0.0,0.03,0.0,0.3186150700406533,-0.16661507004065332,0.05903521236796194,Mid,False
Egypt,2008,0.152,0.212,0.665,9698.017,9.17967671060251,0.06029024080135592,0.1897482118727183,0.007000000000000006,0.017000000000000015,0.0,0.05499999999999999,0.0,0.3302080870228794,-0.1782080870228794,0.02269189620352824,Low,False
Egypt,2009,0.152,0.211,0.671,10159.002,9.226115487961296,0.046438777358785543,0.17716362582448042,0.006000000000000005,0.020000000000000018,0.0,0.06699999999999999,0.0,0.34480852137785756,-0.19280852137785756,-0.015245960689049931,Low,False
Egypt,2010,0.152,0.212,0.677,10719.291,9.279800294377873,0.05368480641657669,0.16041382457671816,0.006000000000000005,0.019000000000000017,0.0,0.06699999999999999,0.0,0.3581094929929289,-0.20610949299292888,-0.039494422952275565,Low,False
Egypt,2011,0.122,0.204,0.68,10737.0,9.281450999434135,0.0016507050562619696,0.1017742888316242,0.0030000000000000027,0.015000000000000013,0.0,0.03699999999999999,0.0,0.42865997474185075,-0.30665997474185075,-0.12845188771897134,Mid,False
Egypt,2012,0.157,0.298,0.689,10774.53,9.284940294531031,0.0034892950968963277,0.05882480656973499,0.008999999999999897,0.017999999999999905,0.0,0.072,0.0,0.4646065261540329,-0.30760652615403294,-0.11479800477617538,Mid,False
Egypt,2013,0.097,0.187,0.695,10871.145,9.293867310354399,0.008927015823367412,0.01406701597652571,0.006000000000000005,0.017999999999999905,0.0,0.011999999999999997,0.0,0.5086365685493497,-0.4116365685493497,-0.20552707555642083,Mid,False
Egypt,2014,0.085,0.137,0.699,11135.728,9.317913956988543,0.024046646634143798,0.03646295755440754,0.0040000000000000036,0.018999999999999906,0.0,-0.007999999999999993,0.0,0.5016872220277004,-0.4166872220277004,-0.11002724728584967,Mid,False
Egypt,2015,0.093,0.156,0.706,11312.848,9.333694349965967,0.015780392977424285,0.048754055434935495,0.007000000000000006,0.017000000000000015,0.0,-0.019000000000000003,0.0,0.5323374153763246,-0.43933741537632465,-0.1317308892222917,Mid,False
Egypt,2016,0.122,0.178,0.713,11458.447,9.34648246625156,0.012788116285593176,0.05261515589716126,0.007000000000000006,0.018000000000000016,0.0,0.009999999999999995,0.0,0.5312321917512731,-0.4092321917512731,0.0024043767980765907,Mid,False
Egypt,2017,0.113,0.178,0.72,11545.594,9.354059171309569,0.00757670505800867,0.03614521432102613,0.007000000000000006,0.02100000000000002,0.0,0.0010000000000000009,0.0,0.5316659275028149,-0.41866592750281495,-0.0019787054751145283,Mid,False
El Salvador,1996,0.28,0.491,0.576,4671.339,8.449201033334276,0.017068315884378293,0.14199881880063714,0.009000000000000008,0.027999999999999914,0.0,-0.0019999999999999463,0.0,0.2524034037505112,0.027596596249488847,0.0531949708840298,Low,False
El Salvador,1997,0.282,0.493,0.586,4882.68,8.493449528430734,0.044248495096457674,0.12327299129034941,0.010000000000000009,0.027999999999999914,0.0,-0.007000000000000006,0.0,0.2855149418589904,-0.003514941858990428,-0.013844244909099912,Low,False
El Salvador,1998,0.289,0.492,0.594,5077.892,8.53265149382262,0.03920196539188581,0.10051877637272177,0.008000000000000007,0.027000000000000024,0.0,-0.008000000000000007,0.0,0.2941924939387575,-0.005192493938757536,-0.031521796988867035,Low,False
El Salvador,1999,0.297,0.505,0.598,5263.8867,8.568624949217288,0.03597345539466801,0.11942391588301149,0.0040000000000000036,0.02200000000000002,0.0,-0.018000000000000016,0.0,0.31279746899888533,-0.015797468998885345,-0.04339406524837419,Low,False
El Salvador,2000,0.315,0.522,0.607,5403.715,8.59484195897729,0.02621700976000163,0.10139243054655545,0.009000000000000008,0.02100000000000002,0.0,-0.01100000000000001,0.0,0.3033522975918964,0.011647702408103588,0.015162644267094016,Mid,False
El Salvador,2001,0.326,0.534,0.612,5550.187,8.621586899866553,0.026744940889264157,0.0889354060439338,0.0050000000000000044,0.018000000000000016,0.0,-0.0050000000000000044,0.0,0.35050361272205277,-0.02450361272205276,-0.019311118783295222,Mid,False
El Salvador,2002,0.331,0.543,0.621,5751.0605,8.657139551568001,0.0355526517014475,0.08851460235071329,0.009000000000000008,0.02300000000000002,0.0,-0.0010000000000000009,0.0,0.3324415680900094,-0.001441568090009393,0.014355900908875951,Mid,False
El Salvador,2003,0.332,0.537,0.628,5957.201,8.692356018875795,0.035216467307794375,0.09751405989850603,0.007000000000000006,0.02100000000000002,0.0,-0.0040000000000000036,0.0,0.352316313454316,-0.020316313454316004,-0.03196401586241959,Mid,False
El Salvador,2004,0.336,0.539,0.636,6145.98,8.723553488536096,0.03119746966030057,0.10196658866954245,0.008000000000000007,0.02400000000000002,0.0,-0.0020000000000000018,0.0,0.3215835009693547,0.014416499030645347,0.038920111752698106,Low,False
El Salvador,2005,0.338,0.542,0.642,6441.4956,8.770516028160634,0.04696253962453767,0.11337647659263261,0.006000000000000005,0.02100000000000002,0.0,-0.009999999999999953,0.0,0.3676946273483257,-0.029694627348325675,-0.028253059258316282,Mid,False
El Salvador,2006,0.348,0.557,0.647,6782.2314,8.822061441832213,0.05154541367157961,0.12970542295641785,0.0050000000000000044,0.019000000000000017,0.0,-0.0030000000000000027,0.0,0.3236407223279941,0.024359277672005852,0.044675591126321856,Mid,False
El Salvador,2007,0.351,0.56,0.653,7139.182,8.873353482944134,0.051292041111921094,0.14979999440803837,0.006000000000000005,0.017000000000000015,0.0,-0.006000000000000005,0.0,0.30558470948129446,0.04541529051870552,0.030998791488060173,Mid,False
El Salvador,2008,0.357,0.561,0.653,7312.656,8.897361824645893,0.024008341701758695,0.1268457964852594,0.0,0.01100000000000001,0.0,-0.04200000000000004,0.0,0.31369431929501057,0.04330568070498941,0.07300030805331509,Mid,False
El Salvador,2009,0.399,0.594,0.653,7166.159,8.877125085729269,-0.020236738916624475,0.055063643897055314,0.0,0.006000000000000005,1.0,-0.022999999999999965,0.0,0.37155547538762573,0.027444524612374288,0.0030852469403684357,High,False
El Salvador,2010,0.422,0.613,0.66,7351.1147,8.902607240571633,0.025482154842364935,0.029253757627499155,0.007000000000000006,0.007000000000000006,0.0,-0.0030000000000000027,0.0,0.41020259144239885,0.011797408557601141,-0.03361788196110438,High,False
El Salvador,2011,0.425,0.613,0.662,7607.0,8.936824154997302,0.03421691442566832,0.03946233035140878,0.0020000000000000018,0.009000000000000008,0.0,-0.0040000000000000036,0.0,0.4014024389663308,0.023597561033669168,-0.019708119671320246,High,False
El Salvador,2012,0.429,0.615,0.666,7726.0,8.952346543226227,0.015522388228925266,0.07522145749695852,0.0040000000000000036,0.013000000000000012,0.0,-0.008000000000000007,0.0,0.3727867367553108,0.05621326324468917,0.028768738632314883,Mid,False
El Salvador,2013,0.437,0.626,0.668,7845.0,8.967631665167133,0.01528512194090581,0.0650244245954994,0.0020000000000000018,0.008000000000000007,0.0,0.009000000000000008,0.0,0.38257612929380536,0.054423870706194644,0.0426264621485935,High,False
El Salvador,2014,0.465,0.665,0.668,7935.0,8.97903863296051,0.01140696779337702,0.0422144779632081,0.0,0.006000000000000005,0.0,0.07200000000000001,0.0,0.40319764312060913,0.061802356879390896,0.03820479584572173,High,False
El Salvador,2015,0.462,0.658,0.667,8109.0,9.000729834944558,0.021691201984047837,0.04838329171833067,-0.0010000000000000009,0.0010000000000000009,0.0,0.14600000000000002,1.0,0.40777865015150017,0.054221349848499856,-0.0019919133961893154,High,False
El Salvador,2016,0.461,0.659,0.666,8289.273,9.02271754826452,0.02198771331996241,0.05508588309738727,-0.0010000000000000009,-0.0020000000000000018,0.0,0.30500000000000005,1.0,0.4082248117248156,0.052775188275184404,-0.00164868243101024,High,False
El Salvador,2017,0.465,0.672,0.665,8454.2,9.042418638287167,0.01970109002264664,0.06338000532665689,-0.0010000000000000009,-0.0030000000000000027,0.0,0.34700000000000003,1.0,0.41687490987272163,0.04812509012727839,-0.013677266752112505,High,False
Equatorial Guinea,2006,0.054,0.182,0.591,36615.707,10.50823258033511,0.02898295270514062,0.2837070750230559,0.025000000000000022,0.04999999999999993,0.0,0.0049999999999999975,0.0,0.12461516584465267,-0.07061516584465266,0.019455684165579162,Low,False
Equatorial Guinea,2007,0.053,0.182,0.603,41277.754,10.628078989760496,0.11984640942538682,0.2111725688256847,0.01200000000000001,0.050999999999999934,0.0,0.003999999999999997,0.0,0.3057753764986665,-0.2527753764986665,-0.23061763764399867,Low,False
Equatorial Guinea,2008,0.053,0.179,0.613,47562.32,10.769796130102794,0.14171714034229765,0.2905465024728251,0.010000000000000009,0.04700000000000004,0.0,0.003999999999999997,0.0,0.12519806550729218,-0.07219806550729219,-0.017222816677534468,Low,False
Equatorial Guinea,2009,0.053,0.18,0.615,47161.285,10.76132860194761,-0.008467528155183146,0.25309602161250133,0.0020000000000000018,0.02400000000000002,0.0,0.003999999999999997,0.0,0.11615149578706149,-0.0631514957870615,0.00746367005759116,Low,False
Equatorial Guinea,2010,0.049,0.177,0.612,42037.9,10.646326871316964,-0.115001730630647,0.018247881556467505,-0.0030000000000000027,0.009000000000000008,1.0,0.0,0.0,0.22439086213102008,-0.17539086213102006,0.07738451436764643,High,False
Equatorial Guinea,2011,0.049,0.176,0.624,43841.0,10.688324731580726,0.04199786026376273,-0.08147139852206742,0.01200000000000001,0.01100000000000001,0.0,0.0,0.0,0.2565077386615973,-0.20750773866159733,-0.13530967315430514,High,True
Equatorial Guinea,2012,0.049,0.176,0.635,46255.0,10.74192484520542,0.05360011362469308,-0.01940375674219119,0.01100000000000001,0.020000000000000018,0.0,0.0,0.0,0.17208991609052227,-0.12308991609052226,-0.05993842030346076,Mid,False
Equatorial Guinea,2013,0.052,0.177,0.644,43209.0,10.67380408586716,-0.06812075933826023,0.027477214550195583,0.009000000000000008,0.03200000000000003,1.0,0.0029999999999999957,0.0,0.19121101388141226,-0.13921101388141227,0.03617984824960779,Mid,False
Equatorial Guinea,2014,0.053,0.179,0.652,41907.0,10.64320815639566,-0.030595929471498806,-0.045116575185065955,0.008000000000000007,0.028000000000000025,1.0,0.003999999999999997,0.0,0.23042426172967773,-0.17742426172967773,0.030083476931919595,Mid,False
Equatorial Guinea,2015,0.05,0.178,0.656,37822.0,10.540646222887219,-0.10256193350844178,-0.20127862231820082,0.0040000000000000036,0.02100000000000002,1.0,0.0010000000000000009,0.0,0.22711542868716916,-0.17711542868716917,-0.05402551259664691,Mid,False
Equatorial Guinea,2016,0.051,0.18,0.659,33206.637,10.410505044563864,-0.13014117832335437,-0.26329904130329496,0.0030000000000000027,0.015000000000000013,1.0,0.001999999999999995,0.0,0.19644291244554152,-0.14544291244554153,-0.006231898564129257,High,False
Equatorial Guinea,2017,0.049,0.174,0.661,30206.871,10.315824694041286,-0.0946803505225784,-0.32738346235437454,0.0020000000000000018,0.009000000000000008,1.0,0.0,0.0,0.18960031133343522,-0.1406003113334352,0.03682395039624253,High,False
Estonia,1996,0.804,0.869,0.746,13547.661,9.513969191481113,0.05043897314262047,0.1041891996873563,0.02100000000000002,0.03300000000000003,0.0,-0.0010000000000000009,0.0,0.3300912188466177,0.47390878115338236,-0.11661419452573912,Low,False
Estonia,1997,0.806,0.869,0.759,15074.775,9.620778096110868,0.10680890462975512,0.22229472817953422,0.013000000000000012,0.04800000000000004,0.0,0.0010000000000000009,0.0,0.4338501294731665,0.37214987052683357,-0.10548952937570161,Low,False
Estonia,1998,0.805,0.869,0.767,15593.005,9.654577695241539,0.03379959913067054,0.19104747690304613,0.008000000000000007,0.04200000000000004,0.0,-0.0020000000000000018,0.0,0.43457358254782263,0.3704264174521774,-0.03033168481624232,Low,False
Estonia,1999,0.807,0.869,0.776,15335.106,9.637899988816605,-0.016677706424934158,0.1239307973354915,0.009000000000000008,0.030000000000000027,0.0,-0.0010000000000000009,0.0,0.4497552283329239,0.35724477166707613,-0.11666400948630623,Low,False
Estonia,2000,0.808,0.869,0.793,16806.975,9.729549257800004,0.09164926898339942,0.10877116168913581,0.017000000000000015,0.03400000000000003,0.0,0.0,0.0,0.39586906158653257,0.4121309384134675,0.039981067886633914,Low,False
Estonia,2001,0.808,0.869,0.802,17696.61,9.781128374794855,0.051579116994851404,0.12655067955331667,0.009000000000000008,0.03500000000000003,0.0,0.0,0.0,0.5559816076453172,0.2520183923546828,-0.1184080250974946,Low,False
Estonia,2002,0.811,0.871,0.813,18589.15,9.830333356162877,0.049204981368021095,0.19243336734627192,0.010999999999999899,0.03699999999999992,0.0,0.0030000000000000027,0.0,0.6086470850929395,0.20235291490706053,-0.1548918567600156,Low,False
Estonia,2003,0.808,0.868,0.824,19771.742,9.892009025585898,0.06167566942302116,0.16245976778589366,0.01100000000000001,0.030999999999999917,0.0,-0.0030000000000000027,0.0,0.649358885865143,0.15864111413485704,-0.25348982427861044,Low,False
Estonia,2004,0.811,0.871,0.834,20803.758,9.942888922446917,0.05087989686101935,0.1617605476520616,0.010000000000000009,0.03199999999999992,0.0,0.0,0.0,0.6858083951765208,0.12519160482347924,-0.12682678753120358,Low,False
Estonia,2005,0.811,0.871,0.847,22518.541,10.02209429329874,0.07920537085182211,0.19176093713586262,0.013000000000000012,0.03400000000000003,0.0,0.0,0.0,0.6393316913461154,0.1716683086538846,-0.030684606253175928,Low,False
Estonia,2006,0.811,0.871,0.855,24578.816,10.109640212716563,0.08754591941782408,0.21763118713066554,0.008000000000000007,0.031000000000000028,0.0,0.0,0.0,0.6678412065004564,0.14315879349954364,-0.015482320635313407,Low,False
Estonia,2007,0.811,0.871,0.859,26177.871,10.172669714537552,0.06302950182098854,0.22978079209063473,0.0040000000000000036,0.025000000000000022,0.0,0.0,0.0,0.6806359229517188,0.13036407704828123,0.005172472224801994,Low,False
Estonia,2008,0.811,0.871,0.864,24429.021,10.103527089768914,-0.06914262476863797,0.08143279647017465,0.0050000000000000044,0.017000000000000015,1.0,-0.0029999999999998916,0.0,0.676240309617937,0.13475969038206304,-0.03690861827182157,Mid,False
Estonia,2009,0.814,0.874,0.863,20538.049,9.930034493576798,-0.17349259619211566,-0.17960571913976509,-0.0010000000000000009,0.008000000000000007,1.0,-0.015000000000000013,0.0,0.721805769933268,0.092194230066732,-0.05096456343281164,High,True
Estonia,2010,0.829,0.88,0.868,20713.426,9.93853736803783,0.008502874461031595,-0.23413234649972203,0.0050000000000000044,0.009000000000000008,0.0,-0.0030000000000000027,0.0,0.6913942271433817,0.13760577285661824,0.007241695808337001,High,False
Estonia,2011,0.832,0.883,0.877,21997.0,9.998661359405723,0.06012399136789348,-0.10486573036319058,0.009000000000000008,0.013000000000000012,0.0,0.0,0.0,0.7844210590630997,0.047578940936900294,-0.08718074944516274,High,True
Estonia,2012,0.832,0.883,0.88,22784.3,10.033826981259848,0.03516562185412475,0.10379248768304983,0.0030000000000000027,0.017000000000000015,0.0,-0.0020000000000000018,0.0,0.7629572663174308,0.06904273368256919,-0.023151496384162806,Mid,False
Estonia,2013,0.834,0.883,0.887,23204.111,10.052084740232504,0.01825775897265558,0.11354737219467381,0.007000000000000006,0.019000000000000017,0.0,-0.0040000000000000036,0.0,0.7659503978654498,0.06804960213455014,-0.0695561707220681,Mid,False
Estonia,2014,0.838,0.888,0.885,23982.828,10.085093353237795,0.033008613005291565,0.0864319938320719,-0.0020000000000000018,0.008000000000000007,0.0,-0.007000000000000006,0.0,0.743449675189851,0.09455032481014902,0.04697138387324873,Mid,False
Estonia,2015,0.845,0.894,0.888,24473.66,10.105352716155252,0.020259362917457224,0.07152573489540437,0.0030000000000000027,0.008000000000000007,0.0,0.0030000000000000027,0.0,0.7457947103786023,0.09920528962139763,0.03016255593882844,High,False
Estonia,2016,0.859,0.907,0.89,25196.154,10.134446642804424,0.02909392664917121,0.08236190257192,0.0020000000000000018,0.0030000000000000027,0.0,0.017000000000000015,0.0,0.7521306695786834,0.10686933042131663,0.0388197282867665,High,False
Estonia,2017,0.861,0.907,0.894,26661.627,10.19098061962752,0.05653397682309702,0.10588726638972545,0.0040000000000000036,0.009000000000000008,0.0,0.019000000000000017,0.0,0.7323453076480648,0.12865469235193516,0.03410436754178614,Mid,False
Eswatini,1996,0.098,0.115,0.532,4514.5493,8.41506063805561,0.029417329466056685,0.1254510152583599,-0.008000000000000007,-0.018000000000000016,0.0,0.0030000000000000027,0.0,0.22589897426065667,-0.12789897426065666,0.010361866689220456,Mid,False
Eswatini,1997,0.098,0.115,0.523,4620.9185,8.4383487738396,0.02328813578398936,0.11129772039820729,-0.009000000000000008,-0.020000000000000018,0.0,0.0030000000000000027,0.0,0.22754671035678745,-0.12954671035678744,0.039968976213565904,High,False
Eswatini,1998,0.095,0.117,0.511,4712.536,8.457981470984382,0.01963269714478244,0.07233816239482849,-0.01200000000000001,-0.029000000000000026,0.0,-0.0010000000000000009,0.0,0.24428142827424396,-0.14928142827424395,-0.008214510779105288,High,False
Eswatini,1999,0.096,0.123,0.504,4827.286,8.482039683957069,0.024058212972686732,0.06697904590145853,-0.007000000000000006,-0.028000000000000025,0.0,0.0,0.0,0.25485567453697,-0.15885567453697,-0.030956700276313337,High,False
Eswatini,2000,0.097,0.124,0.493,4894.5205,8.49587159306742,0.013831909110351148,0.05752281922782032,-0.01100000000000001,-0.030000000000000027,0.0,0.0010000000000000009,0.0,0.2328212584927762,-0.1358212584927762,-0.006274548135988767,High,False
Eswatini,2001,0.097,0.125,0.484,4976.905,8.512563490872482,0.016691897805062084,0.054582019888099964,-0.009000000000000008,-0.027000000000000024,0.0,0.0010000000000000009,0.0,0.2471955665287892,-0.1501955665287892,-0.0009141382545452548,High,False
Eswatini,2002,0.097,0.125,0.473,5136.7246,8.544170917973107,0.03160742710062436,0.062131234016037595,-0.01100000000000001,-0.031000000000000028,0.0,0.0020000000000000018,0.0,0.2190602952322652,-0.12206029523226519,0.036795379304704806,High,False
Eswatini,2003,0.097,0.125,0.469,5377.5576,8.58998957238159,0.04581865440848354,0.09411797931416999,-0.0040000000000000036,-0.02400000000000002,0.0,0.0020000000000000018,0.0,0.2722507622104507,-0.1752507622104507,-0.03942950371767448,High,False
Eswatini,2004,0.096,0.123,0.467,5559.47,8.623258058960024,0.033268486578434064,0.11069456808754197,-0.0019999999999999463,-0.01699999999999996,0.0,0.0010000000000000009,0.0,0.24001653461836828,-0.14401653461836827,0.006179031910420935,High,False
Eswatini,2005,0.096,0.128,0.472,5867.2334,8.677138489965161,0.05388043100513684,0.13296757199205445,0.004999999999999949,-0.0010000000000000009,0.0,0.0020000000000000018,0.0,0.26127048439365846,-0.16527048439365846,-0.04321018916139327,Mid,False
Eswatini,2006,0.096,0.129,0.485,6187.766,8.730329395851896,0.05319090588673525,0.14033982347030616,0.013000000000000012,0.016000000000000014,0.0,0.0030000000000000027,0.0,0.262697399768151,-0.16669739976815098,0.008553362442299706,Mid,False
Eswatini,2007,0.095,0.129,0.497,6467.8203,8.77459443737969,0.04426504152779387,0.15133637841966596,0.01200000000000001,0.02999999999999997,0.0,0.0020000000000000018,0.0,0.2572101245134834,-0.1622101245134834,-0.01819358989511513,Low,False
Eswatini,2008,0.097,0.127,0.507,6791.392,8.823411206905375,0.04881676952568448,0.1462727169402136,0.010000000000000009,0.03500000000000003,0.0,0.0040000000000000036,0.0,0.2438878758472034,-0.1468878758472034,0.01838260854645507,Low,False
Eswatini,2009,0.097,0.124,0.519,7011.095,8.855249173250666,0.031837966345291235,0.12491977739876958,0.01200000000000001,0.03400000000000003,0.0,0.0040000000000000036,0.0,0.26008638781223076,-0.16308638781223075,0.003611011955920229,Low,False
Eswatini,2010,0.094,0.125,0.534,7192.752,8.880829131308289,0.02557995805762303,0.10623469392859874,0.015000000000000013,0.03700000000000003,0.0,0.0010000000000000009,0.0,0.23953564493557722,-0.14553564493557722,0.016674479577906187,Low,False
Eswatini,2011,0.093,0.125,0.545,7389.0,8.907747686788648,0.02691855548035882,0.08433647988327309,0.01100000000000001,0.038000000000000034,0.0,0.0,0.0,0.25015438759544195,-0.15715438759544195,-0.01026651174823856,Low,False
Eswatini,2012,0.093,0.125,0.562,7552.0,8.929567707825337,0.021820021036688786,0.07431853457467064,0.017000000000000015,0.04300000000000004,0.0,-0.0040000000000000036,0.0,0.1926759930938635,-0.09967599309386349,0.06341039471836726,Low,False
Eswatini,2013,0.097,0.13,0.578,7805.0,8.962519832949532,0.03295212512419532,0.08169070164124292,0.015999999999999903,0.04399999999999993,0.0,0.0,0.0,0.2445370838902315,-0.14753708389023149,-0.0020014389546542666,Low,False
Eswatini,2014,0.097,0.131,0.592,7927.0,8.978029932837156,0.015510099887624307,0.07028224604850841,0.014000000000000012,0.04699999999999993,0.0,0.0,0.0,0.227435963696899,-0.130435963696899,0.026718423898542953,Low,False
Eswatini,2015,0.097,0.131,0.607,7969.0,8.983314293397749,0.00528436056059256,0.05374658557241219,0.015000000000000013,0.04499999999999993,0.0,0.0,0.0,0.23724456344660794,-0.14024456344660793,-0.04056857035274444,Mid,False
Eswatini,2016,0.097,0.131,0.619,7993.1494,8.986340128806274,0.0030258354085255235,0.02382029585674239,0.01200000000000001,0.041000000000000036,0.0,0.0020000000000000018,0.0,0.31093749993263037,-0.21393749993263037,-0.06640041604239888,Mid,False
Eswatini,2017,0.099,0.132,0.631,8092.3403,8.998673251283773,0.012333122477498293,0.020643318446616377,0.01200000000000001,0.039000000000000035,0.0,0.0040000000000000036,0.0,0.3179206449272222,-0.2189206449272222,-0.08848468123032321,Mid,False
Ethiopia,2006,0.111,0.241,0.366,880.6544,6.780665267475367,0.0601517898627133,0.14140627745262968,0.016000000000000014,0.04899999999999999,0.0,0.006000000000000005,0.0,0.19879792545128797,-0.08779792545128796,0.038820848456220455,Low,False
Ethiopia,2007,0.113,0.244,0.383,936.3743,6.842015289704024,0.06135002222865715,0.19372372585270003,0.017000000000000015,0.05199999999999999,0.0,0.008000000000000007,0.0,0.240296273202157,-0.12729627320215697,-0.04107917595283618,Low,False
Ethiopia,2008,0.113,0.244,0.398,989.9804,6.897685144952855,0.055669855248830835,0.1771716673402013,0.015000000000000013,0.04800000000000004,0.0,0.009000000000000008,0.0,0.23726695838601655,-0.12426695838601655,-0.0195894912492956,Low,False
Ethiopia,2009,0.113,0.244,0.405,1043.5319,6.95036629624645,0.052681151293595185,0.16970102877108317,0.007000000000000006,0.039000000000000035,0.0,0.009000000000000008,0.0,0.25213176226824974,-0.13913176226824975,-0.051333836816961784,Low,False
Ethiopia,2010,0.109,0.229,0.415,1106.383,7.008851415084275,0.058485118837825034,0.16683612538025105,0.009999999999999953,0.03199999999999997,0.0,0.007000000000000006,0.0,0.2522583360657848,-0.1432583360657848,-0.015962062863627835,Low,False
Ethiopia,2011,0.105,0.223,0.425,1199.0,7.089243155027514,0.08039173994323878,0.191558010074659,0.010000000000000009,0.02699999999999997,0.0,0.0059999999999999915,0.0,0.245787541809955,-0.140787541809955,-0.01652058342393846,Low,False
Ethiopia,2012,0.106,0.225,0.433,1291.7769,7.1637739914134055,0.07453083638589142,0.21340769516695524,0.008000000000000007,0.02799999999999997,0.0,0.007999999999999993,0.0,0.22755280364544103,-0.12155280364544103,0.017578958622808713,Low,False
Ethiopia,2013,0.104,0.223,0.441,1385.158,7.233569491537259,0.0697955001238535,0.2247180764529837,0.008000000000000007,0.026000000000000023,0.0,0.0059999999999999915,0.0,0.23030583099770255,-0.12630583099770254,0.01695250506808227,Low,False
Ethiopia,2014,0.104,0.227,0.449,1488.9333,7.3058152365161355,0.07224574497887648,0.2165720814886214,0.008000000000000007,0.02400000000000002,0.0,0.0059999999999999915,0.0,0.19998504517726012,-0.09598504517726013,0.04480249663269488,Low,False
Ethiopia,2015,0.102,0.228,0.456,1601.2638,7.378548471440785,0.07273323492464989,0.21477448002737987,0.007000000000000006,0.02300000000000002,0.0,0.00399999999999999,0.0,0.21929266732417454,-0.11729266732417455,0.004260136321266483,Low,False
Ethiopia,2016,0.099,0.226,0.463,1722.3092,7.4514212275216805,0.07287275608089505,0.21785173598442142,0.007000000000000006,0.02200000000000002,0.0,0.0010000000000000009,0.0,0.20052789194947865,-0.10152789194947864,0.024777939048223896,Low,False
Ethiopia,2017,0.098,0.228,0.47,1840.3696,7.517721699996659,0.06630047247497828,0.21190646348052322,0.006999999999999951,0.020999999999999963,0.0,-0.033,0.0,0.218419765912203,-0.12041976591220299,-0.024434720734942864,Low,False
Finland,1996,0.832,0.873,0.863,26637.266,10.190066491760122,0.03342523123330032,0.10660413389850909,0.007000000000000006,0.025000000000000022,0.0,0.0,0.0,0.7753778902891436,0.05662210971085635,-0.1263223119158493,Low,False
Finland,1997,0.832,0.873,0.871,28239.875,10.248490265251773,0.05842377349165062,0.1299856923891074,0.008000000000000007,0.02100000000000002,0.0,0.0,0.0,0.7341066598994281,0.09789334010057182,-0.039698431429858405,Low,False
Finland,1998,0.832,0.873,0.88,29715.342,10.299418757073246,0.05092849182147319,0.14277749654642413,0.009000000000000008,0.02400000000000002,0.0,0.0010000000000000009,0.0,0.7699751820436491,0.06202481795635084,-0.04129008045209415,Low,False
Finland,1999,0.833,0.873,0.889,30986.889,10.341319458520974,0.041900701447728395,0.1512529667608522,0.009000000000000008,0.026000000000000023,0.0,0.0030000000000000027,0.0,0.791901759220561,0.04109824077943891,-0.01552386893141744,Low,False
Finland,2000,0.834,0.873,0.898,32689.77,10.394817463902744,0.053498005381769076,0.14632719865097066,0.009000000000000008,0.027000000000000024,0.0,0.0040000000000000036,0.0,0.7979532702424809,0.0360467297575191,-0.06184661034305272,Low,False
Finland,2001,0.834,0.873,0.908,33481.68,10.418753702555946,0.023936238653202935,0.1193349454827004,0.010000000000000009,0.028000000000000025,0.0,0.0040000000000000036,0.0,0.8062385631285897,0.027761436871410305,-0.034263381084940536,Low,False
Finland,2002,0.834,0.873,0.912,33986.555,10.433720284214347,0.014966581658400813,0.09240082569337282,0.0040000000000000036,0.02300000000000002,0.0,0.0040000000000000036,0.0,0.8039738216770793,0.03002617832292065,-0.011072062456518261,Mid,False
Finland,2003,0.831,0.871,0.915,34607.22,10.451817609797383,0.01809732558303523,0.057000145894638976,0.0030000000000000027,0.017000000000000015,0.0,0.0010000000000000009,0.0,0.8069450658506526,0.02405493414934734,-0.011991795608171762,Mid,False
Finland,2004,0.83,0.871,0.911,35888.613,10.488175337532525,0.03635772773514212,0.06942163497657816,-0.0040000000000000036,0.0030000000000000027,0.0,0.0,0.0,0.7761207542125016,0.053879245787498364,0.02611780891608806,High,False
Finland,2005,0.83,0.871,0.914,36787.258,10.51290681419865,0.024731476666126184,0.07918652998430353,0.0030000000000000027,0.0020000000000000018,0.0,-0.01200000000000001,0.0,0.7652007906751581,0.06479920932484184,0.034773031001921195,High,False
Finland,2006,0.842,0.88,0.917,38160.703,10.549561547824398,0.03665473362574723,0.09774393802701553,0.0030000000000000027,0.0020000000000000018,0.0,0.0,0.0,0.7780899189580424,0.06391008104195761,0.03985514689261027,High,False
Finland,2007,0.842,0.881,0.92,39998.523,10.596597807414328,0.047036259589930296,0.1084224698818037,0.0030000000000000027,0.009000000000000008,0.0,0.0,0.0,0.7968575600795142,0.04514243992048572,-0.008736805867012643,Mid,False
Finland,2008,0.842,0.881,0.921,40129.652,10.599870791406765,0.0032729839924368065,0.08696397720811433,0.0010000000000000009,0.007000000000000006,0.0,0.0,0.0,0.7738143841466066,0.06818561585339333,0.003386406528551489,Mid,False
Finland,2009,0.842,0.881,0.916,36662.613,10.509512795449385,-0.0903579959573797,-0.0400487523750126,-0.0050000000000000044,-0.0010000000000000009,1.0,0.0,0.0,0.8032538643625947,0.038746135637405255,-0.025163945404552357,High,False
Finland,2010,0.842,0.881,0.92,37615.113,10.535161190110506,0.025648394661120122,-0.06143661730382277,0.0040000000000000036,0.0,0.0,0.015000000000000013,0.0,0.8078356337841185,0.03416436621588148,-0.010978073704604241,High,False
Finland,2011,0.843,0.884,0.924,38432.0,10.55664572487971,0.02148453476920409,-0.04322506652705549,0.0040000000000000036,0.0030000000000000027,0.0,0.016000000000000014,0.0,0.7886707412749919,0.054329258725008045,-0.013856357128385288,High,False
Finland,2012,0.844,0.885,0.924,37715.01,10.53781343743419,-0.01883228744551957,0.028300641984804642,0.0,0.008000000000000007,0.0,0.017000000000000015,0.0,0.7856402034375675,0.05835979656243251,0.019613660925027254,High,False
Finland,2013,0.858,0.891,0.934,37203.145,10.524148579698432,-0.013664857735758318,-0.011012610412073798,0.010000000000000009,0.014000000000000012,0.0,0.031000000000000028,0.0,0.8120401842260965,0.04595981577390351,0.011795449558022031,High,False
Finland,2014,0.858,0.891,0.936,36907.92,10.516181441144347,-0.007967138554084485,-0.04046428373536237,0.0020000000000000018,0.01200000000000001,0.0,0.031000000000000028,0.0,0.8192576179320213,0.03874238206797864,-0.015586876657029403,High,False
Finland,2015,0.827,0.869,0.938,36986.7,10.518313667545865,0.0021322264015175563,-0.019499769888325247,0.0019999999999998908,0.013999999999999901,0.0,0.0,0.0,0.8307256467075371,-0.003725646707537167,-0.062085443269969676,High,True
Finland,2016,0.827,0.869,0.94,37924.152,10.543343444045849,0.02502977649998428,0.01919486434741735,0.0020000000000000018,0.005999999999999894,0.0,-0.008000000000000007,0.0,0.832867242122154,-0.005867242122154059,-0.05182705789605757,High,True
Finland,2017,0.836,0.873,0.942,39043.19,10.572423748254435,0.029080304208585872,0.05624230711008771,0.0020000000000000018,0.005999999999999894,0.0,0.009000000000000008,0.0,0.8111455760524929,0.02485442394750703,-0.01388795812047161,High,False
France,1996,0.802,0.874,0.842,29736.645,10.300135402621587,0.01074405639177023,0.04824139608752809,0.0050000000000000044,0.02400000000000002,0.0,0.0040000000000000036,0.0,0.6658519949281256,0.1361480050718744,-0.05341529041790305,Mid,False
France,1997,0.8,0.874,0.847,30341.807,10.320281809467822,0.020146406846235365,0.048408952692774676,0.0050000000000000044,0.015000000000000013,0.0,0.0020000000000000018,0.0,0.6981574990022577,0.10184250099774239,-0.12819363870318956,Mid,False
France,1998,0.798,0.873,0.851,31323.078,10.352110421138052,0.03182861167022999,0.06271907490823558,0.0040000000000000036,0.014000000000000012,0.0,0.0,0.0,0.6944171024782226,0.1035828975217774,-0.005732460820923491,Mid,False
France,1999,0.798,0.873,0.856,32284.611,10.382345956048843,0.030235534910790562,0.08221055342725592,0.0050000000000000044,0.014000000000000012,0.0,0.0,0.0,0.7207008088528247,0.07729919114717532,-0.058848813924699095,Mid,False
France,2000,0.798,0.873,0.852,33409.68,10.416600957334266,0.03425500128542325,0.0963191478664438,-0.0040000000000000036,0.0050000000000000044,0.0,0.0,0.0,0.6927040932005597,0.10529590679944034,0.0034534058016979507,Mid,False
France,2001,0.798,0.873,0.855,33920.098,10.431762979052609,0.0151620217183428,0.07965255791455661,0.0030000000000000027,0.0040000000000000036,0.0,-0.0030000000000000027,0.0,0.719623503055435,0.07837649694456506,-0.02520640057721235,High,False
France,2002,0.801,0.874,0.858,34152.773,10.438599062287999,0.006836083235389978,0.056253106239156025,0.0030000000000000027,0.0020000000000000018,0.0,-0.0010000000000000009,0.0,0.7314508628302065,0.0695491371697935,-0.007750053977381821,High,False
France,2003,0.802,0.874,0.862,34292.03,10.442668244637877,0.004069182349878631,0.02606728730361141,0.0040000000000000036,0.010000000000000009,0.0,0.0,0.0,0.7517721286485387,0.05022787135146134,-0.055068035447979,High,True
France,2004,0.802,0.874,0.869,35093.824,10.465780439556209,0.023112194918331497,0.034017460503600105,0.007000000000000006,0.014000000000000012,0.0,0.0,0.0,0.7513298393973805,0.05067016060261953,-0.027706336341945526,High,False
France,2005,0.802,0.874,0.877,35495.465,10.477160220824357,0.011379781268148648,0.038561158536358775,0.008000000000000007,0.019000000000000017,0.0,0.0,0.0,0.7643637975454397,0.03763620245456034,-0.031912934715233154,Mid,False
France,2006,0.802,0.874,0.881,36166.16,10.495879153979821,0.0187189331554638,0.053210909341943946,0.0040000000000000036,0.019000000000000017,0.0,-0.0050000000000000044,0.0,0.7536441710642916,0.048355828935708445,-0.0018720424157528948,Mid,False
France,2007,0.807,0.877,0.884,36845.684,10.514493767284451,0.018614613304629657,0.048713327728242106,0.0030000000000000027,0.015000000000000013,0.0,-0.008999999999999897,0.0,0.7496304167223977,0.05736958327760233,0.006699422674982802,Mid,False
France,2008,0.816,0.885,0.884,36761.793,10.51221435112343,-0.0022794161610217856,0.03505413029907167,0.0,0.007000000000000006,0.0,0.0,0.0,0.7676416633667843,0.04835833663321565,0.010722134178655307,High,False
France,2009,0.816,0.885,0.883,35534.926,10.47827132280491,-0.03394302831851981,-0.017607831174911937,-0.0010000000000000009,0.0020000000000000018,1.0,0.0,0.0,0.7026359218002549,0.11336407819974503,0.06500824926403659,High,False
France,2010,0.816,0.885,0.888,36086.727,10.49368040358244,0.015409080777530448,-0.020813363702011145,0.0050000000000000044,0.0040000000000000036,0.0,0.0039999999999998925,0.0,0.7927472133994877,0.02325278660051222,-0.03411679667709011,High,False
France,2011,0.818,0.887,0.892,36691.0,10.510286772360844,0.0166063687784046,-0.0019275787625847585,0.0040000000000000036,0.008000000000000007,0.0,0.005999999999999894,0.0,0.7984601542168663,0.019539845783133614,-0.028818490850082035,High,False
France,2012,0.82,0.89,0.893,36625.926,10.508511629276203,-0.0017751430846413285,0.03024030647129372,0.0010000000000000009,0.010000000000000009,0.0,0.007999999999999896,0.0,0.7951271507670943,0.02487284923290567,-0.08849122896683936,High,True
France,2013,0.822,0.89,0.896,36647.22,10.509092851777538,0.0005812225013350769,0.01541244819509835,0.0030000000000000027,0.008000000000000007,0.0,0.019999999999999907,0.0,0.809922259880435,0.012077740119564973,-0.011175046480947248,High,False
France,2014,0.821,0.889,0.9,36818.54,10.513756801638047,0.00466394986050922,0.0034700292772029684,0.0040000000000000036,0.008000000000000007,0.0,0.027999999999999914,0.0,0.8139360142223289,0.007063985777671089,-0.012475860005462525,High,False
France,2015,0.812,0.883,0.901,37077.89,10.520776114069328,0.007019312431280511,0.012264484793124808,0.0010000000000000009,0.008000000000000007,0.0,0.02300000000000002,0.0,0.809922259880435,0.0020777401195650747,-0.022795109113340595,High,False
France,2016,0.812,0.883,0.905,37343.84,10.527923250586959,0.00714713651763077,0.0188303988094205,0.0040000000000000036,0.009000000000000008,0.0,0.02300000000000002,0.0,0.8139360142223289,-0.001936014222328808,-0.01401375434189378,High,False
France,2017,0.817,0.886,0.908,38037.336,10.546323482661261,0.018400232074302636,0.03256668102321392,0.0030000000000000027,0.008000000000000007,0.0,0.027999999999999914,0.0,0.8056591982461564,0.011340801753843555,0.0042768159761724656,High,False
Gabon,1996,0.198,0.329,0.644,10389.21,9.248523046553792,0.05492311715076603,0.19471263264383687,0.0040000000000000036,0.013000000000000012,0.0,-0.0010000000000000009,0.0,0.32904148113215487,-0.13104148113215486,0.06703566425314844,Mid,False
Gabon,1997,0.203,0.338,0.648,11202.839,9.323922507304873,0.07539946075108084,0.197772495131618,0.0040000000000000036,0.01200000000000001,0.0,0.0040000000000000036,0.0,0.3637310901253104,-0.1607310901253104,0.02312954208178014,Mid,False
Gabon,1998,0.203,0.338,0.654,11758.16,9.372302746626037,0.04838023932116364,0.1787028172230105,0.006000000000000005,0.014000000000000012,0.0,0.0040000000000000036,0.0,0.35145063639245555,-0.14845063639245554,-0.01386245434979011,Mid,False
Gabon,1999,0.203,0.338,0.653,10648.09,9.273135812330738,-0.09916693429529921,0.024612765776945267,-0.0010000000000000009,0.009000000000000008,1.0,0.0040000000000000036,0.0,0.3741534383735763,-0.17115343837357627,-0.040111957241421414,High,False
Gabon,2000,0.199,0.337,0.652,10637.8,9.272168974599117,-0.0009668377316209842,-0.051753532705756555,-0.0010000000000000009,0.0040000000000000036,0.0,-0.0010000000000000009,0.0,0.3917712360144596,-0.1927712360144596,-0.03204014588914922,High,False
Gabon,2001,0.2,0.342,0.657,11104.553,9.315110483379712,0.04294150878059533,-0.05719226324632487,0.0050000000000000044,0.0030000000000000027,0.0,-0.0020000000000000018,0.0,0.44291813289591014,-0.24291813289591013,-0.0944674965034546,High,True
Gabon,2002,0.202,0.344,0.661,11141.463,9.318428833404218,0.003318350024505534,0.04529302107347988,0.0040000000000000036,0.008000000000000007,0.0,0.0,0.0,0.4489410530038021,-0.2469410530038021,-0.07578761463022582,High,True
Gabon,2003,0.202,0.344,0.664,11665.832,9.364419506386986,0.04599067298276793,0.0922505317878688,0.0030000000000000027,0.01200000000000001,0.0,0.0,0.0,0.42056751257229374,-0.21856751257229373,-0.02579627655783412,Mid,False
Gabon,2004,0.202,0.344,0.665,12022.507,9.394535755393278,0.030116249006292506,0.07942527201356597,0.0010000000000000009,0.008000000000000007,0.0,-0.0010000000000000009,0.0,0.44272707725093086,-0.24072707725093084,0.0021910556449792895,High,False
Gabon,2005,0.203,0.346,0.671,12437.96,9.428508365707545,0.033972610314267015,0.11007953230332745,0.006000000000000005,0.010000000000000009,0.0,-0.0009999999999999731,0.0,0.39983101324957476,-0.19683101324957475,0.05011003975422734,Mid,False
Gabon,2006,0.204,0.353,0.67,12342.779,9.420826474698274,-0.007681891009271524,0.056406968311288,-0.0010000000000000009,0.006000000000000005,0.0,0.0,0.0,0.4555818225790553,-0.25158182257905526,-0.03301431000676153,High,False
Gabon,2007,0.204,0.351,0.674,13455.612,9.50715154707643,0.08632507237815723,0.11261579168315272,0.0040000000000000036,0.009000000000000008,0.0,0.0,0.0,0.40423671697818964,-0.20023671697818965,0.040490360272741194,Mid,False
Gabon,2008,0.204,0.351,0.675,13330.255,9.497791542772228,-0.009360004304202363,0.06928317706468334,0.0010000000000000009,0.0040000000000000036,0.0,0.0,0.0,0.4323440764796416,-0.22834407647964164,-0.03151306323006689,High,False
Gabon,2009,0.204,0.35,0.681,13617.896,9.519140089062656,0.021348546290427706,0.09831361436438257,0.006000000000000005,0.01100000000000001,0.0,-0.0020000000000000018,0.0,0.42267037313904365,-0.21867037313904367,0.03291144944001159,Mid,False
Gabon,2010,0.206,0.37,0.684,14926.699,9.61090676762789,0.09176667856523402,0.10375522055145936,0.0030000000000000027,0.010000000000000009,0.0,0.0,0.0,0.3914873641005769,-0.1854873641005769,0.014749352877612754,Mid,False
Gabon,2011,0.206,0.37,0.69,16403.0,9.705219523912486,0.09431275628459623,0.20742798114025796,0.005999999999999894,0.014999999999999902,0.0,-0.0040000000000000036,0.0,0.28973661119615607,-0.08373661119615608,0.14460746528348556,Mid,False
Gabon,2012,0.21,0.359,0.699,16682.309,9.722104095588888,0.01688457167640145,0.2029640065262317,0.009000000000000008,0.017999999999999905,0.0,-0.013000000000000012,0.0,0.3130753080160104,-0.10307530801601042,0.11559506512303325,Low,False
Gabon,2013,0.223,0.375,0.707,16964.445,9.738874962271177,0.016770866682289665,0.12796819464328735,0.008000000000000007,0.02299999999999991,0.0,0.01100000000000001,0.0,0.3626517296567534,-0.1396517296567534,0.04583563444382349,Low,False
Gabon,2014,0.223,0.375,0.716,17098.143,9.746725140102498,0.007850177831320693,0.04150561619001181,0.009000000000000008,0.026000000000000023,0.0,0.021999999999999992,0.0,0.45812722946319795,-0.23512722946319795,-0.15139061826704187,Mid,False
Gabon,2015,0.223,0.375,0.72,17180.0,9.751501195538246,0.0047760554357481055,0.029397099949358463,0.0040000000000000036,0.02100000000000002,0.0,0.026999999999999996,0.0,0.4146949846601229,-0.19169498466012289,-0.08861967664411247,Mid,False
Gabon,2016,0.224,0.378,0.724,16995.238,9.740688466151019,-0.010812729387227549,0.0018135038798412495,0.0040000000000000036,0.017000000000000015,0.0,0.027999999999999997,0.0,0.41621033238044197,-0.19221033238044197,-0.05255860272368856,High,True
Gabon,2017,0.233,0.398,0.726,16576.176,9.71572176276346,-0.02496670338755891,-0.03100337733903835,0.0020000000000000018,0.010000000000000009,1.0,0.037000000000000005,0.0,0.3555624444652419,-0.12256244446524187,0.11256478499795608,High,False
Gambia,1996,0.08,0.13,0.377,1336.8473,7.198069359659409,0.014773468350075092,-0.03581253840385479,0.007000000000000006,0.02200000000000002,0.0,-0.043,0.0,0.3161664059799676,-0.23616640597996758,-0.227916551065229,Mid,False
Gambia,1997,0.126,0.246,0.381,1308.4867,7.176626557608264,-0.021442802051145016,-0.027548756393933616,0.0040000000000000036,0.019000000000000017,1.0,0.0050000000000000044,0.0,0.2712868104030012,-0.14528681040300118,-0.0040550085565927985,Mid,False
Gambia,1998,0.129,0.259,0.389,1324.9244,7.189110680188759,0.012484122580494805,0.005814788879424881,0.008000000000000007,0.019000000000000017,0.0,0.010000000000000009,0.0,0.32172632373047244,-0.19272632373047244,0.034787940564266484,Mid,False
Gambia,1999,0.127,0.258,0.396,1385.6318,7.233911487891236,0.04480080770247685,0.03584212823182664,0.007000000000000006,0.019000000000000017,0.0,0.010999999999999996,0.0,0.28811748238222423,-0.16111748238222423,0.07504892359774334,Mid,False
Gambia,2000,0.123,0.255,0.403,1440.8619,7.272996755182094,0.03908526729085793,0.09637019757382959,0.007000000000000006,0.02200000000000002,0.0,0.006999999999999992,0.0,0.28658895373616716,-0.16358895373616716,-0.018302143333165988,Mid,False
Gambia,2001,0.123,0.258,0.41,1495.0918,7.309942888621871,0.03694613343977693,0.12083220843311171,0.006999999999999951,0.020999999999999963,0.0,0.008999999999999994,0.0,0.2645894864140586,-0.1415894864140586,0.05113683731641383,Mid,False
Gambia,2002,0.121,0.256,0.415,1473.4006,7.2953283414700225,-0.014614547151848178,0.06141685357878668,0.0050000000000000044,0.01899999999999996,0.0,0.008999999999999994,0.0,0.2935869239914985,-0.1725869239914985,-0.011469441609274267,Mid,False
Gambia,2003,0.119,0.257,0.422,1478.9562,7.299091847667817,0.0037635061977940865,0.026095092485722837,0.007000000000000006,0.01899999999999996,0.0,0.007999999999999993,0.0,0.3137882875119676,-0.19478828751196758,-0.03119933377580042,Mid,False
Gambia,2004,0.116,0.257,0.432,1585.7992,7.3688437863609355,0.06975193869311891,0.05890089773906482,0.010000000000000009,0.02200000000000002,0.0,0.0050000000000000044,0.0,0.2366013519192778,-0.1206013519192778,0.020988134494780805,Mid,False
Gambia,2005,0.116,0.257,0.436,1541.6116,7.340583641721561,-0.02826014463937465,0.045255300251538344,0.0040000000000000036,0.02100000000000002,1.0,0.0050000000000000044,0.0,0.26095053344433555,-0.14495053344433556,0.027636390547162937,Mid,False
Gambia,2006,0.114,0.251,0.441,1530.6844,7.333470234630036,-0.007113407091524415,0.03437838696221984,0.0050000000000000044,0.019000000000000017,0.0,0.0030000000000000027,0.0,0.3172984595061154,-0.20329845950611541,-0.00851017199414783,Mid,False
Gambia,2007,0.112,0.243,0.447,1557.8474,7.351060275548939,0.01759004091890226,-0.017783510811996806,0.006000000000000005,0.015000000000000013,0.0,0.0010000000000000009,0.0,0.3120478139422858,-0.20004781394228582,-0.07944646202300802,High,True
Gambia,2008,0.111,0.243,0.455,1618.4445,7.389220781768154,0.03816050621921541,0.04863714004659325,0.008000000000000007,0.019000000000000017,0.0,0.006000000000000005,0.0,0.30907752281846795,-0.19807752281846797,-0.053126989374132405,Mid,False
Gambia,2009,0.111,0.243,0.459,1692.6423,7.434046078061627,0.04482529629347276,0.10057584343159043,0.0040000000000000036,0.018000000000000016,0.0,0.006000000000000005,0.0,0.27651429722814347,-0.16551429722814348,0.03778416227797193,Mid,False
Gambia,2010,0.112,0.244,0.463,1772.7268,7.480274205086765,0.04622812702513812,0.1292139295378263,0.0040000000000000036,0.016000000000000014,0.0,0.007000000000000006,0.0,0.22560454886647993,-0.11360454886647993,0.0864432650758059,Mid,False
Gambia,2011,0.112,0.244,0.463,1669.0,7.419979923661835,-0.06029428142493032,0.030759141893680564,0.0,0.008000000000000007,1.0,0.007000000000000006,0.0,0.24979325302314515,-0.13779325302314516,0.06028426979532281,High,False
Gambia,2012,0.113,0.243,0.469,1725.0,7.45298232946546,0.03300240580362512,0.018936251403832927,0.00599999999999995,0.009999999999999953,0.0,0.008000000000000007,0.0,0.29493643947790543,-0.18193643947790544,-0.016422142249761962,High,False
Gambia,2013,0.105,0.241,0.474,1767.0,7.4770384723196965,0.02405614285423674,-0.0032357327670684555,0.0050000000000000044,0.010999999999999954,0.0,0.0,0.0,0.29585081626586884,-0.19085081626586886,-0.07724626739938893,High,True
Gambia,2014,0.105,0.244,0.477,1743.0,7.463363045520021,-0.013675426799675705,0.04338312185818616,0.0030000000000000027,0.013999999999999957,0.0,-0.0010000000000000009,0.0,0.2799867837358915,-0.1749867837358915,-0.03719353071274634,High,False
Gambia,2015,0.106,0.244,0.482,1786.0,7.487733761436444,0.024370715916423258,0.03475143197098429,0.0050000000000000044,0.013000000000000012,0.0,-0.0040000000000000036,0.0,0.29849951903867367,-0.19249951903867368,-0.01056307956076824,High,False
Gambia,2016,0.11,0.25,0.487,1770.3645,7.478940736570139,-0.008793024866305288,0.0019022642504422649,0.0050000000000000044,0.013000000000000012,0.0,-0.28300000000000003,0.0,0.2929568250279138,-0.18295682502791383,0.007893991237955034,High,False
Gambia,2017,0.393,0.498,0.493,1805.8812,7.498803951082387,0.01986321451224793,0.0354409055623659,0.006000000000000005,0.016000000000000014,0.0,-0.010000000000000009,0.0,0.29321969086574506,0.09978030913425495,0.27476709287014645,Mid,False
Georgia,2006,0.378,0.548,0.75,7398.0527,8.908972095913931,0.07699896805178774,0.2072914782266313,0.006000000000000005,0.017000000000000015,0.0,0.03899999999999998,0.0,0.3505990635211876,0.02740093647881242,0.05103619252746283,Low,False
Georgia,2007,0.369,0.539,0.76,8300.144,9.024028143031781,0.11505604711785011,0.26896705745673977,0.010000000000000009,0.02300000000000002,0.0,0.02999999999999997,0.0,0.3627928175852202,0.006207182414779799,-0.09266622482861397,Low,False
Georgia,2008,0.339,0.495,0.757,8461.917,9.043331022676012,0.01930287964423094,0.2113578948138688,-0.0030000000000000027,0.013000000000000012,0.0,-0.0010000000000000009,0.0,0.32958151872457325,0.009418481275426771,-0.0596493164706704,Mid,False
Georgia,2009,0.34,0.491,0.76,8062.084,8.994927362873637,-0.04840365980237493,0.08595526695970612,0.0030000000000000027,0.010000000000000009,1.0,0.0,0.0,0.27440225819009767,0.06559774180990235,0.038196805331089934,Mid,False
Georgia,2010,0.34,0.496,0.77,8443.437,9.041144732183545,0.0462173693099075,0.017116589151763506,0.010000000000000009,0.010000000000000009,0.0,-0.003999999999999948,0.0,0.39163151915188155,-0.05163151915188152,-0.05783870156666132,High,True
Georgia,2011,0.344,0.5,0.78,8946.0,9.098961783992793,0.057817051809248454,0.05563076131678102,0.010000000000000009,0.02300000000000002,0.0,-0.017000000000000015,0.0,0.5059211248326949,-0.16192112483269494,-0.1713396061081217,Mid,False
Georgia,2012,0.361,0.519,0.789,9497.121,9.158743979027324,0.05978219503453097,0.16381661615368692,0.009000000000000008,0.029000000000000026,0.0,-0.09500000000000003,0.0,0.5110736651496484,-0.15007366514964837,-0.21567140695955073,Low,False
Georgia,2013,0.456,0.623,0.796,9856.679,9.195904575445807,0.03716059641848268,0.1547598432622621,0.007000000000000006,0.026000000000000023,0.0,-0.04199999999999998,0.0,0.48743672955681044,-0.03143672955681043,0.020194789595071094,Low,False
Georgia,2014,0.5,0.675,0.802,10307.604,9.240637154270635,0.04473257882482784,0.1416753702778415,0.006000000000000005,0.02200000000000002,0.0,0.020000000000000018,0.0,0.57355475675818,-0.07355475675818002,0.08836636807451492,Low,False
Georgia,2015,0.504,0.668,0.807,10629.594,9.271397276815435,0.030760122544799984,0.1126532977881105,0.0050000000000000044,0.018000000000000016,0.0,0.03400000000000003,0.0,0.6029444569892112,-0.09894445698921117,0.0511292081604372,Mid,False
Georgia,2016,0.518,0.685,0.809,10945.466,9.300680585569568,0.029283308754132875,0.1047760101237607,0.0020000000000000018,0.013000000000000012,0.0,0.064,0.0,0.5668289141049692,-0.048828914104969146,-0.017392184548158718,Mid,False
Georgia,2017,0.498,0.669,0.816,11479.426,9.348311668623516,0.047631083053948586,0.10767451435288145,0.006999999999999895,0.013999999999999901,0.0,0.043999999999999984,0.0,0.6265463922213206,-0.12854639222132058,-0.054991635463140565,Mid,False
Germany,1997,0.854,0.893,0.881,30186.945,10.315164825132753,0.028117613164603483,0.07021546888007002,0.006000000000000005,0.016000000000000014,0.0,-0.0020000000000000018,0.0,0.7473201682229734,0.10667983177702656,0.005226227268517847,Mid,False
Germany,1998,0.856,0.894,0.887,31129.584,10.345913900031233,0.030749074898480444,0.07539217116631924,0.006000000000000005,0.017000000000000015,0.0,-0.0010000000000000009,0.0,0.7578069000021271,0.09819309999787285,0.005462866334884797,Mid,False
Germany,1999,0.86,0.899,0.892,32087.604,10.376225066311658,0.030311166280425184,0.08917785434350911,0.0050000000000000044,0.017000000000000015,0.0,0.0030000000000000027,0.0,0.7672012700877359,0.09279872991226412,-0.022492357561514464,Mid,False
Germany,2000,0.86,0.899,0.897,33367.285,10.415331207932029,0.03910614162037085,0.10016638279927648,0.0050000000000000044,0.016000000000000014,0.0,0.0030000000000000027,0.0,0.748388390996602,0.11161160900339795,0.004931777226371392,Mid,False
Germany,2001,0.86,0.899,0.904,34260.29,10.44174223652413,0.02641102859210065,0.09582833649289668,0.007000000000000006,0.017000000000000015,0.0,0.0030000000000000027,0.0,0.7485701127230082,0.11142988727699177,0.013236787279118922,Mid,False
Germany,2002,0.859,0.898,0.909,34590.93,10.45134678795313,0.009604551428999741,0.07512172164147124,0.0050000000000000044,0.017000000000000015,0.0,0.0020000000000000018,0.0,0.734705067635297,0.12429493236470301,0.03149620245243889,Mid,False
Germany,2003,0.857,0.896,0.914,34716.44,10.454968628955047,0.0036218410019177583,0.03963742102301815,0.0050000000000000044,0.017000000000000015,0.0,0.0,0.0,0.7675593358856647,0.08944066411433527,-0.022170944889062683,Mid,False
Germany,2004,0.857,0.896,0.923,35528.715,10.478096521741287,0.023127892786240167,0.03635428521715767,0.009000000000000008,0.019000000000000017,0.0,-0.0020000000000000018,0.0,0.7854140149516705,0.07158598504832947,-0.0398439022286623,Mid,False
Germany,2005,0.859,0.896,0.923,36205.574,10.496968363861034,0.01887184211974713,0.045621575907905054,0.0,0.014000000000000012,0.0,-0.0030000000000000027,0.0,0.7665464689553887,0.09245353104461129,-0.03184140132009172,Mid,False
Germany,2006,0.864,0.902,0.927,38014.137,10.54571339583968,0.04874503197864577,0.09074476688463307,0.0040000000000000036,0.013000000000000012,0.0,0.0020000000000000018,0.0,0.6869989005250187,0.17700109947498133,0.08756043536064606,Mid,False
Germany,2007,0.864,0.902,0.931,39752.207,10.590420640553766,0.04470724471408616,0.11232411881247906,0.0040000000000000036,0.008000000000000007,0.0,0.0020000000000000018,0.0,0.7152667451613753,0.14873325483862465,0.07714726979029518,Mid,False
Germany,2008,0.864,0.902,0.933,40715.434,10.614362513306535,0.02394187275276849,0.11739414944550042,0.0020000000000000018,0.010000000000000009,0.0,0.01100000000000001,0.0,0.7750000346445276,0.08899996535547239,-0.0034535656891389044,Mid,False
Germany,2009,0.862,0.9,0.933,38962.938,10.570366165590848,-0.04399634771568728,0.02465276975116737,0.0,0.006000000000000005,1.0,0.017000000000000015,0.0,0.7809977214061999,0.08100227859380005,-0.09599882088118128,High,True
Germany,2010,0.862,0.898,0.936,41109.582,10.623996511997857,0.05363034640700981,0.03357587144409102,0.0030000000000000027,0.0050000000000000044,0.0,0.017000000000000015,0.0,0.7800260566979164,0.08197394330208363,-0.06675931153654102,High,True
Germany,2011,0.864,0.9,0.942,43189.0,10.673341112178944,0.04934460018108666,0.058978598872409194,0.005999999999999894,0.008999999999999897,0.0,0.019000000000000017,0.0,0.7979526606835263,0.06604733931647366,-0.022952626038998725,High,False
Germany,2012,0.863,0.899,0.944,43288.32,10.675638131644167,0.0022970194652227605,0.10527196605331923,0.0020000000000000018,0.010999999999999899,0.0,0.02100000000000002,0.0,0.7841137186162842,0.07888628138371578,-0.002115997210084264,Mid,False
Germany,2013,0.853,0.892,0.945,43359.137,10.677272732778926,0.001634601134758995,0.05327622078106842,0.0010000000000000009,0.008999999999999897,0.0,0.019000000000000017,0.0,0.8505022244383454,0.002497775561654536,-0.0794761677404291,High,True
Germany,2014,0.845,0.885,0.949,44132.758,10.694957597478187,0.01768486469926067,0.021616485299242427,0.0040000000000000036,0.007000000000000006,0.0,0.014000000000000012,0.0,0.8533251696093166,-0.008325169609316618,-0.07437250892579028,High,True
Germany,2015,0.845,0.883,0.948,44405.168,10.701111138043178,0.006153540564991289,0.025473006399010956,-0.0010000000000000009,0.0040000000000000036,0.0,0.02400000000000002,0.0,0.8484115293798771,-0.0034115293798770985,-0.08229781076359288,High,True
Germany,2016,0.848,0.888,0.949,45030.47,10.715094650727268,0.013983512684090371,0.03782191794834233,0.0010000000000000009,0.0040000000000000036,0.0,0.03400000000000003,0.0,0.8451039872789154,0.002896012721084529,0.0003982371594299927,High,False
Germany,2017,0.842,0.889,0.951,46065.1,10.73781089238622,0.022716241658951475,0.042853294908033135,0.0020000000000000018,0.0020000000000000018,0.0,0.03599999999999992,0.0,0.8556774261786568,-0.01367742617865686,-0.005352256569340241,High,False
Ghana,1996,0.425,0.513,0.465,1907.9348,7.553776679516602,0.02728919309437039,0.06318435369582165,0.006000000000000005,0.015000000000000013,0.0,-0.07900000000000001,0.0,0.22553732115591082,0.19946267884408916,0.09099999999999997,Mid,False
Ghana,1997,0.505,0.597,0.469,1964.9125,7.5832029940498185,0.029426314533216313,0.08012744362014068,0.003999999999999948,0.01599999999999996,0.0,0.0010000000000000009,0.0,0.23796868427645784,0.26703131572354216,0.10675530414717713,Mid,False
Ghana,1998,0.505,0.597,0.475,2017.9895,7.609856997728561,0.026654003678742377,0.08336951130632908,0.006000000000000005,0.01599999999999996,0.0,0.0010000000000000009,0.0,0.2454356601932309,0.2595643398067691,0.08910166096267988,Mid,False
Ghana,1999,0.504,0.597,0.48,2066.7412,7.633728346230893,0.023871348502332523,0.07995166671429121,0.0050000000000000044,0.014999999999999958,0.0,-0.06599999999999995,0.0,0.251729647536969,0.252270352463031,0.052807673618941814,Mid,False
Ghana,2000,0.57,0.664,0.487,2100.293,7.649832137788497,0.016103791557603664,0.06662914373867856,0.007000000000000006,0.018000000000000016,0.0,-0.052000000000000046,0.0,0.24985929784515812,0.3201407021548418,0.05310938643129964,Mid,False
Ghana,2001,0.622,0.721,0.486,2143.1062,7.670011550941905,0.0201794131534081,0.060154553213344286,-0.0010000000000000009,0.01100000000000001,0.0,-0.007000000000000006,0.0,0.26052586892688645,0.36147413107311355,0.10190979126634447,High,False
Ghana,2002,0.629,0.731,0.493,2192.0203,7.692578908973929,0.022567358032024032,0.058850562743035795,0.007000000000000006,0.013000000000000012,0.0,-0.0020000000000000018,0.0,0.26305605655406467,0.36594394344593534,0.11367359098290436,Mid,False
Ghana,2003,0.631,0.731,0.495,2256.8174,7.721710869689968,0.02913196071603874,0.07187873190147087,0.0020000000000000018,0.008000000000000007,0.0,-0.0010000000000000009,0.0,0.2617934551586534,0.36920654484134663,0.049065842686504824,High,False
Ghana,2004,0.635,0.734,0.503,2329.5156,7.753415627950462,0.031704758260493904,0.08340407700855668,0.008000000000000007,0.017000000000000015,0.0,0.0030000000000000027,0.0,0.2779221045495585,0.3570778954504415,-0.004396235622672051,Mid,False
Ghana,2005,0.634,0.73,0.515,2411.2876,7.78791615767016,0.03450052971969786,0.0953372486962305,0.01200000000000001,0.02200000000000002,0.0,0.0020000000000000018,0.0,0.2577617988892532,0.3762382011107468,0.010294257664811457,Mid,False
Ghana,2006,0.634,0.73,0.524,2503.9578,7.825627879042831,0.03771172137267165,0.10391700935286341,0.009000000000000008,0.029000000000000026,0.0,0.0020000000000000018,0.0,0.2355330926170718,0.3984669073829282,0.029260362541581597,Low,False
Ghana,2007,0.636,0.736,0.534,2553.1658,7.845089358336839,0.019461479294007766,0.09167373038637727,0.010000000000000009,0.031000000000000028,0.0,0.0040000000000000036,0.0,0.23628438654480455,0.39971561345519546,0.042637718004753966,Low,False
Ghana,2008,0.632,0.732,0.546,2725.7883,7.910512949666349,0.06542359132950981,0.12259679199618922,0.01200000000000001,0.031000000000000028,0.0,-0.0030000000000000027,0.0,0.21494188867891803,0.41705811132108195,0.04081991021033515,Low,False
Ghana,2009,0.652,0.755,0.551,2793.8708,7.935183296800686,0.0246703471343368,0.10955541775785438,0.0050000000000000044,0.027000000000000024,0.0,0.02200000000000002,0.0,0.2463777797084296,0.4056222202915704,0.007155312908642186,Low,False
Ghana,2010,0.663,0.761,0.558,2946.0393,7.988216937055797,0.05303364025511126,0.14312757871895787,0.007000000000000006,0.02400000000000002,0.0,0.03300000000000003,0.0,0.23236774414482506,0.43063225585517495,0.030916642399979488,Low,False
Ghana,2011,0.663,0.761,0.568,3283.0,8.096512917501594,0.10829598044579658,0.18599996783524464,0.009999999999999898,0.02199999999999991,0.0,0.05300000000000005,0.0,0.2311396770857834,0.4318603229142166,0.014802211593134662,Low,False
Ghana,2012,0.661,0.771,0.575,3467.1042,8.15107500003581,0.05456208253421657,0.2158917032351244,0.007000000000000006,0.02399999999999991,0.0,0.051000000000000045,0.0,0.2210756464039848,0.4399243535960152,0.034302133304444815,Low,False
Ghana,2013,0.635,0.75,0.582,3621.6008,8.194671417018565,0.04359641698275496,0.2064544799627681,0.007000000000000006,0.02399999999999991,0.0,0.025000000000000022,0.0,0.2252874237945859,0.4097125762054141,-0.020919679649760825,Low,False
Ghana,2014,0.63,0.746,0.58,3627.8384,8.196392267795353,0.0017208507767882963,0.09987935029375983,-0.0020000000000000018,0.01200000000000001,0.0,0.02400000000000002,0.0,0.2714901786941011,0.3585098213058989,-0.07335050160831769,Mid,False
Ghana,2015,0.631,0.739,0.588,3610.646,8.191641982686177,-0.004750285109176744,0.04056698265036651,0.008000000000000007,0.013000000000000012,0.0,0.027000000000000024,0.0,0.26951310748435703,0.361486892515643,-0.07843746108037225,High,True
Ghana,2016,0.61,0.725,0.59,3640.779,8.199952948722713,0.008310966036535916,0.0052815317041474685,0.0020000000000000018,0.008000000000000007,0.0,0.05599999999999994,0.0,0.2665975921909602,0.3434024078090398,-0.06631016839637432,High,True
Ghana,2017,0.628,0.739,0.594,3841.8796,8.25371700499259,0.0537640562698769,0.057324737197236075,0.0040000000000000036,0.014000000000000012,0.0,0.07399999999999995,0.0,0.27731475496203073,0.3506852450379693,-0.00782457626792965,Mid,False
Greece,1996,0.797,0.884,0.796,17719.557,9.782424223846567,0.032775907974487595,0.08158457571811972,0.0040000000000000036,0.01200000000000001,0.0,-0.0010000000000000009,0.0,0.5624000640603638,0.23459993593963624,-0.15416545735553694,Mid,False
Greece,1997,0.798,0.883,0.803,18588.295,9.83028736053299,0.0478631366864235,0.10567010723750592,0.007000000000000006,0.013000000000000012,0.0,0.0,0.0,0.6154757286223769,0.18252427137762317,-0.12184899697628987,Mid,False
Greece,1998,0.798,0.883,0.813,19378.709,9.871930268158795,0.04164290762580514,0.12228195228671623,0.009999999999999898,0.020999999999999908,0.0,0.0,0.0,0.6574342162777239,0.14056578372227613,-0.1977379950324244,Low,False
Greece,1999,0.798,0.883,0.816,20076.559,9.907308194579253,0.03537792642045723,0.12488397073268587,0.0030000000000000027,0.019999999999999907,0.0,0.0,0.0,0.6553811541204793,0.14261884587952078,-0.09198109006011546,Mid,False
Greece,2000,0.798,0.882,0.828,20965.332,9.95062549539648,0.04331730081722718,0.12033813486348954,0.01200000000000001,0.02499999999999991,0.0,-0.0040000000000000036,0.0,0.6964476816391635,0.10155231836083656,-0.08097195301678661,Low,False
Greece,2001,0.802,0.887,0.837,21913.797,9.994871717437901,0.044246222041421035,0.12294144927910544,0.009000000000000008,0.02400000000000002,0.0,0.0,0.0,0.6235784503944488,0.17842154960555123,0.037855765883275105,Low,False
Greece,2002,0.802,0.887,0.836,22893.959,10.038628355614584,0.04375663817668318,0.1313201610353314,-0.0010000000000000009,0.020000000000000018,0.0,0.0,0.0,0.5503904487590914,0.25160955124090867,0.10899070536138789,Low,False
Greece,2003,0.802,0.887,0.842,24380.066,10.101521110168596,0.06289275455401189,0.1508956147721161,0.006000000000000005,0.014000000000000012,0.0,-0.0010000000000000009,0.0,0.5790710882790472,0.22292891172095286,0.1213765933601163,Mid,False
Greece,2004,0.803,0.889,0.851,25780.385,10.157369210439075,0.05584810027047915,0.16249749300117422,0.009000000000000008,0.014000000000000012,0.0,0.0,0.0,0.6643976779934262,0.13860232200657385,-0.03981922759897738,Mid,False
Greece,2005,0.804,0.89,0.863,26091.523,10.169365751283296,0.01199654084422086,0.1307373956687119,0.01200000000000001,0.027000000000000024,0.0,0.0010000000000000009,0.0,0.6914816206528701,0.11251837934712994,-0.13909117189377873,Low,False
Greece,2006,0.803,0.89,0.871,27731.111,10.230310202718895,0.060944451435599234,0.12878909255029924,0.008000000000000007,0.029000000000000026,0.0,-0.0020000000000000018,0.0,0.7504725569240092,0.05252744307599089,-0.17040146864496197,Low,False
Greece,2007,0.805,0.895,0.866,28822.916,10.268926044171483,0.038615841452587674,0.11155683373240777,-0.0050000000000000044,0.015000000000000013,0.0,-0.0050000000000000044,0.0,0.7429536471643468,0.062046352835653296,-0.07655596917092056,Mid,False
Greece,2008,0.811,0.9,0.871,28907.926,10.27187109255457,0.0029450483830864016,0.10250534127127331,0.0050000000000000044,0.008000000000000007,0.0,0.010000000000000009,0.0,0.7293053116307552,0.08169468836924487,-0.030823690977885065,Mid,False
Greece,2009,0.812,0.901,0.874,27839.898,10.234225450648541,-0.03764564190602826,0.003915247929645815,0.0030000000000000027,0.0030000000000000027,1.0,0.01100000000000001,0.0,0.7262476388619321,0.08575236113806795,0.03322491806207706,High,False
Greece,2010,0.812,0.901,0.876,26517.465,10.185558851495658,-0.04866659915288274,-0.0833671926758246,0.0020000000000000018,0.010000000000000009,1.0,0.027000000000000024,0.0,0.712946737301286,0.09905326269871406,0.037006909863060766,High,False
Greece,2011,0.814,0.901,0.874,24349.0,10.100246059905626,-0.08531279159003269,-0.1716250326489437,-0.0020000000000000018,0.0030000000000000027,1.0,0.03799999999999992,0.0,0.7623403345626599,0.05165966543734002,-0.030035022931904853,High,False
Greece,2012,0.81,0.897,0.874,22746.207,10.032153685204168,-0.06809237470145746,-0.2020717654443729,0.0,0.0,1.0,0.03500000000000003,0.0,0.7266889033756478,0.08331109662435221,-0.002441264513715735,High,False
Greece,2013,0.801,0.889,0.879,22335.27,10.013922322363253,-0.018231362840914755,-0.1716365291324049,0.0050000000000000044,0.0030000000000000027,0.0,0.03400000000000003,0.0,0.7911892382994494,0.009810761700550619,-0.08924250099816344,High,True
Greece,2014,0.804,0.889,0.886,22591.598,10.025333346225306,0.011411023862052616,-0.0749127136803196,0.007000000000000006,0.01200000000000001,0.0,0.041000000000000036,0.0,0.7757743135672183,0.028225686432781782,-0.023433979004558236,High,False
Greece,2015,0.785,0.88,0.888,22696.203,10.029952920756054,0.004619574530748238,-0.002200764448113901,0.0020000000000000018,0.014000000000000012,0.0,0.11599999999999999,1.0,0.772988227005917,0.01201177299408307,-0.07129932363026914,High,True
Greece,2016,0.776,0.872,0.884,22679.81,10.029230380381554,-0.0007225403745003689,0.015308058018300486,-0.0040000000000000036,0.0050000000000000044,0.0,0.14600000000000002,1.0,0.7324254076208652,0.04357459237913486,0.03376383067858424,High,False
Greece,2017,0.775,0.868,0.887,22972.889,10.042070060521477,0.012839680139922649,0.01673671429617052,0.0030000000000000027,0.0010000000000000009,0.0,0.16800000000000004,1.0,0.7457660597190487,0.029233940280951276,0.0010082538481694936,High,False
Guatemala,1996,0.261,0.454,0.53,5511.905,8.6146655774216,0.0019727695998295047,0.0236684529239799,0.008000000000000007,0.020000000000000018,0.0,-0.020999999999999963,0.0,0.3457000509520472,-0.08470005095204719,0.017289134894100916,Mid,False
Guatemala,1997,0.282,0.489,0.539,5601.2075,8.630737478479512,0.01607190105791112,0.033894087180074806,0.009000000000000008,0.02400000000000002,0.0,-0.0020000000000000018,0.0,0.29036110289588574,-0.008361102895885764,0.08083646829533928,Mid,False
Guatemala,1998,0.284,0.489,0.548,5730.646,8.65358354331921,0.022846064839697533,0.04089073549743816,0.009000000000000008,0.026000000000000023,0.0,-0.007000000000000006,0.0,0.2969334868391338,-0.012933486839133812,0.08005205056440584,Mid,False
Guatemala,1999,0.291,0.491,0.556,5824.8833,8.669894243898447,0.016310700579238002,0.055228666476846655,0.008000000000000007,0.026000000000000023,0.0,-0.07100000000000001,0.0,0.2833482975464011,0.007651702453598863,0.09235175340564605,Mid,False
Guatemala,2000,0.362,0.542,0.563,5860.272,8.675951297876104,0.006057053977656324,0.04521381939659186,0.006999999999999895,0.02399999999999991,0.0,0.0,0.0,0.37021563946478253,-0.008215639464782543,0.00014546343110322102,Mid,False
Guatemala,2001,0.362,0.542,0.567,5882.7197,8.679774467970395,0.0038231700942912283,0.026190924651185554,0.0040000000000000036,0.018999999999999906,0.0,0.0,0.0,0.38993635608335464,-0.027936356083354652,-0.01500286924422084,Mid,False
Guatemala,2002,0.362,0.542,0.572,5980.242,8.696216314353286,0.016441846382891256,0.02632207045483881,0.0050000000000000044,0.015999999999999903,0.0,-0.0010000000000000009,0.0,0.392512800493391,-0.030512800493391,-0.038164502946989864,High,False
Guatemala,2003,0.363,0.543,0.577,6004.1445,8.700205259752215,0.003988945398928578,0.024253961876111063,0.0050000000000000044,0.014000000000000012,0.0,-0.009000000000000008,0.0,0.4018811497022006,-0.038881149702200635,-0.030665510237418092,High,False
Guatemala,2004,0.372,0.552,0.58,6070.1943,8.711145893425916,0.010940633673701683,0.03137142545552152,0.0030000000000000027,0.013000000000000012,0.0,-0.0010000000000000009,0.0,0.39923813717455314,-0.027238137174553145,0.0006982189088015067,High,False
Guatemala,2005,0.373,0.552,0.583,6130.4824,8.721028720776877,0.009882827350960355,0.024812406423590616,0.0030000000000000027,0.01100000000000001,0.0,-0.0010000000000000009,0.0,0.3768346813311089,-0.0038346813311089245,0.026678119162282077,High,False
Guatemala,2006,0.374,0.552,0.59,6305.8184,8.74922804172015,0.02819932094327271,0.04902278196793475,0.007000000000000006,0.013000000000000012,0.0,-0.01200000000000001,0.0,0.38050600500102394,-0.00650600500102394,0.032375144701176695,Mid,False
Guatemala,2007,0.386,0.563,0.601,6545.7524,8.786571629720031,0.03734358799988158,0.07542573629411464,0.01100000000000001,0.02100000000000002,0.0,-0.0050000000000000044,0.0,0.3836957911731185,0.0023042088268815375,0.029542346001434683,Mid,False
Guatemala,2008,0.395,0.582,0.609,6604.6826,8.795534161297608,0.008962531577576982,0.07450544052073127,0.008000000000000007,0.026000000000000023,0.0,0.0040000000000000036,0.0,0.3592074925118578,0.03579250748814222,0.03962718881925115,Mid,False
Guatemala,2009,0.396,0.58,0.616,6488.646,8.777809159272673,-0.01772500202493532,0.02858111755252324,0.007000000000000006,0.026000000000000023,0.0,0.0050000000000000044,0.0,0.32562894902254574,0.07037105097745427,0.07687705597847821,Mid,False
Guatemala,2010,0.397,0.583,0.623,6526.4575,8.783619578894672,0.005810419621999685,-0.002952050825358654,0.007000000000000006,0.02200000000000002,0.0,0.006000000000000005,0.0,0.4253879058270645,-0.028387905827064464,-0.030692114653946,Mid,False
Guatemala,2011,0.393,0.581,0.628,6650.0,8.8023721336499,0.018752554755227635,0.006837972352291999,0.0050000000000000044,0.019000000000000017,0.0,0.0020000000000000018,0.0,0.42390089885990767,-0.030900898859907655,-0.06669340634804988,Mid,False
Guatemala,2012,0.391,0.576,0.631,6718.332,8.812595188421216,0.010223054771316242,0.03478602914854356,0.0030000000000000027,0.015000000000000013,0.0,-0.01899999999999996,0.0,0.42943496587656277,-0.038434965876562754,-0.10880601685401703,Mid,False
Guatemala,2013,0.41,0.574,0.633,6813.4116,8.826648242863396,0.014053054442179302,0.04302866396872318,0.0020000000000000018,0.010000000000000009,0.0,-0.0020000000000000018,0.0,0.4327798326270168,-0.022779832627016827,0.005608073200047636,High,False
Guatemala,2014,0.412,0.572,0.65,6978.106,8.85053281223037,0.023884569366973807,0.04816067858046935,0.017000000000000015,0.02200000000000002,0.0,-0.0030000000000000027,0.0,0.3630783969714706,0.04892160302852938,0.07982250188843704,Mid,False
Guatemala,2015,0.425,0.587,0.638,7126.9927,8.871644643227459,0.021111830997089243,0.05904945480624235,-0.01200000000000001,0.007000000000000006,0.0,0.022999999999999965,0.0,0.39795600720403457,0.02704399279596542,0.06547895867252818,High,False
Guatemala,2016,0.451,0.626,0.642,7186.66,8.879981808710609,0.008337165483149889,0.05333356584721294,0.0040000000000000036,0.009000000000000008,0.0,0.09200000000000003,0.0,0.4274857178491319,0.023514282150868093,0.04629411477788492,High,False
Guatemala,2017,0.444,0.621,0.647,7279.7397,8.892850385056983,0.012868576346374283,0.042317572826613414,0.0050000000000000044,-0.0030000000000000027,0.0,0.13,1.0,0.43200532895779675,0.011994671042203253,-0.03692693198632613,High,False
Guinea,1996,0.109,0.259,0.323,927.12946,6.832093210615463,0.02276211491764535,0.07198997011348052,0.009000000000000008,0.02300000000000002,0.0,0.0020000000000000018,0.0,0.3097149670877697,-0.2007149670877697,0.0762881113654933,Mid,False
Guinea,1997,0.107,0.262,0.332,976.49664,6.883971309450598,0.051878098835135056,0.10121880961476304,0.009000000000000008,0.025000000000000022,0.0,-0.0010000000000000009,0.0,0.308100266945801,-0.20110026694580102,0.00347325478822863,Low,False
Guinea,1998,0.108,0.259,0.342,1010.79193,6.918489391706941,0.03451808225634245,0.10915829600912286,0.010000000000000009,0.028000000000000025,0.0,-0.0020000000000000018,0.0,0.3048094565114945,-0.1968094565114945,0.01718688912410893,Low,False
Guinea,1999,0.11,0.265,0.351,1031.3826,6.938655511201139,0.02016611949419822,0.10656230058567573,0.008999999999999952,0.02799999999999997,0.0,0.0,0.0,0.3142085123884844,-0.20420851238848442,-0.0034935453007147177,Low,False
Guinea,2000,0.11,0.272,0.359,1046.567,6.953270562770262,0.014615051569123239,0.06929925331966391,0.008000000000000007,0.02699999999999997,0.0,0.0,0.0,0.31356480843013856,-0.20356480843013858,-0.002464541484337557,Mid,False
Guinea,2001,0.111,0.277,0.366,1090.652,6.994530961531348,0.04126039876108578,0.07604156982440724,0.007000000000000006,0.023999999999999966,0.0,0.0010000000000000009,0.0,0.31389258243899476,-0.20289258243899477,-0.006083125927500266,Mid,False
Guinea,2002,0.11,0.273,0.377,1148.5447,7.046250941702643,0.051719980171294644,0.10759543050150366,0.01100000000000001,0.026000000000000023,0.0,-0.006000000000000005,0.0,0.30696214856996556,-0.19696214856996558,0.007246363818518842,Low,False
Guinea,2003,0.117,0.277,0.384,1146.3353,7.044325437377689,-0.0019255043249533088,0.09105487460742712,0.007000000000000006,0.025000000000000022,0.0,0.021000000000000005,0.0,0.30011040372743797,-0.18311040372743798,0.0204544047027006,Mid,False
Guinea,2004,0.116,0.274,0.391,1159.8251,7.056024496870519,0.011699059492829456,0.06149353533917079,0.007000000000000006,0.025000000000000022,0.0,0.060000000000000005,0.0,0.3149388778417702,-0.19893887784177022,0.00395370459722455,Mid,False
Guinea,2005,0.117,0.274,0.401,1186.6047,7.078851314713378,0.022826817842859448,0.032600373010735595,0.010000000000000009,0.02400000000000002,0.0,0.061000000000000006,0.0,0.3088475198230888,-0.19184751982308879,0.005114628746876793,Mid,False
Guinea,2006,0.118,0.271,0.409,1188.4846,7.080434329206834,0.0015830144934554369,0.03610889182914434,0.007999999999999952,0.024999999999999967,0.0,0.06199999999999999,0.0,0.3140148334375592,-0.1960148334375592,-0.012904429710121235,Mid,False
Guinea,2007,0.123,0.271,0.416,1253.4077,7.133621281061956,0.05318695185512201,0.0775967841914369,0.007000000000000006,0.024999999999999967,0.0,0.067,0.0,0.29782910322650585,-0.17482910322650586,0.024109774615264368,Mid,False
Guinea,2008,0.096,0.271,0.422,1290.4037,7.162710394134849,0.02908911307289319,0.08385907942147064,0.006000000000000005,0.020999999999999963,0.0,0.04,0.0,0.3071031323284032,-0.2111031323284032,-0.019255612505314407,Mid,False
Guinea,2009,0.056,0.177,0.424,1255.2418,7.135083502330243,-0.02762689180460587,0.054649173123409334,0.0020000000000000018,0.015000000000000013,1.0,-0.036,0.0,0.2612786598451187,-0.20527865984511873,-0.009263826407559517,Mid,False
Guinea,2010,0.092,0.236,0.43,1291.6963,7.16371159479166,0.02862809246141662,0.030090313729703944,0.006000000000000005,0.014000000000000012,0.0,-0.023000000000000007,0.0,0.2803435352265155,-0.1883435352265155,-0.013514432000009652,High,False
Guinea,2011,0.115,0.318,0.436,1347.0,7.205635176410364,0.04192358161870402,0.04292478227551477,0.006000000000000005,0.014000000000000012,0.0,0.0,0.0,0.27032276444657516,-0.15532276444657517,0.055780367881828025,Mid,False
Guinea,2012,0.115,0.318,0.44,1397.0,7.242082359256962,0.0364471828465982,0.10699885692671884,0.0040000000000000036,0.016000000000000014,0.0,-0.0020000000000000018,0.0,0.2839668451702177,-0.1689668451702177,0.03631181467490102,Mid,False
Guinea,2013,0.117,0.322,0.445,1421.0,7.259116128097101,0.01703376884013874,0.09540453330544096,0.0050000000000000044,0.015000000000000013,0.0,-0.040999999999999995,0.0,0.283480248031802,-0.166480248031802,0.021863287194713504,Mid,False
Guinea,2014,0.161,0.375,0.451,1399.0,7.243512974665482,-0.015603153431618999,0.037877798255117945,0.006000000000000005,0.015000000000000013,0.0,0.020000000000000018,0.0,0.2804094089686591,-0.11940940896865912,0.03591335547791605,Mid,False
Guinea,2015,0.161,0.375,0.465,1364.0,7.218176838403408,-0.02533613626207387,-0.02390552085355413,0.014000000000000012,0.025000000000000022,1.0,0.048,0.0,0.2165264480588978,-0.05552644805889781,0.1134403971113199,Mid,False
Guinea,2016,0.166,0.377,0.482,1472.953,7.295024508282151,0.07684766987874347,0.035908380185050603,0.01699999999999996,0.03699999999999998,0.0,0.068,0.0,0.15576479942346314,0.010235200576536874,0.17671544860833888,Mid,False
Guinea,2017,0.161,0.369,0.482,1583.5482,7.367423304416609,0.07239879613445765,0.12391032975112726,0.0,0.030999999999999972,0.0,0.079,0.0,0.25767625461870647,-0.09667625461870646,0.022733154349952656,Low,False
Guinea-Bissau,2011,0.26,0.449,0.46,1413.0,7.253470382684528,0.061008152538238214,0.10612923126887353,0.008000000000000007,0.02400000000000002,0.0,0.089,0.0,0.23756423591125786,0.02243576408874215,0.052159639014228126,Low,False
Guinea-Bissau,2012,0.171,0.328,0.462,1361.0,7.215975002651466,-0.03749538003306174,0.052005640547485577,0.0020000000000000018,0.018000000000000016,1.0,-0.023999999999999994,0.0,0.2007534809945639,-0.029753480994563875,-0.018300023314001934,Mid,False
Guinea-Bissau,2013,0.195,0.288,0.469,1378.0,7.228388451573604,0.012413448922138137,0.03592622142731461,0.006999999999999951,0.01699999999999996,0.0,-0.07500000000000001,0.0,0.24545691988960502,-0.05045691988960502,-0.05752338910326357,Mid,False
Guinea-Bissau,2014,0.27,0.439,0.476,1355.0,7.2115567333138015,-0.016831718259802564,-0.04191364937072617,0.007000000000000006,0.01599999999999996,0.0,-0.01599999999999996,0.0,0.2642982226407192,0.005701777359280791,-0.01673398672946136,High,False
Guinea-Bissau,2015,0.29,0.501,0.481,1393.0,7.239214973779806,0.02765824046600418,0.023239971128339754,0.0050000000000000044,0.01899999999999996,0.0,0.0040000000000000036,0.0,0.281032603477503,0.008967396522497006,0.03872087751706088,Mid,False
Guinea-Bissau,2016,0.289,0.5,0.486,1443.4241,7.274773417187159,0.03555844340735348,0.046384965613555096,0.0050000000000000044,0.017000000000000015,0.0,0.0030000000000000027,0.0,0.2630998551224548,0.02590014487754516,0.07635706476715018,Mid,False
Guinea-Bissau,2017,0.286,0.49,0.491,1492.0392,7.30789905387701,0.033125636689851135,0.0963423205632088,0.0050000000000000044,0.015000000000000013,0.0,0.13899999999999998,1.0,0.2580192321521493,0.027980767847850696,0.022278990488569905,Mid,False
Haiti,1996,0.275,0.427,0.479,1426.4126,7.262917899936725,0.034136419658368666,-0.011686945513736724,0.006000000000000005,0.011999999999999955,0.0,0.0050000000000000044,0.0,0.3276247112386769,-0.0526247112386769,0.08661959774510836,High,False
Haiti,1997,0.287,0.441,0.484,1456.2339,7.283608861458903,0.02069096152217842,0.14288881755555227,0.0050000000000000044,0.020999999999999963,0.0,0.021999999999999964,0.0,0.24511962375288215,0.04188037624711782,0.04663291710007143,Low,False
Haiti,1998,0.288,0.442,0.488,1480.5769,7.300187088104228,0.016578226645324712,0.0714056078258718,0.0040000000000000036,0.015000000000000013,0.0,0.02899999999999997,0.0,0.29563084947796636,-0.007630849477966384,-0.007621028949915315,Mid,False
Haiti,1999,0.282,0.442,0.493,1513.3318,7.322068989150911,0.021881901046683083,0.059151089214186214,0.0050000000000000044,0.014000000000000012,0.0,0.174,1.0,0.29550852850445064,-0.013508528504450668,0.039116182734226235,Mid,False
Haiti,2000,0.28,0.437,0.497,1520.7292,7.326945235645499,0.004876246494587733,0.04333637418659553,0.0040000000000000036,0.013000000000000012,0.0,0.18300000000000002,1.0,0.30092986997435744,-0.020929869974357418,-0.06281024622147524,High,True
Haiti,2001,0.27,0.417,0.5,1501.1024,7.313955050492379,-0.012990185153119782,0.013767962388151034,0.0030000000000000027,0.01200000000000001,0.0,0.17300000000000001,1.0,0.29570664211601966,-0.02570664211601964,-0.018075792638053256,High,False
Haiti,2002,0.265,0.41,0.504,1494.1837,7.309335316634655,-0.004619733857723851,-0.0127336725162559,0.0040000000000000036,0.01100000000000001,0.0,0.168,1.0,0.3166997472187927,-0.05169974721879267,-0.038191218714342,High,False
Haiti,2003,0.259,0.408,0.508,1495.8921,7.310478030264792,0.00114271363013696,-0.016467205380706673,0.0040000000000000036,0.01100000000000001,0.0,0.162,1.0,0.26017666137588846,-0.0011766613758884548,0.019753208598468963,High,False
Haiti,2004,0.108,0.249,0.505,1439.2076,7.271847963333887,-0.03863006693090565,-0.04210708715849254,-0.0030000000000000027,0.0050000000000000044,1.0,0.010999999999999996,0.0,0.2210235780053645,-0.11302357800536451,-0.08731693588934487,High,True
Haiti,2005,0.097,0.247,0.516,1461.8,7.287423832046291,0.01557586871240435,-0.02191148458836434,0.01100000000000001,0.01200000000000001,0.0,-0.11399999999999999,0.0,0.26578360524149003,-0.16878360524149003,-0.11708385802269736,High,True
Haiti,2006,0.211,0.386,0.52,1493.0382,7.308568383280192,0.0211445512339008,-0.0019096469846004993,0.0040000000000000036,0.01200000000000001,0.0,-0.05100000000000002,0.0,0.2983947250949457,-0.0873947250949457,-0.08621806371905724,High,True
Haiti,2007,0.299,0.469,0.524,1541.7675,7.340684764544981,0.032116381264788885,0.06883680121109403,0.0040000000000000036,0.019000000000000017,0.0,0.03699999999999998,0.0,0.28579120696073007,0.013208793039269917,0.12623237104463442,Mid,False
Haiti,2008,0.301,0.468,0.528,1555.4932,7.349547944743437,0.008863180198456,0.062124112697145684,0.0040000000000000036,0.01200000000000001,0.0,0.03899999999999998,0.0,0.2923272246942601,0.0086727753057399,0.17745638054722992,Mid,False
Haiti,2009,0.296,0.459,0.534,1604.1127,7.380326047803599,0.030778103060161932,0.07175766452340682,0.006000000000000005,0.014000000000000012,0.0,0.033999999999999975,0.0,0.2868504020102335,0.0091495979897665,0.0965443230847122,Mid,False
Haiti,2010,0.275,0.459,0.452,1556.5504,7.350227369697938,-0.030098678105660248,0.009542605152957684,-0.08200000000000002,-0.07200000000000001,1.0,0.03200000000000003,0.0,0.20448427941093655,0.07051572058906347,0.05730692754979355,High,False
Haiti,2011,0.262,0.431,0.536,1648.0,7.4073177104694174,0.05709034077147912,0.057769765725980804,0.08400000000000002,0.008000000000000007,0.0,0.019000000000000017,0.0,0.1913084733126163,0.07069152668738371,0.06201875138164381,High,False
Haiti,2012,0.268,0.438,0.54,1674.0,7.422971251049421,0.015653540580003344,0.042645203245822216,0.0040000000000000036,0.006000000000000005,0.0,0.025000000000000022,0.0,0.281747846375596,-0.013747846375596007,-0.022897444365362507,High,False
Haiti,2013,0.262,0.434,0.545,1722.0,7.451241684987676,0.028270433938255124,0.10101431528973759,0.0050000000000000044,0.09300000000000003,0.0,0.019000000000000017,0.0,0.18822448028284897,0.07377551971715104,0.003259799128087576,Low,False
Haiti,2014,0.262,0.434,0.549,1749.0,7.466799475018602,0.015557790030926277,0.059481764549184746,0.0040000000000000036,0.013000000000000012,0.0,0.019000000000000017,0.0,0.28341975995389174,-0.021419759953891726,-0.09211128664127544,Mid,False
Haiti,2015,0.243,0.425,0.552,1742.0,7.462789157412448,-0.00401031760615389,0.03981790636302751,0.0030000000000000027,0.01200000000000001,0.0,0.006000000000000005,0.0,0.3312398567162912,-0.0882398567162912,-0.07449201034069519,High,True
Haiti,2016,0.255,0.42,0.555,1748.7269,7.466643316457135,0.003854159044686334,0.01540163146945872,0.0030000000000000027,0.010000000000000009,0.0,0.05100000000000002,0.0,0.28675797555958077,-0.031757975559580764,-0.10553349527673181,High,True
Haiti,2017,0.251,0.418,0.559,1767.923,7.4775606902129725,0.0109173737558379,0.010761215194370344,0.0040000000000000036,0.010000000000000009,0.0,0.097,0.0,0.3005417976704972,-0.04954179767049721,-0.028122037716605486,High,False
Honduras,1996,0.305,0.557,0.541,3210.2703,8.074110418186445,0.014573021275396059,-0.0020569308669209363,0.0040000000000000036,0.01200000000000001,0.0,-0.0020000000000000018,0.0,0.25906752888401313,0.04593247111598686,0.060740287870664045,High,False
Honduras,1997,0.307,0.557,0.547,3303.2676,8.102667439366108,0.028557021179663522,0.06158545050815434,0.006000000000000005,0.015000000000000013,0.0,-0.0020000000000000018,0.0,0.2619428832936516,0.04505711670634838,-0.01803663840363212,Mid,False
Honduras,1998,0.309,0.555,0.529,3332.9067,8.111600085116654,0.008932645750546087,0.05206268820560567,-0.018000000000000016,-0.008000000000000007,0.0,-0.007000000000000006,0.0,0.2870607472827792,0.021939252717220803,-0.011050299334069869,High,False
Honduras,1999,0.316,0.556,0.552,3215.1848,8.07564011557965,-0.035959969537003644,0.0015296973932059643,0.02300000000000002,0.01100000000000001,1.0,-0.010000000000000009,0.0,0.15172707055000303,0.16427292944999697,0.1183404583340101,High,False
Honduras,2000,0.326,0.556,0.558,3335.7153,8.112442418110206,0.03680230253055505,0.009774978744097496,0.006000000000000005,0.01100000000000001,0.0,0.0,0.0,0.2733911404577307,0.05260885954226929,0.007551742835920916,High,False
Honduras,2001,0.326,0.555,0.561,3365.233,8.121252481880806,0.008810063770599896,0.009652396764151305,0.0030000000000000027,0.03200000000000003,0.0,0.014000000000000012,0.0,0.2361241244761826,0.0898758755238174,0.0679366228065966,Mid,False
Honduras,2002,0.327,0.555,0.564,3431.2512,8.140680254984556,0.019427773103750212,0.06504013940490516,0.0029999999999998916,0.0119999999999999,0.0,0.015000000000000013,0.0,0.262514373806651,0.06448562619334902,-0.09978730325664795,Mid,False
Honduras,2003,0.333,0.565,0.568,3527.1218,8.16823746323774,0.02755720825318342,0.05579504512753353,0.0040000000000000036,0.009999999999999898,0.0,0.02100000000000002,0.0,0.26755080622763505,0.06544919377236497,0.012840334230095674,High,False
Honduras,2004,0.333,0.565,0.573,3686.6667,8.212477995449808,0.04424053221206847,0.0912255135690021,0.0050000000000000044,0.0119999999999999,0.0,0.050000000000000044,0.0,0.2706134045536745,0.06238659544632552,-0.02748928007749188,Mid,False
Honduras,2005,0.331,0.559,0.578,3851.0554,8.256102519585232,0.04362452413542428,0.11542226460067617,0.0050000000000000044,0.014000000000000012,0.0,0.09200000000000003,0.0,0.2598512022404221,0.07114879775957794,0.00666317156622892,Mid,False
Honduras,2006,0.312,0.521,0.582,4045.2976,8.305310399097777,0.04920787951254546,0.13707293586003821,0.0040000000000000036,0.014000000000000012,0.0,0.07300000000000001,0.0,0.23809333531094104,0.07390666468905896,0.008457470916693993,Mid,False
Honduras,2007,0.315,0.522,0.587,4237.302,8.35168202493331,0.04637162583553334,0.13920402948350308,0.0050000000000000044,0.014000000000000012,0.0,0.07600000000000001,0.0,0.23809333531094104,0.07690666468905896,0.014520069242733441,Mid,False
Honduras,2008,0.323,0.519,0.592,4358.763,8.379943580491865,0.028261555558554363,0.12384106090663316,0.0050000000000000044,0.014000000000000012,0.0,0.08400000000000002,0.0,0.2582034661442913,0.06479653385570872,-0.006352263903869226,Mid,False
Honduras,2009,0.283,0.441,0.594,4200.1606,8.34287804163564,-0.037065538856225544,0.037567642537862156,0.0020000000000000018,0.01200000000000001,1.0,0.043999999999999984,0.0,0.2341458055795045,0.04885419442049546,-0.025052470268563498,High,False
Honduras,2010,0.239,0.408,0.596,4305.892,8.367739596327835,0.024861554692195753,0.016057571394524572,0.0020000000000000018,0.009000000000000008,0.0,-0.0010000000000000009,0.0,0.2804908060673275,-0.041490806067327524,-0.11839747075638649,High,True
Honduras,2011,0.248,0.419,0.598,4421.0,8.394121193826242,0.02638159749840696,0.01417761333437717,0.0020000000000000018,0.006000000000000005,0.0,0.008000000000000007,0.0,0.2804908060673275,-0.032490806067327516,-0.09728733992303623,High,True
Honduras,2012,0.24,0.418,0.597,4518.0,8.415824697027949,0.021703503201706553,0.07294665539230927,-0.0010000000000000009,0.0030000000000000027,0.0,-0.0040000000000000036,0.0,0.2846670081486748,-0.0446670081486748,-0.09352120256917026,High,True
Honduras,2013,0.255,0.413,0.601,4561.0,8.4252971767117,0.00947247968375109,0.057557580383864604,0.0040000000000000036,0.0050000000000000044,0.0,0.021999999999999992,0.0,0.28111568078254145,-0.02611568078254145,0.015375125284786073,High,False
Honduras,2014,0.27,0.433,0.604,4620.0,8.438149984075784,0.012852807364083674,0.044028790249541316,0.0030000000000000027,0.006000000000000005,0.0,0.04100000000000001,0.0,0.27831940280520817,-0.008319402805208154,0.024171403262119362,High,False
Honduras,2015,0.245,0.426,0.61,4706.0,8.456593569287309,0.018443585211525004,0.04076887225935977,0.006000000000000005,0.013000000000000012,0.0,0.015999999999999986,0.0,0.29328477248471035,-0.04828477248471036,-0.003617764336035556,High,False
Honduras,2016,0.254,0.425,0.616,4803.2803,8.477054359320718,0.020460790033409282,0.05175718260901796,0.006000000000000005,0.015000000000000013,0.0,0.024999999999999994,0.0,0.31270233130018416,-0.05870233130018415,-0.0325866505176427,Mid,False
Honduras,2017,0.244,0.414,0.618,4949.0254,8.506945947288685,0.02989158796796687,0.06879596321290116,0.0020000000000000018,0.014000000000000012,0.0,0.014999999999999986,0.0,0.3126348955469055,-0.0686348955469055,-0.06031549274169734,Mid,False
Hong Kong,1996,0.32,0.377,0.808,32261.803,10.381639239764054,0.009965082772346534,0.03211421575477047,0.008000000000000007,0.02400000000000002,0.0,-0.0020000000000000018,0.0,0.5880921883435318,-0.2680921883435318,-0.12392542696981235,Mid,False
Hong Kong,1997,0.322,0.368,0.817,33385.82,10.41588653791934,0.03424729815528593,0.03556383793623574,0.008999999999999897,0.02399999999999991,0.0,-0.0030000000000000027,0.0,0.6127025004988522,-0.2907025004988522,-0.061616509811131426,Mid,False
Hong Kong,1998,0.325,0.372,0.823,30866.428,10.337424399754843,-0.07846213816449676,-0.0342497572368643,0.006000000000000005,0.02299999999999991,1.0,0.0,0.0,0.6704401061662226,-0.3454401061662226,-0.09209481163505318,Mid,False
Hong Kong,1999,0.325,0.371,0.83,31134.166,10.346061080373191,0.008636680618348436,-0.035578159390862396,0.007000000000000006,0.02199999999999991,0.0,0.0,0.0,0.6612435575461065,-0.3362435575461065,-0.0681513692025747,Mid,False
Hong Kong,2000,0.325,0.371,0.839,32894.01,10.401045853307979,0.05498477293478743,-0.0148406846113609,0.009000000000000008,0.02200000000000002,0.0,0.0010000000000000009,0.0,0.6472969425832431,-0.3222969425832431,-0.031594442084390884,Mid,False
Hong Kong,2001,0.325,0.372,0.847,32734.201,10.39617571245145,-0.004870140856528593,0.05875131269660727,0.008000000000000007,0.02400000000000002,0.0,0.0010000000000000009,0.0,0.6191146660948927,-0.29411466609489273,0.051325440071329886,Mid,False
Hong Kong,2002,0.325,0.372,0.854,33038.15,10.405418233331185,0.009242520879734428,0.059357152957993264,0.007000000000000006,0.02400000000000002,0.0,0.0010000000000000009,0.0,0.7071412385693474,-0.3821412385693474,-0.04589768102324088,Mid,False
Hong Kong,2003,0.325,0.372,0.861,33594.316,10.422112164974335,0.01669393164315025,0.021066311666356086,0.007000000000000006,0.02200000000000002,0.0,0.0010000000000000009,0.0,0.7746607451093086,-0.4496607451093086,-0.1273638025260655,Mid,False
Hong Kong,2004,0.325,0.371,0.866,36052.992,10.492745135108244,0.07063297013390901,0.09656942265679369,0.0050000000000000044,0.019000000000000017,0.0,0.0010000000000000009,0.0,0.654273338851806,-0.32927333885180604,-0.03515867275691331,Mid,False
Hong Kong,2005,0.324,0.369,0.872,38191.9,10.550378730225791,0.05763359511754729,0.14496049689460655,0.006000000000000005,0.018000000000000016,0.0,0.0010000000000000009,0.0,0.5872522963396412,-0.26325229633964115,0.11888894222970625,Mid,False
Hong Kong,2006,0.324,0.369,0.879,40172.855,10.60094679776777,0.05056806754197929,0.1788346327934356,0.007000000000000006,0.018000000000000016,0.0,0.0020000000000000018,0.0,0.6826187323285053,-0.35861873232850533,0.09104201278080326,Low,False
Hong Kong,2007,0.324,0.369,0.891,42230.887,10.650907151732982,0.04996035396521137,0.15816201662473794,0.01200000000000001,0.025000000000000022,0.0,0.008000000000000007,0.0,0.6990145256681521,-0.37501452566815213,-0.04574118681634609,Low,False
Hong Kong,2008,0.324,0.369,0.907,42635.48,10.660442049468585,0.009534897735603565,0.11006331924279422,0.016000000000000014,0.03500000000000003,0.0,0.010000000000000009,0.0,0.7221251423182372,-0.3981251423182372,-0.13487284597859606,Low,False
Hong Kong,2009,0.324,0.371,0.909,41076.234,10.62318498505919,-0.03725706440939547,0.022238187291419464,0.0020000000000000018,0.030000000000000027,1.0,0.013000000000000012,0.0,0.720352535925397,-0.39635253592539704,-0.03773380359689171,Mid,False
Hong Kong,2010,0.323,0.369,0.912,43170.55,10.672913828797299,0.04972884373810871,0.022006677064316804,0.0030000000000000027,0.02100000000000002,0.0,0.020000000000000018,0.0,0.8158100069784049,-0.4928100069784049,-0.11779548131025275,Mid,False
Hong Kong,2011,0.322,0.367,0.918,44532.0,10.703963310848598,0.03104948205129965,0.04352126138001289,0.006000000000000005,0.01100000000000001,0.0,0.028000000000000025,0.0,0.8298226340090367,-0.5078226340090366,-0.1096974916907994,High,True
Hong Kong,2012,0.316,0.362,0.923,44795.11,10.709854260659872,0.005890949811274027,0.08666927560068238,0.0050000000000000044,0.014000000000000012,0.0,0.027000000000000024,0.0,0.7789261239225271,-0.46292612392252713,-0.06657358799713009,Mid,False
Hong Kong,2013,0.314,0.358,0.928,45997.89,10.736350804853974,0.02649654419410119,0.06343697605667487,0.0050000000000000044,0.016000000000000014,0.0,0.032999999999999974,0.0,0.8258346732025723,-0.5118346732025723,-0.019024666224167375,Mid,False
Hong Kong,2014,0.311,0.354,0.932,46941.586,10.756659256648451,0.020308451794477378,0.052695945799852595,0.0040000000000000036,0.014000000000000012,0.0,0.043999999999999984,0.0,0.8199258394481919,-0.5089258394481919,-0.0011032054391553192,Mid,False
Hong Kong,2015,0.303,0.345,0.937,47653.695,10.771715450671934,0.015056194023483016,0.061861190012061584,0.0050000000000000044,0.014000000000000012,0.0,0.099,0.0,0.8549389198856212,-0.5519389198856213,-0.08901279596309414,Mid,False
Hong Kong,2016,0.294,0.333,0.94,48385.113,10.786947462746852,0.015232012074918089,0.05059665789287848,0.0029999999999998916,0.0119999999999999,0.0,0.12599999999999997,1.0,0.8429924816245541,-0.5489924816245542,-0.03715780842198191,High,False
Hong Kong,2017,0.289,0.325,0.946,49841.457,10.816602386581394,0.029654923834542046,0.05994312993294315,0.006000000000000005,0.013999999999999901,0.0,0.13999999999999999,1.0,0.8447677561209003,-0.5557677561209002,-0.04684191667270832,Mid,False
Hungary,1996,0.756,0.844,0.752,10359.182,9.245628555167206,0.021894875300292327,0.1084543220858869,0.008000000000000007,0.02300000000000002,0.0,0.006000000000000005,0.0,0.45159323137541635,0.30440676862458366,-0.04816079513555466,Low,False
Hungary,1997,0.757,0.844,0.758,10942.326,9.300393667636362,0.0547651124691555,0.1130943128853481,0.006000000000000005,0.019000000000000017,0.0,0.007000000000000006,0.0,0.4751983778078057,0.2818016221921943,-0.013405134061502011,Mid,False
Hungary,1998,0.754,0.84,0.764,11663.028,9.36417911744269,0.06378544980632839,0.1404454375757762,0.006000000000000005,0.020000000000000018,0.0,0.0040000000000000036,0.0,0.4745121623222745,0.2794878376777255,-0.048783614265324904,Low,False
Hungary,1999,0.75,0.839,0.771,12316.724,9.418713292636511,0.054534175193820644,0.17308473746930453,0.007000000000000006,0.019000000000000017,0.0,0.0,0.0,0.4850989795216108,0.2649010204783892,-0.03950574814619445,Low,False
Hungary,2000,0.75,0.839,0.781,13129.273,9.482599596380808,0.06388630374429738,0.1822059287444464,0.010000000000000009,0.02300000000000002,0.0,0.0,0.0,0.4720104614097957,0.2779895385902043,-0.0038120836019899795,Low,False
Hungary,2001,0.75,0.839,0.791,13933.562,9.542055741193325,0.0594561448125166,0.17787662375063462,0.010000000000000009,0.027000000000000024,0.0,0.008000000000000007,0.0,0.5336337378319026,0.2163662621680974,-0.0631215755096281,Low,False
Hungary,2002,0.755,0.842,0.8,14899.307,9.60906998078481,0.06701423959148478,0.19035668814829876,0.009000000000000008,0.029000000000000026,0.0,0.013000000000000012,0.0,0.5915814024880308,0.1634185975119692,-0.10148242296642002,Low,False
Hungary,2003,0.759,0.843,0.807,15829.9,9.66965583573571,0.06058585495090085,0.18705623935490223,0.007000000000000006,0.026000000000000023,0.0,0.017000000000000015,0.0,0.5954867888997897,0.16351321110021033,-0.11447632748999398,Low,False
Hungary,2004,0.759,0.843,0.811,16999.006,9.740910150740646,0.07125431500493562,0.19885440954732125,0.0040000000000000036,0.020000000000000018,0.0,0.017000000000000015,0.0,0.5265936759949995,0.2324063240050005,0.016040061836903097,Low,False
Hungary,2005,0.754,0.843,0.816,18140.617,9.80590873632112,0.064998585580474,0.19683875553631047,0.004999999999999893,0.015999999999999903,0.0,0.07699999999999996,0.0,0.5800041726697064,0.17399582733029362,0.01057722981832443,Low,False
Hungary,2006,0.742,0.831,0.823,19253.062,9.86542539200151,0.05951665568039033,0.19576955626579995,0.007000000000000006,0.015999999999999903,0.0,0.10299999999999998,1.0,0.6150039405631559,0.1269960594368441,-0.03651715166336622,Low,False
Hungary,2007,0.765,0.85,0.826,19763.791,9.891606805127294,0.026181413125783592,0.15069665438664792,0.0030000000000000027,0.014999999999999902,0.0,0.14400000000000002,1.0,0.5304263831901297,0.23457361680987032,0.002167292804869825,Mid,False
Hungary,2008,0.766,0.85,0.833,20380.63,9.9223402189584,0.03073341383110595,0.11643148263727987,0.007000000000000006,0.017000000000000015,0.0,0.19100000000000006,1.0,0.6051558843686953,0.16084411563130474,-0.013151711698988877,Mid,False
Hungary,2009,0.766,0.85,0.834,19461.07,9.87617133881216,-0.0461688801462401,0.010745946810649443,0.0010000000000000009,0.01100000000000001,1.0,0.245,1.0,0.5019734322508065,0.26402656774919353,0.13703050831234942,High,False
Hungary,2010,0.677,0.808,0.838,20036.334,9.905302604332576,0.029131265520415894,0.013695799205281745,0.0040000000000000036,0.01200000000000001,0.0,0.20000000000000007,1.0,0.652253860233708,0.02474613976629203,-0.2098274770435783,High,True
Hungary,2011,0.639,0.778,0.841,20886.0,9.946834357039494,0.04153175270691811,0.024494138081093908,0.0030000000000000027,0.008000000000000007,0.0,0.16500000000000004,1.0,0.6352684832926492,0.003731516707350835,-0.1571125989239539,High,True
Hungary,2012,0.621,0.773,0.841,20731.67,9.939417761760572,-0.0074165952789222445,0.06324642294841176,0.0,0.007000000000000006,0.0,0.189,1.0,0.6062435732012436,0.014756426798756439,-0.2492701409504371,High,True
Hungary,2013,0.575,0.738,0.85,21163.564,9.960036302791217,0.020618541030644977,0.054733698458640845,0.009000000000000008,0.01200000000000001,0.0,0.20199999999999996,1.0,0.7085671340095724,-0.13356713400957243,-0.15831327377586446,High,True
Hungary,2014,0.521,0.669,0.848,22118.75,10.004180944093774,0.04414464130255702,0.05734658705427975,-0.0020000000000000018,0.007000000000000006,0.0,0.15700000000000003,1.0,0.6218236613909024,-0.10082366139090237,-0.10455517809825321,High,True
Hungary,2015,0.477,0.617,0.847,22993.375,10.042961409940535,0.0387804658467612,0.1035436481799632,-0.0010000000000000009,0.006000000000000005,0.0,0.126,1.0,0.603641786465967,-0.12664178646596702,-0.14139821326472346,Mid,False
Hungary,2016,0.474,0.613,0.851,23568.926,10.067684428494033,0.02472301855349812,0.10764812570281634,0.0040000000000000036,0.0010000000000000009,0.0,0.128,1.0,0.6491074422212636,-0.17510744222126362,-0.04154030821169119,High,False
Hungary,2017,0.432,0.555,0.853,24641.197,10.112174996012962,0.044490567518929325,0.10799405191918865,0.0020000000000000018,0.0050000000000000044,0.0,0.09699999999999998,0.0,0.6579506475677203,-0.22595064756772026,-0.1251269861768179,Mid,False
Iceland,1996,0.783,0.869,0.873,28277.787,10.249831863766108,0.03754305205625563,0.052414297874442184,0.010000000000000009,0.010000000000000009,0.0,0.0030000000000000027,0.0,0.7609587511617039,0.022041248838296168,0.0071818793973229544,High,False
Iceland,1997,0.783,0.868,0.881,29939.143,10.306922033649451,0.05709016988334348,0.08651621913349494,0.008000000000000007,0.013000000000000012,0.0,0.0030000000000000027,0.0,0.7349455299421229,0.04805447005787711,0.04098767097087985,Mid,False
Iceland,1998,0.783,0.868,0.893,31444.615,10.355983023302715,0.04906098965326322,0.14369421159286233,0.01200000000000001,0.030000000000000027,0.0,0.0030000000000000027,0.0,0.6748464356559929,0.10815356434400714,0.08495873824286582,Low,False
Iceland,1999,0.781,0.868,0.895,32186.932,10.379315810648448,0.023332787345733408,0.1294839468823401,0.0020000000000000018,0.02200000000000002,0.0,0.0010000000000000009,0.0,0.7292402143566055,0.05175978564339456,0.029718536805098394,Low,False
Iceland,2000,0.78,0.868,0.902,33108.29,10.4075389831792,0.02822317253075113,0.10061694952974776,0.007000000000000006,0.02100000000000002,0.0,0.0,0.0,0.7450574007616144,0.03494259923838561,-0.0131118708194915,Mid,False
Iceland,2001,0.78,0.868,0.91,33794.453,10.428051955577157,0.020512972397957796,0.07206893227444233,0.008000000000000007,0.017000000000000015,0.0,0.0,0.0,0.7522085272897128,0.027791472710287257,-0.08036209163371988,Mid,False
Iceland,2002,0.78,0.868,0.917,33470.496,10.41841961333668,-0.009632342240477598,0.039103802688231326,0.007000000000000006,0.02200000000000002,0.0,-0.0010000000000000009,0.0,0.7745087644513304,0.005491235548669593,-0.04626855009472497,Mid,False
Iceland,2003,0.781,0.867,0.925,33920.707,10.431780932849001,0.013361319512322112,0.02424194966980231,0.008000000000000007,0.02300000000000002,0.0,0.0,0.0,0.783627262288081,-0.002627262288080967,-0.037569861526466575,Mid,False
Iceland,2004,0.782,0.867,0.928,36209.242,10.49706966909678,0.06528873624777809,0.0690177135196226,0.0030000000000000027,0.018000000000000016,0.0,0.0010000000000000009,0.0,0.6022508693783074,0.17974913062169262,0.15195765791140536,Mid,False
Iceland,2005,0.781,0.865,0.935,37884.06,10.54228572212681,0.04521605303003007,0.12386610879013027,0.007000000000000006,0.018000000000000016,0.0,0.0,0.0,0.6730523997548409,0.10794760024515915,0.10245636469648955,Mid,False
Iceland,2006,0.781,0.865,0.936,38707.215,10.563781295749722,0.021495573622912545,0.1320003629007207,0.0010000000000000009,0.01100000000000001,0.0,-0.006000000000000005,0.0,0.7384422704463677,0.04255772955363235,0.04518499184171332,Mid,False
Iceland,2007,0.787,0.873,0.941,41111.156,10.624034799175483,0.06025350342576097,0.12696513007870358,0.004999999999999893,0.0129999999999999,0.0,-0.007000000000000006,0.0,0.6573883741132529,0.12961162588674713,-0.05013750473494549,Mid,False
Iceland,2008,0.795,0.88,0.935,40810.23,10.61668806425753,-0.007346734917952347,0.07440234213072117,-0.005999999999999894,0.0,0.0,0.020000000000000018,0.0,0.7506807785451665,0.04431922145483358,-0.06362837879032557,High,True
Iceland,2009,0.796,0.882,0.934,37701.85,10.537464443850167,-0.07922362040736353,-0.026316851899554905,-0.0010000000000000009,-0.0020000000000000018,1.0,0.02300000000000002,0.0,0.7754882986749556,0.02051170132504443,-0.02204602822858792,High,False
Iceland,2010,0.799,0.881,0.935,36272.688,10.498820340366278,-0.03864410348388958,-0.12521445880920545,0.0010000000000000009,-0.005999999999999894,1.0,0.026000000000000023,0.0,0.7847125329601983,0.014287467039801771,-0.11532415884694536,High,True
Iceland,2011,0.795,0.881,0.941,36740.0,10.511621358769117,0.012801018402839759,-0.10506670548841335,0.005999999999999894,0.005999999999999894,0.0,0.02200000000000002,0.0,0.8692874301990555,-0.07428743019905548,-0.11860665165388906,High,True
Iceland,2012,0.794,0.875,0.946,36933.895,10.516884972092804,0.0052636133236863,-0.02057947175736352,0.0050000000000000044,0.0119999999999999,0.0,0.02100000000000002,0.0,0.8189291973342963,-0.024929197334296216,-0.045440898659340645,High,False
Iceland,2013,0.775,0.858,0.95,38245.496,10.551781080687427,0.03489610859462289,0.05296074032114895,0.0040000000000000036,0.014999999999999902,0.0,0.0020000000000000018,0.0,0.7515611482982238,0.023438851701776175,0.009151384661974404,Mid,False
Iceland,2014,0.773,0.856,0.954,38463.027,10.557452721193888,0.005671640506461628,0.045831362424770816,0.0040000000000000036,0.013000000000000012,0.0,-0.0030000000000000027,0.0,0.8037540402706373,-0.03075404027063733,0.043533389928418154,High,False
Iceland,2015,0.777,0.861,0.956,39756.527,10.59052930786079,0.033076586666901164,0.07364433576798568,0.0020000000000000018,0.010000000000000009,0.0,0.0010000000000000009,0.0,0.8208252020003709,-0.04382520200037088,-0.01889600466607466,Mid,False
Iceland,2016,0.776,0.86,0.959,41682.867,10.637845460050084,0.047316152189294414,0.0860643793626572,0.0030000000000000027,0.009000000000000008,0.0,0.031000000000000028,0.0,0.8002722624657741,-0.024272262465774075,-0.04771111416755025,Mid,False
Iceland,2017,0.779,0.861,0.962,42419.383,10.655360682986963,0.017515222936879127,0.0979079617930747,0.0030000000000000027,0.008000000000000007,0.0,0.03700000000000003,0.0,0.81906175893433,-0.04006175893432995,-0.009307718663692621,Mid,False
India,1996,0.588,0.741,0.476,2475.568,7.814225143622348,0.049520261112742325,0.128785001651762,0.007000000000000006,0.01799999999999996,0.0,0.0040000000000000036,0.0,0.26113658573025733,0.32686341426974264,0.07877060069033165,Mid,False
India,1997,0.591,0.742,0.482,2514.0217,7.829639020775629,0.015413877153280353,0.10877855919890767,0.006000000000000005,0.01899999999999996,0.0,0.007000000000000006,0.0,0.29144656116813167,0.2995534388318683,0.02963345485467267,Mid,False
India,1998,0.593,0.746,0.488,2611.7815,7.8677878345236065,0.03814881374797796,0.10308295201400064,0.006000000000000005,0.019000000000000017,0.0,0.010000000000000009,0.0,0.30234114496008463,0.29065885503991534,-0.0023199348392201613,Mid,False
India,1999,0.586,0.737,0.496,2707.7407,7.903869876124038,0.03608204160043105,0.08964473250168936,0.008000000000000007,0.020000000000000018,0.0,0.008000000000000007,0.0,0.3298006044576976,0.25619939554230237,-0.07066401872744027,Mid,False
India,2000,0.584,0.735,0.501,2753.0854,7.920477525366161,0.016607649242123657,0.09083850459053266,0.0050000000000000044,0.019000000000000017,0.0,0.01100000000000001,0.0,0.3298006044576976,0.25419939554230236,-0.04535404328956594,Mid,False
India,2001,0.584,0.735,0.511,2837.8555,7.950803940285592,0.03032641491943089,0.08301610576198559,0.010000000000000009,0.02300000000000002,0.0,0.015000000000000013,0.0,0.31044637104246203,0.27355362895753793,-0.01710522608237741,Mid,False
India,2002,0.587,0.739,0.516,2870.9236,7.962389068830031,0.011585128544439272,0.05851919270599382,0.0050000000000000044,0.020000000000000018,0.0,0.018000000000000016,0.0,0.32886966185880884,0.25813033814119113,0.001930942598888763,Mid,False
India,2003,0.583,0.736,0.529,3035.9226,8.018270644119395,0.055881575289363994,0.09779311875323415,0.013000000000000012,0.028000000000000025,0.0,0.014000000000000012,0.0,0.28543558321093704,0.2975644167890629,0.04336502124676056,Low,False
India,2004,0.578,0.731,0.538,3212.511,8.074808153322127,0.05653750920273204,0.1240042130365353,0.009000000000000008,0.027000000000000024,0.0,0.038999999999999924,0.0,0.24809422545535367,0.3299057745446463,0.05635214558710838,Low,False
India,2005,0.573,0.723,0.547,3396.6487,8.130544548035163,0.05573639471303515,0.1681554792051312,0.009000000000000008,0.031000000000000028,0.0,0.040999999999999925,0.0,0.18765802264214165,0.3853419773578583,0.12721163921666717,Low,False
India,2006,0.569,0.721,0.557,3629.4111,8.196825682693,0.06628113465783692,0.1785550385736041,0.010000000000000009,0.028000000000000025,0.0,0.03699999999999992,0.0,0.21381636298041695,0.355183637019583,0.057619220230520074,Low,False
India,2007,0.569,0.721,0.566,3870.699,8.261190389869009,0.06436470717600962,0.18638223654688169,0.008999999999999897,0.027999999999999914,0.0,0.04399999999999993,0.0,0.25043332515188993,0.31856667484811,-0.011339099696536292,Low,False
India,2008,0.569,0.721,0.574,4030.6543,8.301683999082305,0.04049360921329637,0.1711394510471429,0.008000000000000007,0.026999999999999913,0.0,0.04699999999999993,0.0,0.2424007076324858,0.32659929236751417,-0.05874268499034413,Low,False
India,2009,0.539,0.683,0.579,4270.708,8.359534900440579,0.05785090135827353,0.16270921774757952,0.0050000000000000044,0.02199999999999991,0.0,0.051000000000000045,0.0,0.2335975641867943,0.3054024358132057,-0.0497812012063773,Low,False
India,2010,0.532,0.671,0.59,4525.7456,8.417537616041031,0.05800271560045189,0.1563472261720218,0.01100000000000001,0.02400000000000002,0.0,0.11500000000000005,1.0,0.20081830560856284,0.3311816943914372,0.012615019543327166,Low,False
India,2011,0.532,0.671,0.603,4768.0,8.469682208745185,0.05214459270415439,0.16799820966287982,0.013000000000000012,0.029000000000000026,0.0,0.126,1.0,0.20345893073010016,0.3285410692698999,0.0019417769023857279,Low,False
India,2012,0.525,0.659,0.609,4982.083,8.513603355659264,0.043921146914078335,0.15406845521868462,0.006000000000000005,0.030000000000000027,0.0,0.15400000000000003,1.0,0.18949424082467317,0.3355057591753269,0.03010332336212118,Low,False
India,2013,0.522,0.65,0.615,5224.1445,8.561046331370038,0.047442975710774604,0.14350871532900733,0.006000000000000005,0.025000000000000022,0.0,0.15900000000000003,1.0,0.24818560882793836,0.27381439117206163,-0.057367303219375554,Low,False
India,2014,0.488,0.617,0.625,5524.1147,8.61687827825279,0.05583194688275128,0.14719606950760422,0.010000000000000009,0.02200000000000002,0.0,0.16399999999999998,1.0,0.25012007947848647,0.23787992052151352,-0.09066114874838638,Low,False
India,2015,0.417,0.543,0.633,5869.8467,8.677583796637848,0.060705518385058,0.16398044097858389,0.008000000000000007,0.02400000000000002,0.0,0.125,1.0,0.23296230594848025,0.18403769405151973,-0.15146806512380714,Low,False
India,2016,0.406,0.524,0.644,6326.0645,8.752433599830056,0.07484980319220824,0.19138726846001752,0.01100000000000001,0.029000000000000026,0.0,0.11400000000000005,1.0,0.2727279204537062,0.13327207954629383,-0.1405423116257678,Low,False
India,2017,0.371,0.488,0.649,6638.7275,8.800675582538624,0.04824198270856783,0.18379730428583407,0.0050000000000000044,0.02400000000000002,0.0,0.08000000000000002,0.0,0.24870758541224183,0.12229241458775816,-0.11558750593375536,Low,False
Indonesia,1996,0.051,0.193,0.585,5851.2954,8.67441835161003,0.06284195535257808,0.19034123423092275,0.010000000000000009,0.029999999999999916,0.0,-0.0010000000000000009,0.0,0.27045443478725656,-0.21945443478725657,-0.027543856232773084,Low,False
Indonesia,1997,0.052,0.2,0.595,6055.8486,8.70877979480478,0.03436144319475076,0.1639665725541679,0.010000000000000009,0.030000000000000027,0.0,-0.065,0.0,0.22834853150566975,-0.17634853150566976,-0.0003206475092285832,Low,False
Indonesia,1998,0.117,0.286,0.591,5203.5796,8.557102052356894,-0.15167774244788568,-0.05447434390055683,-0.0040000000000000036,0.016000000000000014,1.0,-0.3,0.0,0.20855206060411402,-0.09155206060411401,0.12539000845140202,High,False
Indonesia,1999,0.417,0.55,0.595,5186.7134,8.553855519306456,-0.003246533050438316,-0.12056283230357323,0.0040000000000000036,0.010000000000000009,0.0,-0.08800000000000002,0.0,0.19533718959134272,0.22166281040865726,0.44111724519591383,High,False
Indonesia,2000,0.505,0.666,0.6,5384.3867,8.591258692668083,0.037403173361626685,-0.11752110213669731,0.0050000000000000044,0.0050000000000000044,0.0,0.0,0.0,0.2464535510170172,0.25854644898298285,0.4348949804886526,High,False
Indonesia,2001,0.505,0.666,0.608,5526.1475,8.617246197128585,0.025987504460502464,0.06014414477169083,0.008000000000000007,0.017000000000000015,0.0,-0.007000000000000006,0.0,0.2951130318405894,0.2098869681594106,0.30143902876352463,Mid,False
Indonesia,2002,0.512,0.666,0.617,5720.2817,8.651773331412937,0.03452713428435139,0.09791781210648054,0.009000000000000008,0.02200000000000002,0.0,0.0,0.0,0.297732954951184,0.214267045048816,-0.0073957653598412665,Mid,False
Indonesia,2003,0.512,0.666,0.625,5938.878,8.689275505626048,0.03750217421311142,0.09801681295796527,0.008000000000000007,0.025000000000000022,0.0,-0.016000000000000014,0.0,0.3134502790155621,0.1985497209844379,-0.05999672799854494,Low,False
Indonesia,2004,0.528,0.689,0.624,6180.91,8.729220788802577,0.03994528317652879,0.1119745916739916,-0.0010000000000000009,0.016000000000000014,0.0,0.0020000000000000018,0.0,0.3215946895504985,0.2064053104495015,-0.003481657709909103,Mid,False
Indonesia,2005,0.534,0.7,0.638,6482.012,8.776786234980248,0.04756544617767133,0.12501290356731154,0.014000000000000012,0.02100000000000002,0.0,0.008000000000000007,0.0,0.2827818485820133,0.25121815141798676,0.03695110636917076,Low,False
Indonesia,2006,0.534,0.696,0.646,6782.6245,8.822119400428015,0.04533316544776689,0.132843894801967,0.008000000000000007,0.02100000000000002,0.0,0.008000000000000007,0.0,0.29461085705826884,0.2393891429417312,0.04083942195729329,Low,False
Indonesia,2007,0.537,0.697,0.649,7157.313,8.875889910190173,0.053770509762157914,0.14666912138759614,0.0030000000000000027,0.025000000000000022,0.0,0.01100000000000001,0.0,0.2878599547111682,0.24914004528883182,0.042734734839330324,Low,False
Indonesia,2008,0.545,0.707,0.653,7633.166,8.940257979236565,0.0643680690463917,0.1634717442563165,0.0040000000000000036,0.015000000000000013,0.0,0.025000000000000022,0.0,0.3072443810297117,0.23775561897028835,-0.013462532447698405,Mid,False
Indonesia,2009,0.526,0.684,0.663,7935.844,8.979144991513438,0.038887012276873634,0.15702559108542324,0.010000000000000009,0.017000000000000015,0.0,0.014000000000000012,0.0,0.23649891047568505,0.28950108952431497,0.05011194658258378,Mid,False
Indonesia,2010,0.539,0.686,0.67,8386.434,9.034370679313108,0.05522568779966974,0.15848076912293507,0.007000000000000006,0.02100000000000002,0.0,0.028000000000000025,0.0,0.23980037945969848,0.2991996205403016,0.05005957525146976,Low,False
Indonesia,2011,0.538,0.686,0.678,8849.0,9.08805973726735,0.053689057954242614,0.147801758030786,0.008000000000000007,0.025000000000000022,0.0,0.04200000000000004,0.0,0.2897950984983643,0.2482049015016357,0.01044928253134736,Low,False
Indonesia,2012,0.534,0.685,0.686,9272.009,9.134755355683483,0.046695618416132234,0.1556103641700446,0.008000000000000007,0.02300000000000002,0.0,0.050000000000000044,0.0,0.3059024787993445,0.22809752120065552,-0.06140356832365945,Low,False
Indonesia,2013,0.52,0.668,0.69,9676.147,9.177419063842711,0.042663708159228264,0.1430483845296031,0.0039999999999998925,0.019999999999999907,0.0,0.056999999999999995,0.0,0.30788799785468507,0.21211200214531495,-0.08708761839498663,Low,False
Indonesia,2014,0.512,0.658,0.693,10050.717,9.215399254225993,0.03798019038328171,0.1273395169586422,0.0030000000000000027,0.014999999999999902,0.0,0.05299999999999999,0.0,0.32706479943207806,0.18493520056792195,-0.06326970093371376,Mid,False
Indonesia,2015,0.511,0.654,0.701,10432.305,9.252662520702232,0.037263266476239565,0.11790716501874954,0.008000000000000007,0.014999999999999902,0.0,0.10000000000000003,1.0,0.377883931796183,0.133116068203817,-0.09498145299683852,Mid,False
Indonesia,2016,0.496,0.639,0.705,10849.67,9.291889943759523,0.03922742305729088,0.11447087991681215,0.0040000000000000036,0.015000000000000013,0.0,0.09799999999999998,0.0,0.3750743528715818,0.12092564712841819,-0.09118635501689676,Mid,False
Indonesia,2017,0.484,0.627,0.712,11292.259,9.331872725702619,0.03998278194309535,0.11647347147662579,0.007000000000000006,0.019000000000000017,0.0,0.09399999999999997,0.0,0.3857052330381005,0.09829476696189948,-0.08664043360602247,Mid,False
Iran,1996,0.123,0.174,0.681,7746.409,8.954984660126657,0.08801738100252443,0.1135701693089306,0.009000000000000008,0.02300000000000002,0.0,-0.025999999999999995,0.0,0.30178159579622754,-0.17878159579622754,-0.10405390435615222,Low,False
Iran,1997,0.149,0.218,0.687,8113.724,9.00131222790563,0.046327567778973844,0.16425451917966605,0.006000000000000005,0.02300000000000002,0.0,-0.0040000000000000036,0.0,0.3091294825136737,-0.16012948251367373,0.04954370331099292,Low,False
Iran,1998,0.159,0.231,0.695,8458.387,9.042913772483436,0.04160154457780507,0.17594649335930335,0.007999999999999896,0.02299999999999991,0.0,0.006000000000000005,0.0,0.31954626813957776,-0.16054626813957776,0.08522051287963331,Low,False
Iran,1999,0.16,0.234,0.703,8714.627,9.072758157267675,0.029844384784238898,0.11777349714101781,0.008000000000000007,0.02199999999999991,0.0,0.017000000000000015,0.0,0.4387373720776171,-0.27873737207761706,-0.09995577628138952,Low,False
Iran,2000,0.162,0.233,0.71,9104.763,9.116552962168894,0.043794804901219564,0.11524073426326353,0.007000000000000006,0.02299999999999991,0.0,0.034,0.0,0.436673444469131,-0.274673444469131,-0.11454396195545727,Low,False
Iran,2001,0.154,0.234,0.719,9620.627,9.17166471825102,0.05511175608212504,0.1287509457675835,0.009000000000000008,0.02400000000000002,0.0,0.027999999999999997,0.0,0.4351387173681337,-0.2811387173681337,-0.12059244922855591,Low,False
Iran,2002,0.153,0.232,0.727,10467.371,9.256018173957793,0.08435345570677377,0.18326001669011838,0.008000000000000007,0.02400000000000002,0.0,0.026999999999999996,0.0,0.40277707951426817,-0.24977707951426817,0.028960292563348894,Low,False
Iran,2003,0.153,0.232,0.732,11502.853,9.350350370539383,0.09433219658158976,0.23379740837048857,0.0050000000000000044,0.02200000000000002,0.0,0.027999999999999997,0.0,0.39063785335414375,-0.23763785335414375,0.03703559111498725,Low,False
Iran,2004,0.143,0.207,0.741,12404.323,9.425800319868406,0.07544994932902327,0.2541356016173868,0.009000000000000008,0.02200000000000002,0.0,0.02099999999999999,0.0,0.35242542658344395,-0.20942542658344396,0.07171329078468971,Low,False
Iran,2005,0.128,0.177,0.746,13110.143,9.4811414844023,0.05534116453389437,0.2251233104445074,0.0050000000000000044,0.019000000000000017,0.0,0.010999999999999996,0.0,0.47618703608633206,-0.34818703608633206,-0.09840995657206389,Low,False
Iran,2006,0.126,0.173,0.757,14185.753,9.559993430077952,0.07885194567565179,0.20964305953856943,0.01100000000000001,0.025000000000000022,0.0,0.008999999999999994,0.0,0.5496401294073657,-0.42364012940736573,-0.18600227605322198,Low,False
Iran,2007,0.127,0.173,0.761,15467.107,9.646470918968566,0.08647748889061369,0.22067059910015985,0.0040000000000000036,0.020000000000000018,0.0,0.009999999999999995,0.0,0.5217389038522413,-0.3947389038522413,-0.18531347726879735,Low,False
Iran,2008,0.125,0.167,0.765,15739.983,9.663959441919985,0.017488522951419228,0.1828179575176847,0.0040000000000000036,0.019000000000000017,0.0,0.007999999999999993,0.0,0.48870147202824016,-0.36370147202824016,-0.0155144359419081,Low,False
Iran,2009,0.122,0.158,0.771,16575.07,9.715655038272898,0.05169559635291243,0.15566160819494534,0.006000000000000005,0.014000000000000012,0.0,0.0049999999999999906,0.0,0.38895548514796147,-0.26695548514796147,0.15668464425940426,Mid,False
Iran,2010,0.117,0.144,0.778,17751.33,9.784215721673947,0.06856068340104926,0.13774480270538092,0.007000000000000006,0.017000000000000015,0.0,-0.000999999999999987,0.0,0.39209368682982626,-0.27509368682982627,0.11964521702241504,Mid,False
Iran,2011,0.118,0.145,0.787,18024.0,9.79945948211208,0.015243760438133691,0.13550004019209538,0.009000000000000008,0.02200000000000002,0.0,-0.0030000000000000027,0.0,0.4719364643208519,-0.3539364643208519,0.009765007707388251,Low,False
Iran,2012,0.121,0.158,0.795,17556.533,9.773181410338156,-0.02627807177392505,0.0575263720652579,0.008000000000000007,0.02400000000000002,1.0,-0.008000000000000007,0.0,0.5484181472089594,-0.42741814720895943,-0.16046266206099796,Mid,False
Iran,2013,0.129,0.174,0.794,16842.896,9.731684244507353,-0.041497165830802984,-0.05253147716659434,-0.0010000000000000009,0.016000000000000014,1.0,-0.0020000000000000018,0.0,0.5090990332762233,-0.3800990332762233,-0.10500534644639703,High,True
Iran,2014,0.131,0.183,0.795,17449.938,9.767091374615665,0.03540713010831276,-0.03236810749641528,0.0010000000000000009,0.008000000000000007,0.0,0.0050000000000000044,0.0,0.477549407402737,-0.346549407402737,0.00738705691811492,High,False
Iran,2015,0.136,0.186,0.788,16922.88,9.736421831441623,-0.030669543174042246,-0.036759578896532474,-0.007000000000000006,-0.007000000000000006,1.0,0.017000000000000015,0.0,0.20899076464540123,-0.07299076464540122,0.3544273825635582,High,False
Iran,2016,0.137,0.186,0.791,17738.059,9.783467836123222,0.04704600468159903,0.05178359161586954,0.0030000000000000027,-0.0030000000000000027,0.0,0.04600000000000001,0.0,0.4249617676925944,-0.2879617676925944,0.09213726558362889,High,False
Iran,2017,0.134,0.185,0.793,18416.479,9.821001140614722,0.037533304491500274,0.05390976599905706,0.0020000000000000018,-0.0020000000000000018,0.0,0.05600000000000001,0.0,0.4667173516501838,-0.3327173516501838,0.013832055752553196,High,False
Iraq,1996,0.07,0.146,0.557,2337.5227,7.756846972345635,0.15748174373782486,0.09185188793794907,0.019000000000000017,0.007000000000000006,0.0,0.0010000000000000009,0.0,0.22207809376464846,-0.15207809376464845,-0.04858511106346544,Mid,False
Iraq,1997,0.07,0.146,0.565,2337.948,7.757028900552852,0.00018192820721729674,0.10327880523790878,0.007999999999999896,0.017999999999999905,0.0,0.0010000000000000009,0.0,0.3210770404942203,-0.2510770404942203,-0.11141504213024972,Mid,False
Iraq,1998,0.07,0.146,0.58,2794.7864,7.935510960486407,0.17848205993355482,0.336145731878597,0.015000000000000013,0.041999999999999926,0.0,0.0010000000000000009,0.0,0.28275859768011335,-0.21275859768011335,-0.034137069879959986,Low,False
Iraq,1999,0.07,0.146,0.589,3157.1125,8.057413123019687,0.12190216253328057,0.3005661506740527,0.009000000000000008,0.03199999999999992,0.0,0.0010000000000000009,0.0,0.2688325558718373,-0.1988325558718373,-0.04675446210718884,Low,False
Iraq,2000,0.069,0.145,0.592,3649.493,8.20234353281888,0.14493040979919236,0.44531463226602774,0.0030000000000000027,0.027000000000000024,0.0,0.0,0.0,0.25349679404320535,-0.18449679404320535,0.06658024645101496,Low,False
Iraq,2001,0.069,0.147,0.598,4147.6484,8.330296802015207,0.1279532691963272,0.39478584152880014,0.006000000000000005,0.018000000000000016,0.0,-0.025999999999999995,0.0,0.2661913722328798,-0.1971913722328798,0.015567225447233546,Low,False
Iraq,2002,0.095,0.147,0.6,4631.6523,8.44066895166849,0.11037214965328346,0.38325582864880303,0.0020000000000000018,0.01100000000000001,0.0,-0.011999999999999997,0.0,0.2713820517366095,-0.1763820517366095,0.022450504135227783,Mid,False
Iraq,2003,0.118,0.184,0.582,3782.4526,8.238127914189413,-0.2025410374790777,0.03578438137053297,-0.018000000000000016,-0.010000000000000009,1.0,0.010999999999999996,0.0,0.2579516077991685,-0.1399516077991685,0.04454518624403686,High,False
Iraq,2004,0.107,0.21,0.604,6061.5547,8.709721597314855,0.4715936831254428,0.37942479529964857,0.02200000000000002,0.006000000000000005,0.0,0.0,0.0,0.22237551435945735,-0.11537551435945735,0.08181585787342245,Mid,False
Iraq,2005,0.107,0.237,0.609,6441.41,8.770502739233017,0.0607811419181612,0.3298337875645263,0.0050000000000000044,0.009000000000000008,0.0,-0.126,0.0,0.2855888600786238,-0.1785888600786238,-0.0022068083420142826,Mid,False
Iraq,2006,0.233,0.397,0.611,7117.6133,8.870327737536208,0.09982499830319114,0.6321998233467951,0.0020000000000000018,0.029000000000000026,0.0,-0.017999999999999988,0.0,0.16913594814316954,0.06386405185683047,0.20381565965599896,Low,False
Iraq,2007,0.261,0.426,0.618,7587.6055,8.934271339719194,0.06394360218298623,0.22454974240433856,0.007000000000000006,0.014000000000000012,0.0,0.01100000000000001,0.0,0.3031835560266488,-0.042183556026648805,0.07319195833280855,Mid,False
Iraq,2008,0.261,0.426,0.634,8587.265,9.058035570799543,0.12376423108034906,0.2875328315665264,0.016000000000000014,0.025000000000000022,0.0,0.02300000000000002,0.0,0.2281133877223081,0.03288661227769191,0.2114754723563157,Low,False
Iraq,2009,0.257,0.425,0.644,9268.709,9.13439938241051,0.0763638116109675,0.2640716448743028,0.010000000000000009,0.03300000000000003,0.0,0.020000000000000018,0.0,0.20547130665762148,0.05152869334237853,-0.012335358514451944,Low,False
Iraq,2010,0.251,0.414,0.65,10274.33,9.237403830425727,0.10300444801521635,0.3031324907065329,0.006000000000000005,0.03200000000000003,0.0,0.015000000000000013,0.0,0.2554911018484802,-0.004491101848480172,0.03769245417816863,Low,False
Iraq,2011,0.251,0.413,0.656,11484.0,9.348710041240954,0.1113062108152274,0.29067447044141126,0.006000000000000005,0.02200000000000002,0.0,0.015000000000000013,0.0,0.21854485710711596,0.03245514289288404,-0.0004314693848078699,Low,False
Iraq,2012,0.25,0.41,0.664,12521.541,9.435205720147083,0.08649567890612886,0.3008063377365726,0.008000000000000007,0.020000000000000018,0.0,0.016999999999999987,0.0,0.19084740353981566,0.05915259646018434,0.007623903117805808,Low,False
Iraq,2013,0.238,0.414,0.668,12877.205,9.463213973004175,0.02800825285709152,0.22581014257844778,0.0040000000000000036,0.018000000000000016,0.0,0.004999999999999977,0.0,0.36612040827910564,-0.12812040827910565,-0.12362930643062547,Low,False
Iraq,2014,0.237,0.403,0.671,12559.504,9.438232948796562,-0.02498102420761228,0.0895229075556081,0.0030000000000000027,0.015000000000000013,1.0,0.010999999999999982,0.0,0.4240283320836047,-0.1870283320836047,-0.21948347497648873,Mid,False
Iraq,2015,0.236,0.396,0.675,12574.508,9.439426868954019,0.0011939201574566738,0.004221148806935915,0.0040000000000000036,0.01100000000000001,0.0,0.023999999999999994,0.0,0.5153934578196198,-0.2793934578196198,-0.3385460542798041,High,True
Iraq,2016,0.238,0.39,0.676,14173.763,9.559147858474093,0.11972098952007393,0.09593388546991832,0.0010000000000000009,0.008000000000000007,0.0,0.025999999999999995,0.0,0.4024546048851108,-0.16445460488511082,-0.036334196606005176,Mid,False
Iraq,2017,0.233,0.375,0.681,13403.638,9.503281441628886,-0.05586641684520721,0.06504849283232339,0.0050000000000000044,0.010000000000000009,1.0,0.029000000000000026,0.0,0.43362224436397767,-0.20062224436397766,-0.01359391228037296,High,False
Ireland,1996,0.793,0.875,0.816,26562.908,10.18727108554881,0.09043371993531579,0.25291112790587,0.006999999999999895,0.02199999999999991,0.0,-0.009000000000000008,0.0,0.5199280441384301,0.27307195586156996,-0.0029596827145601523,Low,False
Ireland,1997,0.802,0.878,0.823,29455.92,10.290650187553908,0.10337910200509803,0.29163366096884324,0.007000000000000006,0.017999999999999905,0.0,-0.0020000000000000018,0.0,0.48116915969737106,0.320830840302629,0.12623378776873762,Low,False
Ireland,1998,0.804,0.88,0.855,31908.648,10.37063234921142,0.0799821616575116,0.2737949835979254,0.03200000000000003,0.04599999999999993,0.0,0.0,0.0,0.5323339015063075,0.2716660984936925,0.041114746689230874,Low,False
Ireland,1999,0.804,0.88,0.858,35377.164,10.473821806219414,0.10318945700799453,0.28655072067060416,0.0030000000000000027,0.04200000000000004,0.0,-0.0020000000000000018,0.0,0.5884138554141988,0.21558614458580128,-0.05748581127576868,Low,False
Ireland,2000,0.809,0.885,0.869,38806.5,10.566343037353686,0.09252123113427224,0.27569284979977837,0.01100000000000001,0.04600000000000004,0.0,0.0030000000000000027,0.0,0.4203753929198284,0.38862460708017166,0.06779376677754267,Low,False
Ireland,2001,0.809,0.885,0.876,40966.332,10.620505837609361,0.05416280025567488,0.24987348839794166,0.007000000000000006,0.02100000000000002,0.0,0.0030000000000000027,0.0,0.46219362410138526,0.3468063758986148,0.0751402774049223,Low,False
Ireland,2002,0.807,0.883,0.883,43012.816,10.66925339678029,0.04874755917092877,0.1954315905608759,0.007000000000000006,0.025000000000000022,0.0,0.0010000000000000009,0.0,0.4985560979339136,0.30844390206608646,0.09285775748028519,Low,False
Ireland,2003,0.806,0.882,0.891,44372.758,10.700381001557677,0.031127604777386964,0.1340379642039906,0.008000000000000007,0.02200000000000002,0.0,0.0,0.0,0.6337476760702895,0.17225232392971057,-0.2163722831504611,Low,False
Ireland,2004,0.806,0.882,0.899,47028.863,10.758516798589012,0.0581357970313352,0.13801096097965093,0.008000000000000007,0.02300000000000002,0.0,0.0,0.0,0.5297428138318764,0.27625718616812367,-0.07054918973049112,Low,False
Ireland,2005,0.806,0.882,0.905,49223.383,10.80412405380577,0.04560725521675835,0.1348706570254805,0.006000000000000005,0.02200000000000002,0.0,0.0,0.0,0.5349402392005638,0.2710597607994363,-0.037384141266650184,Low,False
Ireland,2006,0.806,0.882,0.908,51296.195,10.845371856868056,0.04124780306228537,0.14499085531037892,0.0030000000000000027,0.017000000000000015,0.0,-0.008999999999999897,0.0,0.2940753307012251,0.5119246692987749,0.3396723453690643,Mid,False
Ireland,2007,0.815,0.891,0.911,52322.23,10.865176607546934,0.01980475067887788,0.1066598089579216,0.0030000000000000027,0.01200000000000001,0.0,-0.0050000000000000044,0.0,0.6466064119854524,0.1683935880145475,-0.10786359815357616,Mid,False
Ireland,2008,0.82,0.896,0.907,49583.14,10.8114061355725,-0.053770471974432965,0.007282081766730286,-0.0040000000000000036,0.0020000000000000018,1.0,0.0,0.0,0.7022518350811815,0.11774816491881845,-0.15331159588061782,High,True
Ireland,2009,0.82,0.896,0.907,47375.734,10.765865435668399,-0.0455406999041017,-0.07950642119965678,0.0,-0.0010000000000000009,1.0,0.0,0.0,0.6517028525952901,0.1682971474047098,-0.3436275218940651,High,True
Ireland,2010,0.82,0.896,0.915,48623.81,10.791868607613566,0.02600317194516677,-0.0733079999333679,0.008000000000000007,0.0040000000000000036,0.0,-0.0010000000000000009,0.0,0.7219647776255855,0.09803522237441442,-0.07035836564013309,High,True
Ireland,2011,0.821,0.896,0.909,48980.0,10.799167330506158,0.00729872289259248,-0.01223880506634245,-0.006000000000000005,0.0020000000000000018,0.0,0.006000000000000005,0.0,0.7515409218220371,0.06945907817796282,-0.048289086740855636,High,False
Ireland,2012,0.822,0.897,0.911,47360.09,10.76553516989392,-0.03363216061223895,-0.00033026577447969885,0.0020000000000000018,0.0040000000000000036,1.0,0.007000000000000006,0.0,0.7079995016974028,0.11400049830259718,-0.054296649102112626,High,True
Ireland,2013,0.823,0.895,0.915,48181.234,10.78272488812813,0.017189718234210005,-0.009143719485436463,0.0040000000000000036,0.0,0.0,0.008000000000000007,0.0,0.7800988502207082,0.042901149779291714,-0.05513407259512271,High,True
Ireland,2014,0.824,0.895,0.921,50732.348,10.834319013739604,0.051594125611474695,0.03515168323344575,0.006000000000000005,0.01200000000000001,0.0,0.009000000000000008,0.0,0.5915378680473246,0.2324621319526754,0.16300305377471258,High,False
Ireland,2015,0.825,0.895,0.931,53196.598,10.881749725916595,0.04743071217699146,0.11621455602267616,0.010000000000000009,0.020000000000000018,0.0,0.010000000000000009,0.0,0.5533698063751834,0.27163019362481655,0.15762969532221938,Mid,False
Ireland,2016,0.815,0.886,0.936,53686.844,10.890923259792821,0.009173533876225548,0.1081983716646917,0.0050000000000000044,0.02100000000000002,0.0,-0.006000000000000005,0.0,0.5745463248060313,0.24045367519396865,0.19755252541467694,Mid,False
Ireland,2017,0.821,0.887,0.941,55465.652,10.923519225264581,0.032595965471760024,0.08920021152497704,0.004999999999999893,0.019999999999999907,0.0,0.0,0.0,0.6193888688175307,0.2016111311824692,-0.030851000770206194,Mid,False
Israel,1996,0.695,0.773,0.817,23979.996,10.08497526177582,0.02541772959011901,0.10986594299331465,0.006999999999999895,0.015999999999999903,0.0,0.007000000000000006,0.0,0.5977327893257418,0.09726721067425814,0.033188268946378385,Mid,False
Israel,1997,0.696,0.774,0.824,24226.73,10.09521184803781,0.010236586261989089,0.09057641554696794,0.007000000000000006,0.017999999999999905,0.0,0.008000000000000007,0.0,0.6225607007849128,0.07343929921508718,-0.013411064228455394,Mid,False
Israel,1998,0.696,0.774,0.831,24506.16,10.10667979350138,0.011467945463570217,0.047122261315678315,0.007000000000000006,0.020999999999999908,0.0,0.0129999999999999,0.0,0.618156542804036,0.07784345719596397,-0.011586823125217749,Mid,False
Israel,1999,0.696,0.773,0.839,24644.205,10.11229706055466,0.005617267053279917,0.027321798778839224,0.008000000000000007,0.02200000000000002,0.0,0.0129999999999999,0.0,0.6769025985333601,0.01909740146663985,-0.07816980920761829,Mid,False
Israel,2000,0.693,0.768,0.839,26058.84,10.168112337025033,0.055815276470372766,0.0729004889872229,0.0,0.015000000000000013,0.0,0.009999999999999898,0.0,0.6134888094364378,0.07951119056356215,0.006071891348474967,Mid,False
Israel,2001,0.688,0.764,0.841,25427.32,10.14357946552474,-0.02453287150029304,0.03689967202335964,0.0020000000000000018,0.010000000000000009,1.0,0.004999999999999893,0.0,0.5935803963245494,0.09441960367545055,0.016576146479486575,High,False
Israel,2002,0.689,0.764,0.846,24823.553,10.119548199198448,-0.0240312663262916,0.007251138643788124,0.0050000000000000044,0.007000000000000006,1.0,0.005999999999999894,0.0,0.573615218899858,0.11538478110014194,0.09628737963350209,High,False
Israel,2003,0.683,0.76,0.847,24545.244,10.108273387367575,-0.011274811830872977,-0.05983894965745762,0.0010000000000000009,0.008000000000000007,0.0,0.0,0.0,0.6031497576644383,0.0798502423355617,0.0003390517719995545,High,False
Israel,2004,0.683,0.759,0.85,25210.879,10.135030886690345,0.026757499322769718,-0.00854857883439486,0.0030000000000000027,0.009000000000000008,0.0,0.0030000000000000027,0.0,0.6814920903004016,0.0015079096995984642,-0.09291169397585208,High,True
Israel,2005,0.683,0.759,0.858,25686.406,10.153717181523875,0.01868629483353068,0.03416898232542742,0.008000000000000007,0.01200000000000001,0.0,0.008000000000000007,0.0,0.7246578338024072,-0.041657833802407174,-0.15704261490254912,High,True
Israel,2006,0.687,0.764,0.867,26571.256,10.18758530899528,0.03386812747140411,0.0793119216277045,0.009000000000000008,0.020000000000000018,0.0,0.01200000000000001,0.0,0.7731053751118103,-0.08610537511181027,-0.16595561744737197,Mid,False
Israel,2007,0.684,0.758,0.878,27624.883,10.226472203516968,0.038886894521688475,0.09144131682662326,0.01100000000000001,0.028000000000000025,0.0,0.009000000000000008,0.0,0.7679699560864655,-0.0839699560864654,-0.08547786578606387,Low,False
Israel,2008,0.684,0.758,0.878,27857.62,10.234861816549012,0.008389613032043997,0.08114463502513658,0.0,0.020000000000000018,0.0,0.029000000000000026,0.0,0.7688557882573692,-0.08485578825736917,-0.043197954454961995,Mid,False
Israel,2009,0.68,0.756,0.884,27644.697,10.2271891983213,-0.007672618227712036,0.039603889326020436,0.006000000000000005,0.017000000000000015,0.0,0.026000000000000023,0.0,0.8055945364349009,-0.12559453643490082,-0.03948916132309055,Mid,False
Israel,2010,0.675,0.752,0.889,28575.531,10.260306071167522,0.03311687284622167,0.03383386765055363,0.0050000000000000044,0.01100000000000001,0.0,0.02100000000000002,0.0,0.7790096095958133,-0.10400960959581329,-0.020039653509347888,High,False
Israel,2011,0.675,0.752,0.892,29370.0,10.287729024192666,0.027422953025144636,0.05286720764365427,0.0030000000000000027,0.014000000000000012,0.0,0.029000000000000026,0.0,0.7749515108777266,-0.09995151087772658,-0.01509572262035741,Mid,False
Israel,2012,0.675,0.751,0.893,29580.836,10.294881998204836,0.007152974012170077,0.06769279988353638,0.0010000000000000009,0.009000000000000008,0.0,0.04300000000000004,0.0,0.7673761781501623,-0.0923761781501623,0.033218358284738514,High,False
Israel,2013,0.655,0.734,0.899,30316.602,10.319450762235752,0.024568764030915347,0.05914469106823006,0.006000000000000005,0.010000000000000009,0.0,0.029000000000000026,0.0,0.7963245081338381,-0.14132450813383812,-0.03731489853802483,High,False
Israel,2014,0.654,0.733,0.902,30906.148,10.33871040749634,0.019259645260587988,0.05098138330367341,0.0030000000000000027,0.010000000000000009,0.0,0.031000000000000028,0.0,0.8007559640083771,-0.1467559640083771,-0.046804453130650514,High,False
Israel,2015,0.654,0.733,0.902,31050.408,10.343367227371912,0.004656819875572538,0.04848522916707587,0.0,0.009000000000000008,0.0,0.031000000000000028,0.0,0.7849628628247163,-0.13096286282471625,-0.03858668467455395,High,False
Israel,2016,0.646,0.729,0.905,31822.875,10.367940649790171,0.024573422418258772,0.0484898875544193,0.0030000000000000027,0.006000000000000005,0.0,0.02300000000000002,0.0,0.7856318194671491,-0.1396318194671491,0.001692688666689035,High,False
Israel,2017,0.632,0.714,0.908,32549.818,10.390527056223235,0.022586406433063644,0.051816648726894954,0.0030000000000000027,0.006000000000000005,0.0,0.009000000000000008,0.0,0.7856318194671491,-0.1536318194671491,-0.006875855458772007,High,False
Italy,1996,0.75,0.835,0.829,29231.275,10.282994476722921,0.01951516695981681,0.08302377012475581,0.006000000000000005,0.02299999999999991,0.0,0.0040000000000000036,0.0,0.5350088887274217,0.2149911112725783,-0.037801820089897575,Mid,False
Italy,1997,0.758,0.843,0.836,29960.7,10.307641801844191,0.024647325121270214,0.07960068731537717,0.007000000000000006,0.020000000000000018,0.0,0.01200000000000001,0.0,0.6152425002302712,0.14275749976972885,-0.06552259331290067,Mid,False
Italy,1998,0.758,0.843,0.84,30649.629,10.330375836886532,0.022734035042340395,0.06689652712342742,0.0040000000000000036,0.017000000000000015,0.0,0.01200000000000001,0.0,0.5330904938102264,0.22490950618977357,0.010567299007842035,Mid,False
Italy,1999,0.758,0.843,0.845,31340.48,10.35266583168296,0.022289994796429013,0.06967135496003962,0.0050000000000000044,0.016000000000000014,0.0,0.01200000000000001,0.0,0.5536507654071815,0.2043492345928185,-0.010641876679759799,Mid,False
Italy,2000,0.756,0.84,0.849,32716.98,10.395649488168425,0.04298365648546465,0.08800768632423406,0.0040000000000000036,0.013000000000000012,0.0,0.010000000000000009,0.0,0.5354038214294803,0.22059617857051972,0.07783867880079087,Mid,False
Italy,2001,0.746,0.833,0.856,33511.434,10.419641973011814,0.02399248484338834,0.089266136125282,0.007000000000000006,0.016000000000000014,0.0,-0.0050000000000000044,0.0,0.6599851460620443,0.08601485393795572,-0.13889465225181785,Mid,False
Italy,2002,0.751,0.837,0.862,33780.055,10.427625818542822,0.007983845531008171,0.07495998685986116,0.006000000000000005,0.017000000000000015,0.0,-0.0020000000000000018,0.0,0.7264227831703296,0.0245772168296704,-0.1797720177631481,Mid,False
Italy,2003,0.753,0.837,0.866,33917.8,10.43169522931187,0.004069410769048432,0.03604574114344494,0.0040000000000000036,0.017000000000000015,0.0,0.0,0.0,0.7386943603624794,0.014305639637520629,-0.2062905389329991,Mid,False
Italy,2004,0.753,0.837,0.874,34472.13,10.44790645046517,0.016211221153300315,0.028264477453356918,0.008000000000000007,0.018000000000000016,0.0,-0.008000000000000007,0.0,0.7367364018862791,0.016263598113720912,-0.0697512558242348,Mid,False
Italy,2005,0.761,0.846,0.876,34872.125,10.459443078449542,0.011536627984371606,0.03181725990672035,0.0020000000000000018,0.014000000000000012,0.0,-0.007000000000000006,0.0,0.7358891909205281,0.02511080907947194,0.00053359224980154,High,False
Italy,2006,0.775,0.852,0.881,35713.805,10.483292587698484,0.023849509248941914,0.051597358386613834,0.0050000000000000044,0.015000000000000013,0.0,0.007000000000000006,0.0,0.7336799060673385,0.04132009393266156,0.027014454295140933,Mid,False
Italy,2007,0.782,0.861,0.885,36310.734,10.499868679020919,0.01657609132243465,0.05196222855574817,0.0040000000000000036,0.01100000000000001,0.0,0.014000000000000012,0.0,0.6610671787269873,0.12093282127301275,0.10466922315929184,High,False
Italy,2008,0.768,0.855,0.885,35942.938,10.489687904353122,-0.010180774667796655,0.03024482590357991,0.0,0.009000000000000008,0.0,-0.007000000000000006,0.0,0.6414606705832013,0.12653932941679868,0.10142852033732674,High,False
Italy,2009,0.775,0.857,0.884,34055.227,10.43573880934106,-0.053949095012061576,-0.04755377835742358,-0.0010000000000000009,0.0030000000000000027,1.0,0.0,0.0,0.6783121065937804,0.09668789340621964,0.05536779947355808,High,False
Italy,2010,0.775,0.856,0.887,34765.938,10.456393393328344,0.020654583987283814,-0.04347528569257442,0.0030000000000000027,0.0020000000000000018,0.0,-0.01100000000000001,0.0,0.7585632948573229,0.016436705142677144,-0.1044961161303356,High,True
Italy,2011,0.786,0.862,0.89,35151.0,10.467408346336265,0.01101495300792088,-0.022279558016856882,0.0030000000000000027,0.0050000000000000044,0.0,0.0,0.0,0.7585632948573229,0.027436705142677154,-0.09910262427412153,High,True
Italy,2012,0.793,0.869,0.887,34010.035,10.434410907109797,-0.03299743922646847,-0.0013279022312637778,-0.0030000000000000027,0.0030000000000000027,1.0,0.007000000000000006,0.0,0.7342085016795132,0.0587914983204868,-0.03789639508573284,High,False
Italy,2013,0.786,0.864,0.887,33317.242,10.413830319745653,-0.02058058736414381,-0.0425630735826914,0.0,0.0,1.0,0.0,0.0,0.7265875388179491,0.0594124611820509,0.04297575603937376,High,False
Italy,2014,0.786,0.865,0.89,33310.703,10.413634035738363,-0.00019628400728954887,-0.05377431059790183,0.0030000000000000027,0.0,0.0,0.009000000000000008,0.0,0.7284408763613016,0.05755912363869842,0.030122418496021264,High,False
Italy,2015,0.786,0.865,0.889,33620.742,10.422898476915375,0.009264441177011307,-0.011512430194422052,-0.0010000000000000009,0.0020000000000000018,0.0,0.01200000000000001,0.0,0.7663334986967346,0.019666501303265416,-0.039124997017221386,High,False
Italy,2016,0.791,0.869,0.894,34120.42,10.437651311025752,0.014752834110376867,0.023820991280098625,0.0050000000000000044,0.007000000000000006,0.0,0.017000000000000015,0.0,0.7753384478093645,0.015661552190635586,-0.043750908991415316,High,False
Italy,2017,0.797,0.87,0.897,34754.77,10.456072107759848,0.018420796734096356,0.04243807202148453,0.0030000000000000027,0.007000000000000006,0.0,0.03400000000000003,0.0,0.7725421698320313,0.024457830167968764,-0.033101293470729654,High,False
Jamaica,1996,0.49,0.628,0.664,6648.933,8.802211669648422,-0.0011048299776028614,0.03589923538653039,-0.0010000000000000009,0.0,0.0,-0.009000000000000008,0.0,0.34216795163190133,0.14783204836809866,0.028129488840012373,High,False
Jamaica,1997,0.499,0.642,0.663,6523.636,8.783187168192946,-0.019024501455476184,0.001009762760896038,-0.0010000000000000009,-0.0010000000000000009,0.0,-0.02300000000000002,0.0,0.3404453500391902,0.1585546499608098,0.025852090432723518,High,False
Jamaica,1998,0.522,0.67,0.662,6432.653,8.769142329337468,-0.014044838855477693,-0.03417417028855674,-0.0010000000000000009,-0.0030000000000000027,0.0,0.0,0.0,0.33089490499921864,0.19110509500078138,0.05540253547269508,High,False
Jamaica,1999,0.522,0.67,0.662,6485.3228,8.777296871918834,0.008154542581365831,-0.024914797729588045,0.0,-0.0020000000000000018,0.0,-0.027000000000000024,0.0,0.33170610509440374,0.19029389490559628,0.04246184653749763,High,False
Jamaica,2000,0.549,0.675,0.659,6531.2847,8.784358941051769,0.007062069132935278,0.0011717728588234166,-0.0030000000000000027,-0.0040000000000000036,0.0,0.0,0.0,0.343185499914673,0.20581450008532703,0.04725985012451722,High,False
Jamaica,2001,0.549,0.675,0.668,6615.193,8.797124252238332,0.012765311186562656,0.027981922900863765,0.009000000000000008,0.006000000000000005,0.0,-0.016999999999999904,0.0,0.3528244433387159,0.19617555666128417,0.00507046166050279,High,False
Jamaica,2002,0.566,0.695,0.672,6660.763,8.803989321536982,0.0068650692986498285,0.026692449618147762,0.0040000000000000036,0.010000000000000009,0.0,-0.051000000000000045,0.0,0.3398932675701107,0.22610673242988927,0.035812837524292984,High,False
Jamaica,2003,0.617,0.743,0.668,6908.667,8.840531989324628,0.036542667787646366,0.05617304827285885,-0.0040000000000000036,0.009000000000000008,0.0,0.0,0.0,0.36000945456296074,0.25699054543703925,0.05117604535171222,High,False
Jamaica,2004,0.617,0.743,0.684,7004.9844,8.8543772317879,0.013845242463272456,0.05725297954956865,0.016000000000000014,0.016000000000000014,0.0,-0.01200000000000001,0.0,0.3675380720865544,0.24946192791344557,0.0532863712521614,Mid,False
Jamaica,2005,0.629,0.751,0.687,7073.7705,8.864148926491056,0.009771694703156086,0.06015960495407491,0.0030000000000000027,0.015000000000000013,0.0,-0.0040000000000000036,0.0,0.37426100035977933,0.2547389996402207,0.028632267210331408,Mid,False
Jamaica,2006,0.633,0.756,0.696,7286.967,8.89384268904743,0.02969376255637357,0.05331069972280211,0.008999999999999897,0.027999999999999914,0.0,-0.01100000000000001,0.0,0.36008249636954953,0.2729175036304505,0.015926958193411223,Mid,False
Jamaica,2007,0.644,0.762,0.704,7402.178,8.909529560211679,0.015686871164248828,0.055152328423778485,0.008000000000000007,0.019999999999999907,0.0,-0.007000000000000006,0.0,0.3748656352179007,0.26913436478209934,0.019672436868653775,Mid,False
Jamaica,2008,0.654,0.774,0.711,7353.107,8.90287822397393,-0.006651336237748495,0.0387292974828739,0.007000000000000006,0.02399999999999991,0.0,0.0030000000000000027,0.0,0.3654070023577939,0.28859299764220614,0.033853998001985464,Mid,False
Jamaica,2009,0.654,0.774,0.711,7115.373,8.870012933605215,-0.032865290368714994,-0.023829755442214662,0.0,0.015000000000000013,1.0,0.0030000000000000027,0.0,0.35436500322579245,0.2996349967742076,0.0267174931437571,High,False
Jamaica,2010,0.656,0.774,0.708,7025.93,8.85736286978155,-0.012650063823665292,-0.05216669043012878,-0.0030000000000000027,0.0040000000000000036,0.0,0.0050000000000000044,0.0,0.3630208644588362,0.29297913554116384,0.023844770759064493,High,False
Jamaica,2011,0.651,0.767,0.711,7141.0,8.87360810154911,0.01624523176755943,-0.029270122424820855,0.0030000000000000027,0.0,0.0,-0.016000000000000014,0.0,0.3638320645540213,0.28716793544597874,-0.0014250621962274002,High,False
Jamaica,2012,0.667,0.784,0.711,7119.5054,8.870593535700992,-0.003014565848117101,0.0005806020957770386,0.0,0.0,0.0,-0.01200000000000001,0.0,0.37450025927910546,0.2924997407208946,-0.007135256053312999,High,False
Jamaica,2013,0.679,0.798,0.711,7147.5337,8.874522639120643,0.0039291034196509145,0.017159769339093245,0.0,0.0030000000000000027,0.0,0.0,0.0,0.386770126698315,0.29222987330168504,-0.0007492622394787984,High,False
Jamaica,2014,0.679,0.798,0.712,7198.43,8.881618225671023,0.007095586550379451,0.008010124121913265,0.0010000000000000009,0.0010000000000000009,0.0,0.0,0.0,0.386770126698315,0.29222987330168504,0.0050619378557063,High,False
Jamaica,2015,0.679,0.798,0.713,7268.231,8.891268212170042,0.009649986499018937,0.020674676469049302,0.0010000000000000009,0.0020000000000000018,0.0,-0.006000000000000005,0.0,0.386770126698315,0.29222987330168504,-0.00026986741920953516,High,False
Jamaica,2016,0.685,0.804,0.714,7381.3325,8.906709456851882,0.01544124468184016,0.03218681773123855,0.0010000000000000009,0.0030000000000000027,0.0,-0.0029999999999998916,0.0,0.3818892816066103,0.30311071839338977,0.010880845091704727,High,False
Jamaica,2017,0.696,0.811,0.715,7433.147,8.913704601201337,0.006995144349454918,0.032086375530314015,0.0010000000000000009,0.0030000000000000027,0.0,0.008000000000000007,0.0,0.3818892816066103,0.31411071839338967,0.021880845091704626,High,False
Japan,1996,0.759,0.838,0.88,32784.156,10.397700628886101,0.027738259796434406,0.05852078100504876,0.006000000000000005,0.015000000000000013,0.0,0.0020000000000000018,0.0,0.7579399843855715,0.0010600156144284778,0.018936111441874903,Mid,False
Japan,1997,0.757,0.837,0.883,33038.293,10.40542256165134,0.007721932765239359,0.0593209478518304,0.0030000000000000027,0.01100000000000001,0.0,0.0,0.0,0.7543867914893405,0.0026132085106594927,0.04075001443060344,High,False
Japan,1998,0.757,0.837,0.884,32558.188,10.390784167462245,-0.014638394189095294,0.02082179837257847,0.0010000000000000009,0.010000000000000009,0.0,0.0,0.0,0.7651041843195084,-0.008104184319508434,0.002722370301464494,High,False
Japan,1999,0.757,0.837,0.885,32394.516,10.385744428195197,-0.005039739267047594,-0.011956200690903529,0.0010000000000000009,0.0050000000000000044,0.0,-0.0050000000000000044,0.0,0.7943520861825358,-0.037352086182535826,-0.038412101796964304,High,False
Japan,2000,0.762,0.838,0.889,33210.81,10.410630704317258,0.024886276122060735,0.005208142665917848,0.0040000000000000036,0.006000000000000005,0.0,0.0,0.0,0.7962923487636194,-0.03429234876361942,-0.03690555727427891,High,False
Japan,2001,0.762,0.838,0.892,33246.39,10.411701468761125,0.0010707644438667785,0.02091730129887992,0.0030000000000000027,0.008000000000000007,0.0,0.0,0.0,0.7961862659405169,-0.03418626594051688,-0.026082081621008446,High,False
Japan,2002,0.762,0.838,0.894,33195.402,10.4101666513375,-0.0015348174236251566,0.024422223142302357,0.0020000000000000018,0.009000000000000008,0.0,0.0,0.0,0.8088631447070124,-0.04686314470701236,-0.009511058524476534,High,False
Japan,2003,0.762,0.838,0.896,33619.95,10.422874919751507,0.012708268414007406,0.012244215434249028,0.0020000000000000018,0.007000000000000006,0.0,-0.0010000000000000009,0.0,0.809922259880435,-0.04792225988043497,-0.013629911116815552,High,False
Japan,2004,0.763,0.838,0.899,34313.56,10.443295890306597,0.02042097055509018,0.03159442154547243,0.0030000000000000027,0.007000000000000006,0.0,-0.0030000000000000027,0.0,0.8060145883616436,-0.043014588361643624,-0.008828322421126744,High,False
Japan,2005,0.766,0.841,0.9,34857.754,10.459030887853213,0.015734997546616114,0.0488642365157137,0.0010000000000000009,0.006000000000000005,0.0,-0.006000000000000005,0.0,0.8085113418644096,-0.042511341864409635,0.0043518028426027255,High,False
Japan,2006,0.773,0.849,0.903,35333.113,10.472575848557595,0.013544960704381381,0.049700928806087674,0.0030000000000000027,0.007000000000000006,0.0,0.0010000000000000009,0.0,0.8074061182393582,-0.03440611823935813,0.01351614164107684,High,False
Japan,2007,0.773,0.849,0.905,35892.71,10.488289489789219,0.01571364123162411,0.044993599482621605,0.0020000000000000018,0.006000000000000005,0.0,0.0010000000000000009,0.0,0.8085113418644096,-0.03551134186440963,0.007503246497233995,High,False
Japan,2008,0.772,0.846,0.905,35496.227,10.477181688125068,-0.01110780166415104,0.01815080027185445,0.0,0.0050000000000000044,0.0,0.031000000000000028,0.0,0.8088631447070124,-0.03686314470701235,0.005648197157397283,High,False
Japan,2009,0.779,0.854,0.905,33590.01,10.421983980313945,-0.05519770781112321,-0.05059186824365014,0.0,0.0020000000000000018,1.0,0.040000000000000036,0.0,0.7569694809898638,0.022030519010136196,0.056436637249494326,High,False
Japan,2010,0.778,0.852,0.907,35011.402,10.463429058848131,0.04144507853418666,-0.024860430941087586,0.0020000000000000018,0.0020000000000000018,0.0,0.039000000000000035,0.0,0.7969920088759416,-0.018992008875941546,0.016519332988468083,High,False
Japan,2011,0.778,0.852,0.906,34979.0,10.462503160399518,-0.0009258984486137933,-0.014678527725550339,-0.0010000000000000009,0.0010000000000000009,0.0,0.039000000000000035,0.0,0.7849586987282435,-0.0069586987282435064,0.029904445978768845,High,False
Japan,2012,0.774,0.848,0.909,35537.438,10.478342011321786,0.01583885092226822,0.05635803100784109,0.0030000000000000027,0.0040000000000000036,0.0,0.03500000000000003,0.0,0.8085113418644096,-0.03451134186440963,-0.056541860874545824,High,True
Japan,2013,0.741,0.815,0.912,36312.348,10.499913127699104,0.021571116377318234,0.03648406885097266,0.0030000000000000027,0.0050000000000000044,0.0,0.0020000000000000018,0.0,0.8060145883616436,-0.06501458836164364,-0.0460225794857021,High,False
Japan,2014,0.739,0.815,0.914,36440.215,10.503428251466259,0.003515123767154904,0.04092509106674136,0.0020000000000000018,0.008000000000000007,0.0,-0.0010000000000000009,0.0,0.8165148208817057,-0.07751482088170569,-0.07055612215346219,High,True
Japan,2015,0.74,0.817,0.917,37053.176,10.520109349047614,0.01668109758135472,0.04176733772582786,0.0030000000000000027,0.008000000000000007,0.0,0.0,0.0,0.8147749548161612,-0.07477495481616125,-0.040263612951751626,High,False
Japan,2016,0.74,0.817,0.918,37384.56,10.529013063938516,0.008903714890902137,0.02909993623941176,0.0010000000000000009,0.006000000000000005,0.0,0.0040000000000000036,0.0,0.8165148208817057,-0.07651482088170569,-0.011500232520062048,High,False
Japan,2017,0.744,0.821,0.92,38078.96,10.547417177607981,0.01840411366946526,0.04398892614172212,0.0020000000000000018,0.006000000000000005,0.0,0.008000000000000007,0.0,0.8114186029586725,-0.06741860295867252,0.010096217923033168,High,False
Jordan,1996,0.196,0.227,0.657,6783.229,8.822208521248964,0.003414316837563547,0.04872136007278094,0.0040000000000000036,0.014000000000000012,0.0,0.065,0.0,0.39307221359215,-0.19707221359215,-0.031213068126391297,Mid,False
Jordan,1997,0.195,0.224,0.661,6942.459,8.845411313509933,0.02320279226096922,0.05999822000013566,0.0040000000000000036,0.014000000000000012,0.0,0.064,0.0,0.3931628931214515,-0.19816289312145147,-0.024968721118065695,Mid,False
Jordan,1998,0.195,0.224,0.664,7120.4937,8.870732341889763,0.02532102837982997,0.051938137478362734,0.0030000000000000027,0.01100000000000001,0.0,0.064,0.0,0.38674796629236774,-0.19174796629236773,0.012645390539897494,High,False
Jordan,1999,0.196,0.222,0.668,7340.4937,8.901161380926984,0.030429039037221273,0.07895285967802046,0.0040000000000000036,0.01100000000000001,0.0,0.065,0.0,0.37294085274089817,-0.17694085274089816,0.020131360851251834,Mid,False
Jordan,2000,0.132,0.186,0.672,7621.841,8.938773220549727,0.03761183962274295,0.09336190703979419,0.0040000000000000036,0.01100000000000001,0.0,0.0010000000000000009,0.0,0.3708336698533194,-0.23883366985331939,-0.04067077673186792,Mid,False
Jordan,2001,0.131,0.185,0.679,7982.7407,8.985037077595026,0.04626385704529845,0.11430473570526267,0.007000000000000006,0.015000000000000013,0.0,0.0,0.0,0.3473895531732429,-0.21638955317324288,-0.024641586880875144,Mid,False
Jordan,2002,0.131,0.185,0.686,8394.055,9.035278996171332,0.05024191857630633,0.13411761524434773,0.007000000000000006,0.018000000000000016,0.0,-0.02099999999999999,0.0,0.2996351373028506,-0.16863513730285057,0.00830571543804759,Mid,False
Jordan,2003,0.152,0.208,0.693,8669.625,9.06758081624401,0.032301820072678566,0.12880759569428335,0.006999999999999895,0.020999999999999908,0.0,-0.05000000000000002,0.0,0.3155805842475305,-0.1635805842475305,0.07525308560578889,Low,False
Jordan,2004,0.202,0.228,0.705,9288.616,9.136544843314601,0.06896402707059046,0.15150776571957536,0.01200000000000001,0.025999999999999912,0.0,-0.0010000000000000009,0.0,0.35737754079991485,-0.15537754079991484,0.06101201237332804,Low,False
Jordan,2005,0.203,0.228,0.713,9860.809,9.196323492912414,0.05977864959781343,0.16104449674108245,0.008000000000000007,0.026999999999999913,0.0,-0.0009999999999999731,0.0,0.35781629742078086,-0.15481629742078085,0.013818839882069722,Low,False
Jordan,2006,0.204,0.229,0.719,10404.562,9.249999642795146,0.053676149882731394,0.18241882655113528,0.006000000000000005,0.026000000000000023,0.0,0.0,0.0,0.3420618833085791,-0.13806188330857913,0.025518700938951366,Low,False
Jordan,2007,0.204,0.229,0.725,10938.805,9.300071837834201,0.050072195039055245,0.16352699451960007,0.006000000000000005,0.020000000000000018,0.0,-0.0010000000000000009,0.0,0.36138803883473636,-0.15738803883473637,-0.002010498034821534,Low,False
Jordan,2008,0.205,0.232,0.733,11378.256,9.339459444618036,0.03938760678383524,0.14313595170562188,0.008000000000000007,0.020000000000000018,0.0,0.0,0.0,0.38670358013562434,-0.18170358013562435,-0.026887282714843502,Low,False
Jordan,2009,0.205,0.233,0.735,11651.25,9.363168749375367,0.023709304757330685,0.11316910658022117,0.0020000000000000018,0.016000000000000014,0.0,-0.0050000000000000044,0.0,0.42238502908173137,-0.21738502908173138,-0.07932314577315225,Mid,False
Jordan,2010,0.21,0.239,0.732,11601.088,9.358854165799606,-0.004314583575760977,0.058782327965404946,-0.0030000000000000027,0.007000000000000006,0.0,-0.0050000000000000044,0.0,0.4548647302397324,-0.2448647302397324,-0.08747669140499603,High,True
Jordan,2011,0.215,0.247,0.734,11615.0,9.36005264520451,0.0011984794049038072,0.020593200586473515,0.0020000000000000018,0.0010000000000000009,0.0,0.01999999999999999,0.0,0.4741437647598258,-0.2591437647598258,-0.07744018462420146,High,True
Jordan,2012,0.217,0.246,0.74,11704.657,9.367742075779288,0.007689430574778555,0.004573326403921385,0.006000000000000005,0.0050000000000000044,0.0,0.021999999999999992,0.0,0.4692537397453934,-0.25225373974539345,-0.03486871066366207,High,False
Jordan,2013,0.22,0.255,0.742,10834.426,9.290483936101998,-0.07725813967729067,-0.06837022969760831,0.0020000000000000018,0.010000000000000009,1.0,0.024999999999999994,0.0,0.40792420897029474,-0.18792420897029474,0.05694052126943766,High,False
Jordan,2014,0.221,0.255,0.742,9765.811,9.186642891577486,-0.10384104452451126,-0.17340975362702338,0.0,0.008000000000000007,1.0,0.025999999999999995,0.0,0.38947189207183297,-0.16847189207183297,0.09067187268799284,High,False
Jordan,2015,0.221,0.255,0.743,9307.248,9.138548730440775,-0.04809416113671183,-0.22919334533851377,0.0010000000000000009,0.0030000000000000027,1.0,0.025999999999999995,0.0,0.39031997491226056,-0.16931997491226056,0.08293376483313289,High,False
Jordan,2016,0.195,0.239,0.745,9149.412,9.121444893909576,-0.017103836531198624,-0.16903904219242172,0.0020000000000000018,0.0030000000000000027,0.0,-0.035,0.0,0.419523291148996,-0.224523291148996,-0.03659908217870125,High,False
Jordan,2017,0.23,0.263,0.747,9186.477,9.125487790382786,0.004042896473210433,-0.06115510119470002,0.0020000000000000018,0.0050000000000000044,0.0,-0.009999999999999981,0.0,0.4018995464991155,-0.1718995464991155,-0.003427654427282545,High,False
Kazakhstan,1996,0.132,0.283,0.669,7826.8574,8.965316354653307,0.01971480918687263,-0.15877286038365312,0.0040000000000000036,-0.0040000000000000036,0.0,0.007000000000000006,0.0,0.3576906763903791,-0.2256906763903791,-0.18538843603124605,High,True
Kazakhstan,1997,0.136,0.295,0.673,8093.796,8.998853121263481,0.03353676661017424,-0.010446497898884743,0.0040000000000000036,0.007000000000000006,0.0,0.01100000000000001,0.0,0.42254285082706133,-0.2865428508270613,-0.20810147641312626,High,True
Kazakhstan,1998,0.134,0.284,0.678,8088.648,8.998216876185339,-0.0006362450781427498,0.05261533071890412,0.0050000000000000044,0.013000000000000012,0.0,0.013000000000000012,0.0,0.3960239660164213,-0.2620239660164213,-0.15639891843285667,Mid,False
Kazakhstan,1999,0.128,0.268,0.683,8421.348,9.03852518943441,0.04030831324907069,0.07320883478110218,0.0050000000000000044,0.014000000000000012,0.0,0.007000000000000006,0.0,0.4273140900044187,-0.2993140900044187,-0.07362341361403962,Mid,False
Kazakhstan,2000,0.129,0.27,0.692,9309.42,9.138782069726822,0.10025688029241309,0.13992894846334103,0.008999999999999897,0.018999999999999906,0.0,0.009000000000000008,0.0,0.40595676534688596,-0.27695676534688596,0.009586085480175366,Mid,False
Kazakhstan,2001,0.125,0.255,0.707,10589.103,9.267580732458413,0.12879866273159024,0.269363856273074,0.015000000000000013,0.028999999999999915,0.0,0.0050000000000000044,0.0,0.35477659448106885,-0.22977659448106885,0.032247371535352454,Low,False
Kazakhstan,2002,0.125,0.252,0.72,11640.18,9.362218185083389,0.09463745262497625,0.3236929956489796,0.013000000000000012,0.03699999999999992,0.0,0.0050000000000000044,0.0,0.31737802114960006,-0.19237802114960006,0.10693606885481866,Low,False
Kazakhstan,2003,0.121,0.247,0.732,12726.287,9.451424975793664,0.08920679071027493,0.3126429060668414,0.01200000000000001,0.040000000000000036,0.0,0.0010000000000000009,0.0,0.32736043128425557,-0.20636043128425557,0.07059633406263038,Low,False
Kazakhstan,2004,0.122,0.246,0.743,13929.7295,9.541780648064131,0.09035567227046748,0.27419991560571866,0.01100000000000001,0.03600000000000003,0.0,0.0020000000000000018,0.0,0.31819691690288815,-0.19619691690288815,0.0335796775781807,Low,False
Kazakhstan,2005,0.12,0.239,0.754,15233.841,9.631274613698274,0.08949396563414247,0.2690564286148849,0.01100000000000001,0.03400000000000003,0.0,0.0,0.0,0.41720417057641007,-0.2972041705764101,-0.10482614942681001,Low,False
Kazakhstan,2006,0.121,0.242,0.765,16786.555,9.728333547363203,0.09705893366492901,0.27690857156953896,0.01100000000000001,0.03300000000000003,0.0,0.0020000000000000018,0.0,0.3017315192714018,-0.1807315192714018,0.025628912012853777,Low,False
Kazakhstan,2007,0.122,0.24,0.772,18181.06,9.808135671862335,0.07980212449913182,0.2663550237982033,0.007000000000000006,0.029000000000000026,0.0,0.008999999999999994,0.0,0.3079217844242564,-0.1859217844242564,0.010275132478631765,Low,False
Kazakhstan,2008,0.122,0.241,0.771,18665.766,9.834446429885109,0.02631075802277394,0.20317181618683477,-0.0010000000000000009,0.017000000000000015,0.0,0.012999999999999998,0.0,0.30585928402097556,-0.18385928402097557,0.11334488655543451,Low,False
Kazakhstan,2009,0.122,0.242,0.774,18750.541,9.838977884315641,0.004531454430532378,0.11064433695243814,0.0030000000000000027,0.009000000000000008,0.0,0.012999999999999998,0.0,0.4108515820153856,-0.2888515820153856,-0.10812006274398378,Mid,False
Kazakhstan,2010,0.12,0.236,0.781,19964.53,9.901712478023128,0.06273459370748746,0.09357680616079378,0.007000000000000006,0.009000000000000008,0.0,0.010999999999999996,0.0,0.42793050699899776,-0.30793050699899777,-0.12200872257474138,Mid,False
Kazakhstan,2011,0.119,0.233,0.79,21302.0,9.966556244003112,0.0648437659799832,0.13210981411800304,0.009000000000000008,0.019000000000000017,0.0,0.009999999999999995,0.0,0.5463314425649584,-0.42733144256495836,-0.2434721585439828,Mid,False
Kazakhstan,2012,0.113,0.232,0.799,22089.924,10.002876855937442,0.03632061193433067,0.16389897162180134,0.009000000000000008,0.025000000000000022,0.0,0.0040000000000000036,0.0,0.5260155469624742,-0.4130155469624742,-0.12416396494708865,Low,False
Kazakhstan,2013,0.109,0.229,0.808,23110.025,10.048021785050619,0.045144929113176246,0.14630930702749012,0.009000000000000008,0.027000000000000024,0.0,0.0010000000000000009,0.0,0.6026685013167933,-0.4936685013167933,-0.18573799431779553,Low,False
Kazakhstan,2014,0.11,0.23,0.813,23819.748,10.07827026350824,0.03024847845762224,0.11171401950512916,0.004999999999999893,0.02299999999999991,0.0,0.0020000000000000018,0.0,0.61276712470362,-0.5027671247036201,-0.0754356821386617,Low,False
Kazakhstan,2015,0.11,0.234,0.819,23782.562,10.076707902036112,-0.001562361472128515,0.07383104609866997,0.006000000000000005,0.019999999999999907,0.0,0.0020000000000000018,0.0,0.5606566774837873,-0.45065667748378735,-0.037641130521313126,Mid,False
Kazakhstan,2016,0.114,0.242,0.82,23731.512,10.074559064214139,-0.002148837821973615,0.02653727916352011,0.0010000000000000009,0.0119999999999999,0.0,0.006000000000000005,0.0,0.608362327931229,-0.49436232793122903,-0.000693826614435733,High,False
Kazakhstan,2017,0.112,0.235,0.824,24396.78,10.10220643535974,0.02764737114560134,0.02393617185149921,0.0040000000000000036,0.01100000000000001,0.0,0.0040000000000000036,0.0,0.6160391750115956,-0.5040391750115956,-0.001272050307975503,High,False
Kenya,1996,0.211,0.337,0.491,1851.2814,7.523633326950655,0.03372136840028528,0.08627726574819317,0.0030000000000000027,0.008000000000000007,0.0,0.0020000000000000018,0.0,0.2553401241977253,-0.04434012419772529,-0.04257693313700864,Mid,False
Kenya,1997,0.209,0.336,0.493,1846.3738,7.520978886438408,-0.002654440512246836,0.06526568051705972,0.0020000000000000018,0.009000000000000008,0.0,-0.016000000000000014,0.0,0.22792638166441764,-0.018926381664417652,0.009622168988450752,High,False
Kenya,1998,0.225,0.363,0.496,1889.9731,7.544317875148168,0.023338988709759256,0.0544059165977977,0.0030000000000000027,0.008000000000000007,0.0,0.0,0.0,0.24700819540503996,-0.022008195405039954,0.01249590812209031,High,False
Kenya,1999,0.225,0.363,0.499,1920.834,7.560514745708318,0.016196870560150067,0.03688141875766249,0.0030000000000000027,0.008000000000000007,0.0,-0.027999999999999997,0.0,0.24931367285991454,-0.024313672859914537,0.020026451337810752,High,False
Kenya,2000,0.253,0.374,0.5,1914.8864,7.5574135787063526,-0.003101167001965166,0.03643469226794416,0.0010000000000000009,0.007000000000000006,0.0,-0.0010000000000000009,0.0,0.2304083456428001,0.022591654357199897,0.04151803602161755,High,False
Kenya,2001,0.254,0.376,0.505,1972.3811,7.58699677206922,0.029583193362867632,0.042678896921052534,0.0050000000000000044,0.009000000000000008,0.0,-0.03699999999999998,0.0,0.25254804825734883,0.0014519517426511697,0.023460147147691124,High,False
Kenya,2002,0.291,0.419,0.504,1961.8949,7.581666070902532,-0.005330701166688101,0.021151325194214365,-0.0010000000000000009,0.0050000000000000044,0.0,-0.064,0.0,0.23084644306290122,0.06015355693709876,0.0844672297970133,High,False
Kenya,2003,0.355,0.51,0.515,1997.7769,7.5997902913122095,0.018124220409677427,0.04237671260585696,0.01100000000000001,0.015000000000000013,0.0,0.04999999999999999,0.0,0.24859293828275164,0.10640706171724834,0.08381540736004844,Mid,False
Kenya,2004,0.355,0.51,0.526,2066.2102,7.633471387001747,0.0336810956895377,0.046474614932527025,0.01100000000000001,0.02100000000000002,0.0,0.04999999999999999,0.0,0.246287460827877,0.10871253917212298,0.10726058742947181,Mid,False
Kenya,2005,0.358,0.51,0.532,2157.8416,7.676863741826575,0.04339235482482806,0.09519767092404319,0.006000000000000005,0.028000000000000025,0.0,0.05299999999999999,0.0,0.2597671165876412,0.0982328834123588,0.03807932647526005,Low,False
Kenya,2006,0.358,0.51,0.541,2255.2585,7.721019879513128,0.04415613768655291,0.12122958820091867,0.009000000000000008,0.026000000000000023,0.0,0.05299999999999999,0.0,0.24673451643276684,0.11126548356723315,0.004858421849984806,Low,False
Kenya,2007,0.356,0.511,0.548,2380.7764,7.775181931955234,0.05416205244210559,0.14171054495348656,0.007000000000000006,0.02200000000000002,0.0,0.05099999999999999,0.0,0.23128425983794093,0.12471574016205905,0.016003200989936073,Low,False
Kenya,2008,0.305,0.415,0.553,2357.2324,7.7652434979906255,-0.009938433964608251,0.08837975616405025,0.0050000000000000044,0.02100000000000002,0.0,0.0,0.0,0.2691928982424841,0.03580710175751589,-0.062425781654842916,Mid,False
Kenya,2009,0.305,0.416,0.553,2404.6296,7.785151158204711,0.019907660214085077,0.06413127869158242,0.0,0.01200000000000001,0.0,-0.05299999999999999,0.0,0.2647434665461881,0.040256533453811916,-0.07100895011342123,Mid,False
Kenya,2010,0.361,0.427,0.552,2579.531,7.855362878445404,0.07021172024069333,0.08018094649017016,-0.0010000000000000009,0.0040000000000000036,0.0,0.0030000000000000027,0.0,0.235973482116362,0.125026517883638,0.00031077772157894756,High,False
Kenya,2011,0.362,0.428,0.56,2712.0,7.905441649060286,0.050078770614882195,0.1401981510696606,0.008000000000000007,0.007000000000000006,0.0,0.0040000000000000036,0.0,0.22934403562384836,0.13265596437615162,0.09684886261863573,Mid,False
Kenya,2012,0.358,0.425,0.565,2754.7646,7.921087273290315,0.015645624230028687,0.13593611508560421,0.004999999999999893,0.0119999999999999,0.0,-0.04999999999999999,0.0,0.246531251356688,0.111468748643312,0.07121221518950008,Mid,False
Kenya,2013,0.413,0.524,0.57,2786.1372,7.932411399358351,0.011324126068036122,0.077048520912947,0.0050000000000000044,0.017999999999999905,0.0,0.01899999999999996,0.0,0.2761236448487407,0.1368763551512593,0.011849837267621288,Mid,False
Kenya,2014,0.426,0.539,0.576,2852.933,7.95610286688587,0.023691467527519272,0.05066121782558408,0.006000000000000005,0.015999999999999903,0.0,0.03199999999999997,0.0,0.283315388830518,0.142684611169482,0.010028646793330376,Mid,False
Kenya,2015,0.426,0.539,0.583,2921.3428,7.979798652571436,0.023695785685565518,0.05871137928112091,0.007000000000000006,0.018000000000000016,0.0,0.03199999999999997,0.0,0.2815878214761441,0.1444121785238559,0.03294342988054391,Mid,False
Kenya,2016,0.421,0.534,0.594,2975.4795,7.9981604814627865,0.01836182889135074,0.06574908210443553,0.01100000000000001,0.02400000000000002,0.0,0.02699999999999997,0.0,0.27489510300730496,0.14610489699269502,0.009228541841435733,Mid,False
Kenya,2017,0.408,0.512,0.599,3020.9817,8.013337123771503,0.015176642308716737,0.057234256885632995,0.0050000000000000044,0.02300000000000002,0.0,0.013999999999999957,0.0,0.2878541480278953,0.1201458519721047,-0.0225387591973773,Mid,False
Kuwait,1996,0.268,0.283,0.769,29612.66,10.295957251576125,0.07209200175010366,0.3947064988124307,0.006000000000000005,0.06500000000000006,0.0,0.009000000000000008,0.0,0.21107338363279968,0.05692661636720034,-0.22000932513501345,Low,False
Kuwait,1997,0.269,0.286,0.765,31511.191,10.358098031561607,0.06214077998548184,0.25034748904096027,-0.0040000000000000036,0.031000000000000028,0.0,0.010000000000000009,0.0,0.2212903609807238,0.04770963901927622,-0.1273827529480795,Low,False
Kuwait,1998,0.27,0.286,0.77,33331.297,10.414252084436049,0.05615405287444197,0.19038683461002748,0.0050000000000000044,0.007000000000000006,0.0,0.01100000000000001,0.0,0.1344860962565141,0.13551390374348593,0.08165531426128825,Mid,False
Kuwait,1999,0.269,0.284,0.773,33351.195,10.414848882785774,0.0005967983497257023,0.11889163120964952,0.0030000000000000027,0.0040000000000000036,0.0,0.010000000000000009,0.0,0.1935533748639965,0.0754466251360035,0.018520008768803164,Mid,False
Kuwait,2000,0.267,0.282,0.778,35844.746,10.486952280196864,0.07210339741108918,0.12885424863525685,0.0050000000000000044,0.013000000000000012,0.0,0.008000000000000007,0.0,0.17862126355782865,0.08837873644217137,0.04066909742289515,Mid,False
Kuwait,2001,0.259,0.266,0.777,37225.87,10.524759228669298,0.0378069484724346,0.11050714423324948,-0.0010000000000000009,0.007000000000000006,0.0,-0.0040000000000000036,0.0,0.1654239622678866,0.0935760377321134,-0.04193786601137253,Mid,False
Kuwait,2002,0.263,0.278,0.783,39943.15,10.595212472162318,0.07045324349302007,0.18036358937654384,0.006000000000000005,0.010000000000000009,0.0,-0.0020000000000000018,0.0,0.12146971733472182,0.14153028266527817,0.06608365752927467,Mid,False
Kuwait,2003,0.265,0.282,0.795,48809.71,10.795684547458093,0.2004720752957745,0.30873226726122915,0.01200000000000001,0.017000000000000015,0.0,0.0,0.0,-0.017176161349951202,0.2821761613499512,0.19379742490777985,Low,False
Kuwait,2004,0.265,0.282,0.798,55911.793,10.931530602903724,0.1358460554456311,0.40677137423442566,0.0030000000000000027,0.02100000000000002,0.0,-0.020999999999999963,0.0,-0.027401084748803012,0.292401084748803,0.1988250470166896,Low,False
Kuwait,2005,0.287,0.326,0.798,62959.6,11.05024852983095,0.11871792692722671,0.4550360576686323,0.0,0.015000000000000013,0.0,0.0030000000000000027,0.0,-0.10142015842766937,0.38842015842766936,0.2468898757623912,Low,False
Kuwait,2006,0.288,0.326,0.799,68546.14,11.135262374141723,0.08501384431077241,0.33957782668363024,0.0010000000000000009,0.0040000000000000036,0.0,0.006000000000000005,0.0,-0.1416343448147432,0.42963434481474316,0.14745818346479195,Mid,False
Kuwait,2007,0.286,0.323,0.801,73096.87,11.199540826763695,0.06427845262197174,0.26801022385997086,0.0020000000000000018,0.0030000000000000027,0.0,0.006999999999999951,0.0,-0.14338627607481064,0.4293862760748106,0.13698519132600762,Mid,False
Kuwait,2008,0.287,0.324,0.805,75138.12,11.22708329885222,0.027542472088525116,0.17683476902126927,0.0040000000000000036,0.007000000000000006,0.0,0.008999999999999952,0.0,0.02212609680047284,0.26487390319952714,-0.12354625522814222,Mid,False
Kuwait,2009,0.286,0.324,0.809,70072.73,11.157288981644578,-0.0697943172076414,0.022026607502855455,0.0040000000000000036,0.010000000000000009,1.0,0.007999999999999952,0.0,0.020876539642989134,0.26512346035701084,-0.16451088445773232,High,True
Kuwait,2010,0.284,0.32,0.812,68865.31,11.139907846902325,-0.017381134742253224,-0.059632979861369506,0.0030000000000000027,0.01100000000000001,0.0,0.00599999999999995,0.0,-0.01327243716742683,0.2972724371674268,-0.13211383890738382,High,True
Kuwait,2011,0.282,0.319,0.817,77126.0,11.253195727087975,0.11328788018565028,0.026112428235755658,0.004999999999999893,0.0119999999999999,0.0,0.003999999999999948,0.0,-0.07678107764243773,0.3587810776424377,0.09390717444291058,High,False
Kuwait,2012,0.279,0.31,0.822,80657.13,11.297962486341312,0.04476675925333673,0.1406735046967338,0.0050000000000000044,0.0129999999999999,0.0,0.0010000000000000009,0.0,0.07999084465343517,0.19900915534656485,-0.06611430501044599,Mid,False
Kuwait,2013,0.278,0.311,0.814,80098.64,11.29101415413578,-0.006948332205531926,0.15110630723345508,-0.008000000000000007,0.0019999999999998908,0.0,0.0,0.0,-0.07862801409442409,0.35662801409442413,0.05935557692699733,Mid,False
Kuwait,2014,0.279,0.315,0.818,79103.414,11.278511313380614,-0.012502840755166389,0.025315586292638415,0.0040000000000000036,0.0010000000000000009,0.0,0.0010000000000000009,0.0,0.0025373757791111173,0.2764626242208889,-0.08231845342154881,High,True
Kuwait,2015,0.278,0.311,0.832,78261.195,11.267807165261932,-0.010704148118682255,-0.03015532107938057,0.014000000000000012,0.010000000000000009,0.0,-0.0030000000000000027,0.0,-0.05925268965275201,0.337252689652752,0.13824353430618716,High,False
Kuwait,2016,0.281,0.311,0.836,79289.17,11.28085682830902,0.01304966304708799,-0.010157325826760655,0.0040000000000000036,0.02200000000000002,0.0,0.007000000000000006,0.0,0.003564607904048229,0.2774353920959518,-0.07919262199847232,Mid,False
Kuwait,2017,0.288,0.326,0.838,74427.02,11.21757432693319,-0.06328250137582891,-0.06093698644742318,0.0020000000000000018,0.020000000000000018,1.0,0.013999999999999957,0.0,-0.06424587618978751,0.3522458761897875,0.07578325196889857,Mid,False
Kyrgyzstan,1996,0.179,0.295,0.597,2901.5542,7.973001803449301,0.04422456689658283,-0.26048595818038667,0.007000000000000006,-0.018000000000000016,0.0,0.00799999999999998,0.0,0.19137952403322178,-0.01237952403322179,-0.10821952234335362,High,True
Kyrgyzstan,1997,0.172,0.287,0.608,3114.675,8.043880091910019,0.07087828846071798,0.03957197681045166,0.01100000000000001,0.013000000000000012,0.0,0.001999999999999974,0.0,0.2776533341093209,-0.10565333410932093,-0.21422596362974758,High,True
Kyrgyzstan,1998,0.177,0.29,0.613,3105.961,8.041078447287237,-0.0028016446227816516,0.11230121073451915,0.0050000000000000044,0.02300000000000002,0.0,0.00899999999999998,0.0,0.31428501302910045,-0.13728501302910046,-0.16309886728833492,Low,False
Kyrgyzstan,1999,0.177,0.286,0.619,3144.4612,8.053397834902821,0.012319387615583821,0.08039603145352014,0.006000000000000005,0.02200000000000002,0.0,0.00899999999999998,0.0,0.39238367970438676,-0.21538367970438677,-0.20300415567116498,Mid,False
Kyrgyzstan,2000,0.174,0.287,0.627,3246.383,8.0852967324881,0.031898897585278974,0.04141664057808114,0.008000000000000007,0.019000000000000017,0.0,0.005999999999999978,0.0,0.40130880024719096,-0.22730880024719097,-0.12165546613787004,Mid,False
Kyrgyzstan,2001,0.171,0.285,0.634,3357.993,8.119098753061163,0.03380202057306292,0.07802030577392571,0.007000000000000006,0.02100000000000002,0.0,0.0030000000000000027,0.0,0.375140759433844,-0.204140759433844,-0.06685574640474354,Mid,False
Kyrgyzstan,2002,0.17,0.282,0.635,3299.246,8.101449236499446,-0.01764951656171654,0.048051401596625354,0.0010000000000000009,0.016000000000000014,0.0,0.0020000000000000018,0.0,0.36820035502224885,-0.19820035502224884,0.01718332468213793,Mid,False
Kyrgyzstan,2003,0.168,0.282,0.642,3464.82,8.15041596222271,0.04896672572326288,0.06511922973460926,0.007000000000000006,0.015000000000000013,0.0,0.0,0.0,0.3960989851918506,-0.2280989851918506,-0.0007901849446596276,Mid,False
Kyrgyzstan,2004,0.168,0.282,0.646,3632.1472,8.197579267534282,0.047163305311572756,0.0784805144731191,0.0040000000000000036,0.01200000000000001,0.0,0.0030000000000000027,0.0,0.34785831635694714,-0.17985831635694713,0.024282443076896865,Mid,False
Kyrgyzstan,2005,0.19,0.319,0.648,3554.1855,8.175881202062685,-0.021698065471596806,0.07443196556323883,0.0020000000000000018,0.013000000000000012,1.0,0.024999999999999994,0.0,0.25462115671510127,-0.06462115671510127,0.13357919830714757,Mid,False
Kyrgyzstan,2006,0.198,0.331,0.652,3594.5652,8.187178317082623,0.011297115019937465,0.036762354859913415,0.0040000000000000036,0.010000000000000009,0.0,0.033,0.0,0.36043532015690155,-0.16243532015690154,0.06566366503494905,High,False
Kyrgyzstan,2007,0.181,0.317,0.658,3831.4949,8.25101031933819,0.06383200225556784,0.0534310518039085,0.006000000000000005,0.01200000000000001,0.0,0.015999999999999986,0.0,0.31229966592198233,-0.13129966592198233,0.048558650434964795,High,False
Kyrgyzstan,2008,0.169,0.306,0.666,4046.7207,8.305662128409777,0.0546518090715864,0.1297809263470917,0.008000000000000007,0.018000000000000016,0.0,0.0040000000000000036,0.0,0.2526425377492426,-0.0836425377492426,-0.019021381034141333,Mid,False
Kyrgyzstan,2009,0.165,0.294,0.669,4075.834,8.312830667311122,0.007168538901344945,0.1256523502284992,0.0030000000000000027,0.017000000000000015,0.0,-0.095,0.0,0.26606903447057434,-0.10106903447057433,0.06136628568632721,Mid,False
Kyrgyzstan,2010,0.26,0.381,0.668,3977.649,8.288446220226838,-0.024384447084283778,0.037435900888647566,-0.0010000000000000009,0.010000000000000009,1.0,-0.05399999999999999,0.0,0.269252027717123,-0.009252027717122968,0.12204763820485937,High,False
Kyrgyzstan,2011,0.333,0.473,0.67,4142.0,8.328934041955529,0.04048782172869103,0.0232719135457522,0.0020000000000000018,0.0040000000000000036,0.0,0.030000000000000027,0.0,0.3374414682217554,-0.004441468221755396,0.0792010695274872,High,False
Kyrgyzstan,2012,0.328,0.467,0.679,4103.82,8.31967352623962,-0.009260515715908468,0.006842858928498785,0.009000000000000008,0.010000000000000009,0.0,0.025000000000000022,0.0,0.34529425446205914,-0.017294254462059122,0.08377478000851521,High,False
Kyrgyzstan,2013,0.316,0.447,0.686,4509.7515,8.413997331200404,0.09432380496078352,0.12555111097356608,0.007000000000000006,0.018000000000000016,0.0,0.013000000000000012,0.0,0.2777886639748161,0.038211336025183895,0.04746336374230686,Mid,False
Kyrgyzstan,2014,0.314,0.446,0.691,4644.326,8.443401538459092,0.029404207258687975,0.11446749650356303,0.004999999999999893,0.020999999999999908,0.0,0.01100000000000001,0.0,0.2926463599894445,0.021353640010555508,0.025795108232310904,Mid,False
Kyrgyzstan,2015,0.317,0.455,0.695,4772.76,8.470680032900692,0.027278494441599577,0.15100650666107107,0.0040000000000000036,0.015999999999999903,0.0,0.062,0.0,0.25981434920240776,0.05718565079759225,0.07447990525965137,Mid,False
Kyrgyzstan,2016,0.303,0.447,0.7,4925.4097,8.502162737963534,0.03148270506284234,0.0881654067631299,0.0050000000000000044,0.013999999999999901,0.0,0.04799999999999999,0.0,0.34910985054605714,-0.04610985054605715,-0.08432118657124105,Mid,False
Kyrgyzstan,2017,0.303,0.449,0.704,5104.14,8.53780725411553,0.035644516151995376,0.0944057156564373,0.0040000000000000036,0.013000000000000012,0.0,0.066,0.0,0.34533142583642407,-0.042331425836424075,-0.06368506584697958,Mid,False
Laos,1996,0.087,0.085,0.449,1899.8959,7.549554374179849,0.05315496469098857,0.15779727439585578,0.013000000000000012,0.02300000000000002,0.0,0.0,0.0,0.28358709971024537,-0.19658709971024538,0.001837932517042895,Low,False
Laos,1997,0.087,0.086,0.455,2002.236,7.602019835045497,0.05246546086564763,0.15303633081475,0.006000000000000005,0.02100000000000002,0.0,0.0,0.0,0.2837607577335142,-0.19676075773351423,-0.02289019545635662,Low,False
Laos,1998,0.087,0.087,0.462,2050.8838,7.626026101177307,0.024006266131809895,0.1296266916884461,0.007000000000000006,0.026000000000000023,0.0,-0.0010000000000000009,0.0,0.2933640421491713,-0.20636404214917128,-0.04096185667074792,Low,False
Laos,1999,0.088,0.087,0.469,2167.7795,7.681458650744999,0.05543254956769239,0.1319042765651499,0.006999999999999951,0.019999999999999962,0.0,0.0,0.0,0.2959409469989769,-0.2079409469989769,-0.011353847288731511,Low,False
Laos,2000,0.088,0.087,0.473,2262.2356,7.724108806866747,0.04265015612174761,0.12208897182124989,0.0040000000000000036,0.01799999999999996,0.0,0.0,0.0,0.33764155405884183,-0.24964155405884184,-0.052880796325327606,Mid,False
Laos,2001,0.088,0.087,0.479,2365.1033,7.768576978619084,0.04446817175233697,0.14255087744177697,0.006000000000000005,0.01699999999999996,0.0,0.0,0.0,0.30057997971995826,-0.21257997971995826,-0.006215937570786978,Mid,False
Laos,2002,0.089,0.09,0.488,2486.9893,7.818828141421814,0.05025116280272979,0.13736949067681437,0.009000000000000008,0.019000000000000017,0.0,0.0010000000000000009,0.0,0.3004063216966894,-0.2114063216966894,-0.00346537469771252,Low,False
Laos,2003,0.089,0.09,0.496,2625.3481,7.872968775757668,0.054140634335854365,0.14885996889092112,0.008000000000000007,0.02300000000000002,0.0,0.0010000000000000009,0.0,0.2942345544158645,-0.2052345544158645,0.04440699964297734,Low,False
Laos,2004,0.089,0.09,0.505,2784.6802,7.931888316324532,0.05891954056686366,0.1633113377054478,0.009000000000000008,0.026000000000000023,0.0,0.0010000000000000009,0.0,0.29395984863530045,-0.20495984863530045,0.007620131084657811,Low,False
Laos,2005,0.089,0.09,0.514,2948.6997,7.989119572500939,0.05723125617640701,0.17029143107912503,0.009000000000000008,0.026000000000000023,0.0,0.0010000000000000009,0.0,0.29395984863530045,-0.20495984863530045,0.006446473061388958,Low,False
Laos,2006,0.088,0.09,0.515,2896.1355,7.971132541085084,-0.01798703141585456,0.09816376532741611,0.0010000000000000009,0.019000000000000017,0.0,0.0,0.0,0.34656940851508045,-0.2585694085150805,-0.053334854099215984,Mid,False
Laos,2007,0.088,0.089,0.529,3389.364,8.128397572153952,0.15726503106886813,0.19650925582942058,0.014000000000000012,0.02400000000000002,0.0,0.0,0.0,0.2522940542512548,-0.1642940542512548,0.04066579438404566,Low,False
Laos,2008,0.088,0.09,0.537,3614.4768,8.19270239382797,0.06430482167401763,0.2035828213270312,0.008000000000000007,0.02300000000000002,0.0,0.0,0.0,0.25052375705095103,-0.16252375705095104,0.04243609158434941,Low,False
Laos,2009,0.088,0.09,0.548,3843.8298,8.25422449231493,0.061522098486960886,0.28309195122984665,0.01100000000000001,0.03300000000000003,0.0,-0.0010000000000000009,0.0,0.18628321633257736,-0.09828321633257736,0.16028619218250312,Low,False
Laos,2010,0.089,0.092,0.556,4114.0103,8.322153573855855,0.06792908154092459,0.1937560017019031,0.008000000000000007,0.027000000000000024,0.0,0.0,0.0,0.24637955458566355,-0.15737955458566355,0.006914499665591239,Low,False
Laos,2011,0.089,0.09,0.567,4401.0,8.38958706681109,0.06743349295523515,0.19688467298312062,0.010999999999999899,0.029999999999999916,0.0,0.0010000000000000009,0.0,0.215756719106621,-0.126756719106621,0.03576703794433003,Low,False
Laos,2012,0.089,0.09,0.577,4670.0,8.448914350662942,0.05932728385185193,0.19468985834801167,0.010000000000000009,0.028999999999999915,0.0,0.0010000000000000009,0.0,0.2461444404416473,-0.1571444404416473,-0.05886122410906994,Low,False
Laos,2013,0.09,0.091,0.587,4961.0,8.509362612301048,0.060448261638105905,0.187209038445193,0.010000000000000009,0.030999999999999917,0.0,0.0020000000000000018,0.0,0.21423046259837775,-0.12423046259837775,0.0331490919872858,Low,False
Laos,2014,0.09,0.091,0.597,5251.0,8.566173813637858,0.05681120133681006,0.1765867468267679,0.010000000000000009,0.030000000000000027,0.0,0.0020000000000000018,0.0,0.21328399547099022,-0.12328399547099023,0.003472723635630781,Low,False
Laos,2015,0.089,0.09,0.604,5559.0,8.62317351495347,0.05699970131561116,0.17425916429052712,0.007000000000000006,0.027000000000000024,0.0,0.0010000000000000009,0.0,0.27320796476679793,-0.18420796476679793,-0.027063524325150634,Low,False
Laos,2016,0.088,0.093,0.609,5859.663,8.675847372384956,0.052673857431486226,0.16648476008390745,0.0050000000000000044,0.02200000000000002,0.0,-0.0020000000000000018,0.0,0.294650255969327,-0.20665025596932698,-0.08241979337094923,Low,False
Laos,2017,0.093,0.124,0.612,6168.1704,8.727157541320706,0.0513101689357498,0.1609837276828472,0.0030000000000000027,0.015000000000000013,0.0,0.0030000000000000027,0.0,0.30794527003766403,-0.21494527003766403,-0.0916612745666738,Mid,False
Latvia,1996,0.674,0.788,0.714,8947.269,9.099103625039517,0.026983334716890184,0.05844542448683754,0.019000000000000017,0.02200000000000002,0.0,-0.019999999999999907,0.0,0.3624863770350149,0.31151362296498514,0.016770072893611376,Mid,False
Latvia,1997,0.694,0.808,0.727,9773.499,9.18742981807558,0.08832619303606393,0.11586117389887107,0.013000000000000012,0.040999999999999925,0.0,-0.0020000000000000018,0.0,0.4164475953632237,0.2775524046367763,-0.06541310090813612,Low,False
Latvia,1998,0.696,0.809,0.738,10429.767,9.25241920833973,0.06498939026414874,0.18029891801710285,0.01100000000000001,0.04300000000000004,0.0,-0.0050000000000000044,0.0,0.3919269513798111,0.30407304862018886,0.06491184246526671,Low,False
Latvia,1999,0.701,0.816,0.753,10707.706,9.278718948155735,0.02629973981600564,0.1796153231162183,0.015000000000000013,0.039000000000000035,0.0,-0.0010000000000000009,0.0,0.40037974945859744,0.3006202505414025,-0.010893372423582626,Low,False
Latvia,2000,0.702,0.816,0.764,11309.74,9.333419580340179,0.054700632184443876,0.14598976226459826,0.01100000000000001,0.03700000000000003,0.0,0.0,0.0,0.5099289420081791,0.1920710579918209,-0.08548134664495538,Low,False
Latvia,2001,0.702,0.816,0.775,12103.828,9.401277045188772,0.06785746484859345,0.14885783684904297,0.01100000000000001,0.03700000000000003,0.0,-0.0010000000000000009,0.0,0.5201488710658551,0.1818511289341449,-0.12222191968604396,Low,False
Latvia,2002,0.705,0.815,0.786,13015.475,9.473894313113055,0.07261726792428291,0.19517536495732024,0.01100000000000001,0.03300000000000003,0.0,0.019999999999999907,0.0,0.4760657952037809,0.22893420479621907,-0.07168604574518345,Low,False
Latvia,2003,0.714,0.822,0.798,14142.125,9.556913211044654,0.08301889793159845,0.2234936307044748,0.01200000000000001,0.03400000000000003,0.0,0.028999999999999915,0.0,0.5246616641209364,0.18933833587906357,-0.0027327221127573242,Low,False
Latvia,2004,0.715,0.822,0.809,15371.182,9.640249736633658,0.0833365255890044,0.23897269144488575,0.01100000000000001,0.03400000000000003,0.0,0.029999999999999916,0.0,0.5919052524767777,0.12309474752322225,-0.05875638141092265,Low,False
Latvia,2005,0.71,0.822,0.818,17069.656,9.745057663271425,0.10480792663776661,0.27116335015836945,0.008999999999999897,0.03199999999999992,0.0,0.02499999999999991,0.0,0.5695693282258567,0.14043067177414326,-0.08850353302207581,Low,False
Latvia,2006,0.703,0.814,0.823,19128.69,9.858944581260452,0.11388691798902784,0.30203137021579884,0.0050000000000000044,0.02499999999999991,0.0,0.017999999999999905,0.0,0.5400085833078028,0.1629914166921972,-0.02634691918686638,Low,False
Latvia,2007,0.685,0.793,0.829,21042.367,9.954293160523996,0.09534857926354334,0.3140434238903378,0.006000000000000005,0.019999999999999907,0.0,-0.0010000000000000009,0.0,0.5210143098941851,0.16398569010581499,0.04089094258259274,Low,False
Latvia,2008,0.686,0.792,0.837,20342.2,9.920452825012148,-0.033840335511847286,0.1753951617407239,0.008000000000000007,0.019000000000000017,1.0,-0.007999999999999896,0.0,0.5819916408655718,0.1040083591344283,-0.03642231263971496,Low,False
Latvia,2009,0.694,0.793,0.836,17582.111,9.774637243666136,-0.14581558134601202,-0.08430733759431597,-0.0010000000000000009,0.013000000000000012,1.0,-0.010000000000000009,0.0,0.5398837491903548,0.1541162508096452,-0.008875165882551994,High,False
Latvia,2010,0.704,0.798,0.833,17140.227,9.74918343593805,-0.02545380772808592,-0.20510972458594523,-0.0030000000000000027,0.0040000000000000036,1.0,-0.019000000000000017,0.0,0.42860236771797455,0.2753976322820254,0.11141194217621042,High,False
Latvia,2011,0.723,0.816,0.84,18428.0,9.821626526055807,0.07244309011775663,-0.09882629895634132,0.007000000000000006,0.0030000000000000027,0.0,-0.0050000000000000044,0.0,0.5413265921957474,0.18167340780425256,0.07766504866982427,High,False
Latvia,2012,0.728,0.82,0.843,19970.031,9.901987978737148,0.0803614526813412,0.1273507350710119,0.0030000000000000027,0.007000000000000006,0.0,-0.015000000000000013,0.0,0.5530549960750554,0.1749450039249446,0.020828753115299414,Mid,False
Latvia,2013,0.743,0.83,0.852,20581.918,9.932168202324355,0.030180223587207067,0.1829847663863049,0.009000000000000008,0.019000000000000017,0.0,-0.0010000000000000009,0.0,0.7267720111773166,0.016227988822683392,-0.259169643459342,Low,False
Latvia,2014,0.748,0.832,0.854,21168.535,9.960271160033843,0.02810295770948734,0.13864463397803561,0.0020000000000000018,0.014000000000000012,0.0,0.007000000000000006,0.0,0.6968596170307897,0.05114038296921031,-0.13053302483504226,Mid,False
Latvia,2015,0.754,0.838,0.859,22179.42,10.006920110878049,0.04664895084420628,0.10493213214090069,0.0050000000000000044,0.016000000000000014,0.0,0.017000000000000015,0.0,0.702397108002549,0.05160289199745105,-0.12334211192749356,Mid,False
Latvia,2016,0.748,0.84,0.864,22913.023,10.03946071785581,0.0325406069777614,0.10729251553145502,0.0050000000000000044,0.01200000000000001,0.0,0.01100000000000001,0.0,0.7416365960694098,0.006363403930590206,-0.009864584892093187,Mid,False
Latvia,2017,0.744,0.833,0.87,23893.832,10.08137562929863,0.04191491144282011,0.1211044692647878,0.006000000000000005,0.016000000000000014,0.0,0.007000000000000006,0.0,0.7558464214964294,-0.011846421496429449,-0.06298680446563976,Mid,False
Lebanon,2011,0.277,0.479,0.758,16230.0,9.694616660508636,0.03815771210377683,0.2628055756325409,0.008000000000000007,0.02400000000000002,0.0,-0.004999999999999949,0.0,0.33096007610245065,-0.05396007610245063,0.05037848865050054,Low,False
Lebanon,2012,0.282,0.477,0.762,16284.763,9.697985164334554,0.0033685038259179123,0.14836606903627114,0.0040000000000000036,0.019000000000000017,0.0,-0.01200000000000001,0.0,0.3999497031421198,-0.11794970314211983,-0.08114937600951927,Low,False
Lebanon,2013,0.301,0.486,0.762,15145.569,9.625463292910764,-0.07252187142379007,-0.03099565549409533,0.0,0.01200000000000001,1.0,0.019000000000000017,0.0,0.45793511063083664,-0.15693511063083665,-0.05878720607922083,High,True
Lebanon,2014,0.302,0.486,0.761,13586.273,9.516815223763993,-0.10864806914677061,-0.17780143674464277,-0.0010000000000000009,0.0030000000000000027,1.0,0.025999999999999968,0.0,0.4484936207927541,-0.14649362079275413,-0.0925335446903035,High,True
Lebanon,2015,0.295,0.48,0.763,12982.721,9.47137459848905,-0.04544062527494397,-0.22661056584550465,0.0020000000000000018,0.0010000000000000009,1.0,0.020999999999999963,0.0,0.43549464715570857,-0.14049464715570859,-0.022544944013588752,High,False
Lebanon,2016,0.296,0.479,0.767,13073.557,9.478346919553928,0.006972321064878884,-0.1471163733568357,0.0040000000000000036,0.0050000000000000044,0.0,0.033999999999999975,0.0,0.4636140402769456,-0.1676140402769456,-0.010678929646108948,High,False
Lebanon,2017,0.294,0.47,0.772,13209.284,9.48867519468482,0.01032827513089174,-0.028140029079173345,0.0050000000000000044,0.01100000000000001,0.0,0.043999999999999984,0.0,0.4737921649777874,-0.17979216497778744,-0.03329854418503331,High,False
Lesotho,1996,0.258,0.314,0.473,1931.6608,7.566135430000181,0.0224919187632322,0.014593239606496056,-0.0030000000000000027,-0.0040000000000000036,0.0,0.0,0.0,0.23930481776668083,0.018695182233319174,-0.10078810058325507,High,True
Lesotho,1997,0.258,0.314,0.469,1940.3105,7.570603290796884,0.004467860796702361,0.008392492380789207,-0.0040000000000000036,-0.009000000000000008,0.0,-0.0010000000000000009,0.0,0.2329960203046886,0.0250039796953114,-0.0516901641542539,High,True
Lesotho,1998,0.288,0.371,0.469,1922.6793,7.561474961010179,-0.00912832978670508,0.01783144977322948,0.0,-0.007000000000000006,0.0,0.02899999999999997,0.0,0.2158029487301035,0.07219705126989648,0.04792095564764523,High,False
Lesotho,1999,0.26,0.315,0.462,1923.9032,7.562111318109657,0.0006363570994780687,-0.004024111890524651,-0.006999999999999951,-0.010999999999999954,0.0,0.0010000000000000009,0.0,0.2009913822667788,0.05900861773322122,0.040313435499902045,High,False
Lesotho,2000,0.259,0.315,0.462,1967.4332,7.584485027999811,0.022373709890154636,0.013881737202927624,0.0,-0.006999999999999951,0.0,0.0,0.0,0.24324416212229238,0.015755837877707624,-0.009248141817603778,High,False
Lesotho,2001,0.259,0.315,0.457,1997.3577,7.599580436053997,0.015095408054185633,0.03810547504381834,-0.0050000000000000044,-0.011999999999999955,0.0,-0.118,0.0,0.21905699514761232,0.03994300485238769,-0.032254046417508786,High,False
Lesotho,2002,0.377,0.496,0.455,1959.028,7.580203710849033,-0.019376725204963918,0.01809239273937635,-0.0020000000000000018,-0.007000000000000006,0.0,-0.04199999999999998,0.0,0.22235879438350734,0.15464120561649267,0.09563258788327145,High,False
Lesotho,2003,0.45,0.614,0.456,2003.09,7.602446267257477,0.02224255640844408,0.017961239257665795,0.0010000000000000009,-0.006000000000000005,0.0,0.03500000000000003,0.0,0.24170077520679123,0.20829922479320878,0.19254338691550116,High,False
Lesotho,2004,0.449,0.614,0.454,2004.0602,7.602930501673725,0.0004842344162483414,0.003350065619728504,-0.0020000000000000018,-0.0030000000000000027,0.0,0.03600000000000003,0.0,0.23291358168074106,0.21608641831925895,0.17614341346687126,High,False
Lesotho,2005,0.452,0.614,0.454,2013.8077,7.607782587091247,0.004852085417521579,0.027578876242214,0.0,-0.0010000000000000009,0.0,0.039000000000000035,0.0,0.2435227059687669,0.2084772940312331,0.05383608841474044,High,False
Lesotho,2006,0.451,0.614,0.451,2056.3296,7.628677925010622,0.02089533791937459,0.02623165775314451,-0.0030000000000000027,-0.0050000000000000044,0.0,0.038000000000000034,0.0,0.2407546430697675,0.21024535693023252,0.0019461321370237428,High,False
Lesotho,2007,0.419,0.568,0.458,2106.84,7.652944473569118,0.024266548558496304,0.05001397189539247,0.007000000000000006,0.0040000000000000036,0.0,0.006000000000000005,0.0,0.24105044419641372,0.17794955580358626,-0.03813686251567269,High,False
Lesotho,2008,0.415,0.561,0.463,2177.8574,7.686096828438534,0.03315235486941592,0.07831424134728682,0.0050000000000000044,0.009000000000000008,0.0,0.0020000000000000018,0.0,0.24865352901793078,0.1663464709820692,-0.04213082304916391,Mid,False
Lesotho,2009,0.413,0.559,0.468,2199.3948,7.695937510592872,0.009840682154337976,0.0672595855822502,0.0050000000000000044,0.017000000000000015,0.0,-0.01200000000000001,0.0,0.2534603574479614,0.15953964255203856,-0.05070571437819396,Mid,False
Lesotho,2010,0.425,0.566,0.478,2313.882,7.746681912503516,0.05074440191064422,0.09373743893439812,0.009999999999999953,0.019999999999999962,0.0,-0.0050000000000000044,0.0,0.2551484606116074,0.1698515393883926,-0.00809801641519367,Mid,False
Lesotho,2011,0.43,0.574,0.485,2346.0,7.76046702921342,0.013785116709904344,0.07437020077488654,0.007000000000000006,0.021999999999999964,0.0,0.006000000000000005,0.0,0.26535097101666166,0.16464902898333833,-0.0016974419987308698,Mid,False
Lesotho,2012,0.453,0.582,0.496,2456.0,7.806289289267033,0.04582226005361267,0.11035177867416124,0.01100000000000001,0.02799999999999997,0.0,0.08100000000000002,0.0,0.2423083542088483,0.2106916457911517,0.05115200323911315,Low,False
Lesotho,2013,0.477,0.619,0.502,2559.0,7.847371836159788,0.04108254689275537,0.10068992365627238,0.006000000000000005,0.02400000000000002,0.0,0.10499999999999998,1.0,0.2597671165876412,0.2172328834123588,0.04738134402396621,Low,False
Lesotho,2014,0.48,0.621,0.509,2644.0,7.880048200971577,0.03267636481178826,0.1195811717581563,0.007000000000000006,0.02400000000000002,0.0,0.10799999999999998,1.0,0.24534109837022877,0.2346589016297712,0.07000987264643288,Low,False
Lesotho,2015,0.445,0.597,0.517,2710.0,7.904703913873747,0.02465571290217028,0.09841462460671391,0.008000000000000007,0.02100000000000002,0.0,0.07300000000000001,0.0,0.26339759978920146,0.18160240021079854,-0.029089245580353168,Mid,False
Lesotho,2016,0.424,0.576,0.526,2774.5996,7.92826172748169,0.023557813607943068,0.08088989132190161,0.009000000000000008,0.02400000000000002,0.0,0.05199999999999999,0.0,0.26765525274880336,0.15634474725119663,-0.060888136161162176,Mid,False
Lesotho,2017,0.372,0.501,0.531,2654.4136,7.883979042991469,-0.04428268449022088,0.0039308420198924665,0.0050000000000000044,0.02200000000000002,1.0,-0.069,0.0,0.22600971785730697,0.14599028214269302,-0.08866861948707819,Mid,False
Liberia,2005,0.267,0.276,0.446,755.2236,6.62701386434302,-0.007456273891577325,-0.5754677181354655,0.0040000000000000036,-0.007000000000000006,0.0,-0.22199999999999998,0.0,0.06568049789993971,0.2013195021000603,0.23953536024297115,High,False
Liberia,2006,0.498,0.643,0.45,769.29297,6.6454718722455715,0.018458007902551365,-0.10201013034193362,0.0040000000000000036,0.02100000000000002,0.0,0.01100000000000001,0.0,0.1852650796547154,0.3127349203452846,0.21288159080248872,Mid,False
Liberia,2007,0.506,0.655,0.455,768.20703,6.644059267132624,-0.001412605112947496,0.009589128898026544,0.0050000000000000044,0.013000000000000012,0.0,0.02400000000000002,0.0,0.18868012940420442,0.3173198705957956,0.1196686843520047,High,False
Liberia,2008,0.506,0.655,0.459,811.158,6.698462856348611,0.05440358921598687,0.07144899200559074,0.0040000000000000036,0.013000000000000012,0.0,0.04999999999999999,0.0,0.18039868156833894,0.32560131843166107,0.12428181633160076,Mid,False
Liberia,2009,0.507,0.657,0.463,838.452,6.731557334544201,0.03309447819558997,0.08608546229862934,0.0040000000000000036,0.013000000000000012,0.0,0.056999999999999995,0.0,0.19592401256649294,0.31107598743350706,-0.0016589329117775442,Mid,False
Liberia,2010,0.489,0.649,0.467,854.235,6.750206331578725,0.01864899703452405,0.10614706444610089,0.0040000000000000036,0.01200000000000001,0.0,0.03899999999999998,0.0,0.16526916140002518,0.3237308385999748,0.006410968004179229,Mid,False
Liberia,2011,0.487,0.646,0.471,820.0,6.709304340258298,-0.04090199132042649,0.010841483909687533,0.003999999999999948,0.011999999999999955,1.0,0.03699999999999998,0.0,0.15259735778425668,0.33440264221574334,0.008801323784082271,High,False
Liberia,2012,0.482,0.64,0.475,853.0,6.748759547491679,0.03945520723338092,0.01720221294747848,0.0040000000000000036,0.011999999999999955,0.0,0.03199999999999997,0.0,0.19249676118312897,0.289503238816871,-0.02157274861663605,High,False
Liberia,2013,0.456,0.618,0.481,900.0,6.802394763324311,0.053635215832631644,0.05218843174558607,0.006000000000000005,0.013999999999999957,0.0,0.031000000000000028,0.0,0.28409457116737935,0.17190542883262067,-0.15182540976735415,Mid,False
Liberia,2014,0.45,0.611,0.479,884.0,6.784457062637643,-0.017937700686667668,0.0751527223793449,-0.0020000000000000018,0.008000000000000007,0.0,0.038000000000000034,0.0,0.2445042315749692,0.2054957684250308,-0.12890687379071253,High,True
Liberia,2015,0.451,0.611,0.48,865.0,6.762729506931879,-0.021727555705764345,0.01396995944019963,0.0010000000000000009,0.0050000000000000044,1.0,0.039000000000000035,0.0,0.13337256933662062,0.3176274306633794,0.028124191846508384,High,False
Liberia,2016,0.452,0.615,0.485,843.52625,6.737591021833746,-0.025138485098133323,-0.06480374149056534,0.0050000000000000044,0.0040000000000000036,1.0,0.04400000000000004,0.0,0.12502040248803048,0.32697959751196953,0.15507416867934887,High,False
Liberia,2017,0.459,0.62,0.491,848.2952,6.743228688422105,0.0056376665883597354,-0.04122837421553793,0.006000000000000005,0.01200000000000001,0.0,0.051000000000000045,0.0,0.1666588963169842,0.2923411036830158,0.08684533525798499,High,False
Libya,1996,0.048,0.072,0.716,7543.9355,8.92849927443581,0.0893744794439808,0.19769889865341206,0.0040000000000000036,0.01100000000000001,0.0,0.0,0.0,0.2716547319782906,-0.2236547319782906,-0.04899311324231764,Mid,False
Libya,1997,0.048,0.072,0.721,8422.215,9.038628136774086,0.11012886233827679,0.23699662318018788,0.0050000000000000044,0.01100000000000001,0.0,0.0,0.0,0.3348289573912603,-0.2868289573912603,-0.013434359791258177,Mid,False
Libya,1998,0.048,0.072,0.721,8545.48,9.053157767172738,0.01452963039865196,0.21403297218090955,0.0,0.009000000000000008,0.0,0.0030000000000000027,0.0,0.3323274756636231,-0.2843274756636231,0.027613286329638165,Mid,False
Libya,1999,0.048,0.072,0.724,9064.067,9.112073194560487,0.05891542738774902,0.18357392012467777,0.0030000000000000027,0.008000000000000007,0.0,0.0030000000000000027,0.0,0.36838316197661075,-0.32038316197661076,-0.09672842999832015,Mid,False
Libya,2000,0.048,0.072,0.727,9770.98,9.187172047068847,0.07509885250835957,0.14854391029476055,0.0030000000000000027,0.006000000000000005,0.0,0.0030000000000000027,0.0,0.3927758294173649,-0.3447758294173649,-0.0579468720261046,Mid,False
Libya,2001,0.048,0.072,0.73,10354.482,9.24517474843551,0.058002701366662635,0.19201698126277122,0.0030000000000000027,0.009000000000000008,0.0,0.0030000000000000027,0.0,0.3291709876763626,-0.2811709876763626,0.003156487987260481,Mid,False
Libya,2002,0.048,0.072,0.733,10787.675,9.286159557739822,0.040984809304312364,0.17408636317933457,0.0030000000000000027,0.009000000000000008,0.0,0.0030000000000000027,0.0,0.33519026587802203,-0.28719026587802204,0.03319289609858872,Mid,False
Libya,2003,0.045,0.072,0.739,12870.574,9.462698899440229,0.17653934170040664,0.27552685237138164,0.006000000000000005,0.01200000000000001,0.0,0.0,0.0,0.22410111507224928,-0.1791011150722493,0.1656747143451156,Mid,False
Libya,2004,0.045,0.072,0.741,14193.259,9.560522412565083,0.0978235131248546,0.3153476641295736,0.0020000000000000018,0.01100000000000001,0.0,0.0010000000000000009,0.0,0.16367915358817825,-0.11867915358817825,0.16249183408818435,Mid,False
Libya,2005,0.045,0.072,0.747,16538.557,9.713449721724627,0.15292730915954422,0.42729016398480546,0.006000000000000005,0.014000000000000012,0.0,0.0010000000000000009,0.0,0.1366679491808248,-0.09166794918082481,0.19552231669719722,Low,False
Libya,2006,0.045,0.072,0.751,18657.062,9.833980012915966,0.12053029119133818,0.371281113475737,0.0040000000000000036,0.01200000000000001,0.0,0.0010000000000000009,0.0,0.17719941293056524,-0.13219941293056525,0.04690170214168404,Mid,False
Libya,2007,0.045,0.072,0.754,20731.719,9.939420125291445,0.10544011237547934,0.37889771272636175,0.0030000000000000027,0.013000000000000012,0.0,0.0010000000000000009,0.0,0.16341564278501677,-0.11841564278501678,0.00026351080316147635,Low,False
Libya,2008,0.045,0.072,0.754,25140.6,10.13223934820789,0.1928192229164445,0.418789626483262,0.0,0.007000000000000006,0.0,0.0010000000000000009,0.0,0.07172535389588791,-0.026725353895887913,0.0649425952849369,Mid,False
Libya,2009,0.044,0.071,0.753,26403.787,10.181262725816572,0.04902337760868214,0.34728271290060597,-0.0010000000000000009,0.0020000000000000018,0.0,-0.0010000000000000009,0.0,0.1027011402525233,-0.05870114025252331,0.07349827267804195,Mid,False
Libya,2010,0.045,0.071,0.755,29157.143,10.280455204642182,0.09919247882561066,0.3410350793507373,0.0020000000000000018,0.0010000000000000009,0.0,-0.016,0.0,0.0359620942869287,0.009037905713071295,0.12745354849808807,Mid,False
Libya,2011,0.061,0.175,0.715,12893.0,9.464439807410837,-0.8160153972313449,-0.6677995407970521,-0.040000000000000036,-0.039000000000000035,1.0,-0.10900000000000001,0.0,0.3913787711830156,-0.3303787711830156,-0.3036534172871277,High,True
Libya,2012,0.21,0.329,0.758,25302.516,10.13865911641144,0.6742193090006019,-0.0426036094051323,0.04300000000000004,0.0050000000000000044,0.0,0.04299999999999998,0.0,0.14754177080596573,0.062458229194034265,0.12115936944655757,High,False
Libya,2013,0.3,0.54,0.748,20190.09,9.912947168949252,-0.22571194746218737,-0.36750803569293033,-0.010000000000000009,-0.007000000000000006,1.0,0.147,1.0,0.09318215497526175,0.20681784502473824,0.19777993931166693,High,False
Libya,2014,0.175,0.28,0.728,15154.099,9.62602633539858,-0.2869208335506723,0.1615865279877422,-0.020000000000000018,0.013000000000000012,1.0,0.026999999999999996,0.0,0.3457371055664202,-0.1707371055664202,0.15964166561659543,Mid,False
Libya,2015,0.172,0.285,0.728,14720.548,9.596999619850783,-0.02902671554779701,-0.5416594965606567,0.0,-0.030000000000000027,1.0,0.026999999999999996,0.0,0.4350039282388445,-0.2630039282388445,-0.32546215743287876,High,True
Libya,2016,0.17,0.285,0.725,14219.172,9.562346473813824,-0.034653146036959015,-0.35060069513542835,-0.0030000000000000027,-0.02300000000000002,1.0,0.04100000000000001,0.0,0.44552719002885854,-0.2755271900288585,-0.4823450350535967,High,True
Libya,2017,0.167,0.273,0.74,18455.953,9.823142253253035,0.26079577943921173,0.1971159178544557,0.015000000000000013,0.01200000000000001,0.0,0.05900000000000001,0.0,0.2279648041558277,-0.060964804155827695,0.1097723014105925,Mid,False
Lithuania,1996,0.753,0.824,0.723,8793.701,9.081790948707871,0.05784401238371295,0.019823330966302066,0.017000000000000015,0.018000000000000016,0.0,-0.0010000000000000009,0.0,0.38623428818768063,0.3667657118123194,-0.10559721219832663,Mid,False
Lithuania,1997,0.758,0.827,0.739,9592.64,9.168751416750077,0.08696046804220536,0.20303293811029377,0.016000000000000014,0.040000000000000036,0.0,0.0040000000000000036,0.0,0.3405561330317822,0.4174438669682178,-0.05511992188085463,Low,False
Lithuania,1998,0.754,0.824,0.751,10382.117,9.247840085828587,0.07908866907851042,0.22389314950442873,0.01200000000000001,0.04500000000000004,0.0,0.0020000000000000018,0.0,0.4045082137412402,0.3494917862587598,-0.07050989003962727,Low,False
Lithuania,1999,0.756,0.827,0.762,10336.3955,9.243426489609208,-0.004413596219379201,0.16163554090133658,0.01100000000000001,0.039000000000000035,0.0,0.0040000000000000036,0.0,0.35090620861387434,0.40509379138612567,0.038328079573806295,Low,False
Lithuania,2000,0.759,0.822,0.778,10806.874,9.287937692125361,0.04451120251615315,0.11918627537528437,0.016000000000000014,0.039000000000000035,0.0,0.007000000000000006,0.0,0.42955158766976975,0.32944841233023026,-0.08799545463798752,Low,False
Lithuania,2001,0.757,0.816,0.787,11606.729,9.359340295116386,0.07140260299102508,0.11150020928779902,0.009000000000000008,0.03600000000000003,0.0,0.0050000000000000044,0.0,0.4988987459086888,0.2581012540913112,-0.09139053216744863,Low,False
Lithuania,2002,0.757,0.816,0.799,12490.621,9.432733321659457,0.07339302654307112,0.18930683205024934,0.01200000000000001,0.03700000000000003,0.0,0.0050000000000000044,0.0,0.5775486066907357,0.1794513933092643,-0.22564239807686137,Low,False
Lithuania,2003,0.752,0.814,0.812,13917.508,9.540902894873376,0.10816957321391918,0.25296520274801537,0.013000000000000012,0.03400000000000003,0.0,-0.007000000000000006,0.0,0.6353199676529597,0.11668003234704027,-0.21276837998318998,Low,False
Lithuania,2004,0.759,0.819,0.821,14995.767,9.615523240258435,0.07462034538505868,0.256182945142049,0.008999999999999897,0.03399999999999992,0.0,-0.0020000000000000018,0.0,0.6446529862501107,0.11434701374988931,-0.14375424034142187,Low,False
Lithuania,2005,0.762,0.822,0.828,16417.95,9.70613052746564,0.0906072872072059,0.27339720580618376,0.007000000000000006,0.028999999999999915,0.0,0.0010000000000000009,0.0,0.5346099700642865,0.22739002993571356,0.04793863662644926,Low,False
Lithuania,2006,0.761,0.822,0.834,17916.059,9.79345274046756,0.08732221300191867,0.25254984559418325,0.006000000000000005,0.02199999999999991,0.0,-0.0010000000000000009,0.0,0.5857738462952301,0.1752261537047699,0.05854612135772963,Low,False
Lithuania,2007,0.762,0.822,0.839,20138.473,9.910387344132984,0.11693460366542396,0.29486410387454853,0.0050000000000000044,0.018000000000000016,0.0,-0.0030000000000000027,0.0,0.6707939826706972,0.09120601732930278,-0.023140996420586535,Low,False
Lithuania,2008,0.765,0.824,0.849,20879.803,9.946537607086166,0.03615026295318202,0.24040707962052466,0.010000000000000009,0.02100000000000002,0.0,-0.006000000000000005,0.0,0.7500772047625475,0.014922795237452546,-0.212467234698261,Low,False
Lithuania,2009,0.788,0.846,0.851,17983.35,9.797201608801801,-0.14933599828436428,0.003748868334241706,0.0020000000000000018,0.017000000000000015,1.0,0.017000000000000015,0.0,0.6342735684710566,0.15372643152894339,-0.02149972217582652,High,False
Lithuania,2010,0.794,0.85,0.854,18663.762,9.834339061798271,0.03713745299647009,-0.07604828233471217,0.0030000000000000027,0.015000000000000013,0.0,0.02300000000000002,0.0,0.7262609688651376,0.06773903113486246,-0.02346698619444032,High,False
Lithuania,2011,0.791,0.847,0.86,20243.0,9.915564333761576,0.08122527196330509,-0.0309732733245891,0.006000000000000005,0.01100000000000001,0.0,0.020000000000000018,0.0,0.6744249905075563,0.1165750094924437,0.10165221425499116,High,False
Lithuania,2012,0.783,0.839,0.862,21305.004,9.96669725368335,0.05113291992177338,0.16949564488154856,0.0020000000000000018,0.01100000000000001,0.0,0.030000000000000027,0.0,0.712927173507017,0.07007282649298308,-0.08365360503596031,Mid,False
Lithuania,2013,0.771,0.826,0.865,22285.684,10.011699778201079,0.045002524517729015,0.17736071640280748,0.0030000000000000027,0.01100000000000001,0.0,0.018000000000000016,0.0,0.7123313075595648,0.058668692440435266,-0.009070338694427194,Mid,False
Lithuania,2014,0.773,0.829,0.866,23273.172,10.055056559855748,0.04335678165466916,0.13949222609417156,0.0010000000000000009,0.006000000000000005,0.0,0.020000000000000018,0.0,0.7093769485527448,0.06362305144725522,-0.052951958045188485,Mid,False
Lithuania,2015,0.78,0.836,0.869,23968.848,10.084510266198414,0.029453706342666308,0.11781301251506449,0.0030000000000000027,0.007000000000000006,0.0,0.03500000000000003,0.0,0.7158850905580573,0.06411490944194276,-0.005957917051040318,Mid,False
Lithuania,2016,0.772,0.825,0.875,24886.84,10.122094428683791,0.03758416248537699,0.11039465048271246,0.006000000000000005,0.010000000000000009,0.0,0.040000000000000036,0.0,0.7179641341738904,0.05403586582610964,-0.004632826614325625,Mid,False
Lithuania,2017,0.753,0.808,0.885,26318.023,10.178009268636295,0.05591483995250357,0.12295270878054687,0.010000000000000009,0.019000000000000017,0.0,0.02100000000000002,0.0,0.7910661873014146,-0.038066187301414645,-0.10168923874866986,Mid,False
Luxembourg,1996,0.784,0.867,0.832,40687.902,10.613686079086449,-0.003696079941018837,0.012573984350201073,0.008000000000000007,0.019999999999999907,0.0,0.0,0.0,0.42631231073976755,0.3576876892602325,-0.08008976770382781,Mid,False
Luxembourg,1997,0.784,0.867,0.837,42311.344,10.65281050874966,0.03912442966321095,0.0317097741034118,0.0050000000000000044,0.017000000000000015,0.0,0.0,0.0,0.468957729359749,0.31504227064025103,-0.13561853872818597,Mid,False
Luxembourg,1998,0.784,0.867,0.845,44142.56,10.695179675410328,0.042369166660668256,0.07779751638286037,0.008000000000000007,0.02100000000000002,0.0,-0.0010000000000000009,0.0,0.4854520259892433,0.2985479740107567,-0.15111283535768028,Mid,False
Luxembourg,1999,0.785,0.868,0.858,47061.11,10.759202248913514,0.06402257350318585,0.14551616982706506,0.013000000000000012,0.026000000000000023,0.0,-0.0020000000000000018,0.0,0.34685992163958923,0.4381400783604108,0.08045238910017832,Low,False
Luxembourg,2000,0.787,0.869,0.861,50063.824,10.821053950402325,0.06185170148881092,0.16824344165266503,0.0030000000000000027,0.02400000000000002,0.0,0.0,0.0,0.15032463828644663,0.6366753617135534,0.3216330910733024,Low,False
Luxembourg,2001,0.787,0.869,0.863,50527.664,10.830276267254918,0.009222316852593337,0.1350965918445901,0.0020000000000000018,0.018000000000000016,0.0,0.0,0.0,0.1964969803370324,0.5905030196629677,0.291955045652211,Mid,False
Luxembourg,2002,0.787,0.869,0.868,51709.734,10.853401321304323,0.023125054049405236,0.09419907239080949,0.0050000000000000044,0.010000000000000009,0.0,0.0,0.0,0.3617874128087214,0.42521258719127863,-0.012927491169132166,Mid,False
Luxembourg,2003,0.787,0.869,0.87,51717.03,10.85354240664297,0.00014108533864742867,0.032488456240646,0.0020000000000000018,0.009000000000000008,0.0,0.0,0.0,0.37192890692403474,0.4150710930759653,-0.22160426863758814,High,True
Luxembourg,2004,0.787,0.869,0.878,52624.164,10.87093068487275,0.017388278229779175,0.04065441761783184,0.008000000000000007,0.015000000000000013,0.0,0.0,0.0,0.2607650417831911,0.5262349582168089,-0.06426806144615882,Mid,False
Luxembourg,2005,0.787,0.87,0.879,53262.094,10.882980175155318,0.012049490282567632,0.029578853850994236,0.0010000000000000009,0.01100000000000001,0.0,0.0,0.0,0.4238090102829969,0.36319098971700314,-0.06202159747427549,High,True
Luxembourg,2006,0.787,0.87,0.88,54920.81,10.913647608498565,0.03066743334324684,0.06010520185559365,0.0010000000000000009,0.010000000000000009,0.0,0.0,0.0,0.42864901325609917,0.35835098674390087,-0.056720106332064424,High,True
Luxembourg,2007,0.787,0.87,0.883,58369.703,10.974552249954636,0.06090464145607122,0.10362156508188569,0.0030000000000000027,0.0050000000000000044,0.0,0.0,0.0,0.3401088785270711,0.4468911214729289,-0.07934383674387996,Mid,False
Luxembourg,2008,0.787,0.87,0.896,56383.19,10.939926343415138,-0.03462590653949782,0.05694616825982024,0.013000000000000012,0.017000000000000015,1.0,-0.0030000000000000027,0.0,0.3061039806709146,0.48089601932908543,0.11770502961208229,Mid,False
Luxembourg,2009,0.79,0.871,0.905,52731.39,10.87296619288256,-0.06696015053257831,-0.04068141561600491,0.009000000000000008,0.025000000000000022,1.0,-0.0020000000000000018,0.0,0.16458889851390943,0.6254111014860906,0.2670601147421897,Mid,False
Luxembourg,2010,0.792,0.872,0.909,54086.336,10.89833686361749,0.025370670734931267,-0.07621538633714486,0.0040000000000000036,0.026000000000000023,0.0,0.0,0.0,0.3020088803666756,0.4899911196333244,0.0430999981603955,Mid,False
Luxembourg,2011,0.792,0.872,0.911,54031.0,10.897313234903,-0.0010236287144902434,-0.04261310851213729,0.0020000000000000018,0.015000000000000013,0.0,0.0,0.0,0.5827672141141773,0.20923278588582273,-0.2716632334432627,High,True
Luxembourg,2012,0.792,0.872,0.914,53675.46,10.89071119280807,-0.006602042094931093,0.01774499992550993,0.0030000000000000027,0.009000000000000008,0.0,0.0,0.0,0.750461127050569,0.04153887294943104,-0.5838722285366595,High,True
Luxembourg,2013,0.792,0.873,0.919,53973.395,10.896246518952001,0.005535326143931485,-0.0020903446654898516,0.0050000000000000044,0.010000000000000009,0.0,-0.0010000000000000009,0.0,0.7544524915990888,0.037547508400911256,-0.45244361123241317,High,True
Luxembourg,2014,0.793,0.874,0.924,54100.086,10.898591054482107,0.002344535530106384,0.001277819579106776,0.0050000000000000044,0.013000000000000012,0.0,0.0050000000000000044,0.0,0.6615427446059448,0.13145725539405528,-0.07777553049176744,High,True
Luxembourg,2015,0.793,0.874,0.913,54251.45,10.901384999156116,0.0027939446740088414,0.01067380634804671,-0.01100000000000001,-0.0010000000000000009,0.0,0.007000000000000006,0.0,0.6677559977195118,0.12524400228048826,0.08370512933105723,High,False
Luxembourg,2016,0.793,0.874,0.916,55516.098,10.924428311731035,0.023043312574918318,0.028181792779033543,0.0030000000000000027,-0.0030000000000000027,0.0,0.008000000000000007,0.0,0.7371856303972272,0.05581436960277286,0.018266861201861606,High,False
Luxembourg,2017,0.793,0.874,0.913,55037.188,10.915764381185802,-0.00866393054523229,0.01717332670369487,-0.0030000000000000027,-0.01100000000000001,0.0,0.008000000000000007,0.0,0.7152372756585537,0.07776272434144638,-0.05369453105260891,High,True
Madagascar,2005,0.269,0.495,0.47,1276.4868,7.151866895852514,0.02908330521960867,0.13901160514075261,0.004999999999999949,0.021999999999999964,0.0,0.19,1.0,0.24969725038950627,0.019302749610493747,0.029875096599029843,Low,False
Madagascar,2006,0.267,0.487,0.474,1322.4795,7.187263662667134,0.03539676681462023,0.0984850024898094,0.0040000000000000036,0.01599999999999996,0.0,0.188,1.0,0.2908998899450192,-0.02389988994501918,-0.03576572438581255,Mid,False
Madagascar,2007,0.274,0.495,0.482,1384.185,7.232866797764738,0.04560313509760405,0.11008320713183295,0.008000000000000007,0.01699999999999996,0.0,0.195,1.0,0.25191386821037964,0.022086131789620378,0.043123792737559896,Mid,False
Madagascar,2008,0.277,0.504,0.49,1458.7854,7.285359450658503,0.05249265289376481,0.1334925548059891,0.008000000000000007,0.020000000000000018,0.0,0.198,1.0,0.23520072852045237,0.04179927147954765,0.022496521869053904,Low,False
Madagascar,2009,0.101,0.272,0.493,1367.6863,7.2208757590207835,-0.06448369163771961,0.03361209635364926,0.0030000000000000027,0.019000000000000017,1.0,0.022000000000000006,0.0,0.2598177034134112,-0.1588177034134112,-0.13491781346839202,Mid,False
Madagascar,2010,0.079,0.221,0.493,1349.6199,7.207578276232713,-0.013297482788070525,-0.02528852153202532,0.0,0.01100000000000001,0.0,-0.021000000000000005,0.0,0.28777949256955165,-0.20877949256955164,-0.23086562435917202,High,True
Madagascar,2011,0.101,0.221,0.494,1347.0,7.205635176410364,-0.0019430998223493035,-0.07972427424813944,0.0010000000000000009,0.0040000000000000036,0.0,0.0010000000000000009,0.0,0.26055024161798285,-0.15955024161798284,-0.2013495130975305,High,True
Madagascar,2012,0.1,0.222,0.496,1350.6381,7.20833242642744,0.002697250017076769,-0.01254333259334306,0.0020000000000000018,0.0030000000000000027,0.0,-0.024999999999999994,0.0,0.28631855269347517,-0.18631855269347516,-0.027500849280063966,High,False
Madagascar,2013,0.125,0.246,0.497,1345.351,7.204410224532845,-0.003922201894595467,-0.003168051699868002,0.0010000000000000009,0.0040000000000000036,0.0,-0.10700000000000001,0.0,0.2851376557878353,-0.1601376557878353,0.04864183678171635,High,False
Madagascar,2014,0.232,0.463,0.5,1354.1407,7.210922362401417,0.00651213786857241,0.005287185991053711,0.0030000000000000027,0.006000000000000005,0.0,-0.015999999999999986,0.0,0.27647319363453415,-0.04447319363453414,0.1150770479834487,High,False
Madagascar,2015,0.258,0.476,0.501,1360.7545,7.215794604308657,0.004872241907239783,0.007462177881216725,0.0010000000000000009,0.0050000000000000044,0.0,0.01200000000000001,0.0,0.27647319363453415,-0.018473193634534146,0.16784535905894102,High,False
Madagascar,2016,0.258,0.48,0.501,1379.3699,7.229382079677478,0.01358747536882099,0.02497185514463318,0.0,0.0040000000000000036,0.0,0.02100000000000002,0.0,0.2756158853279382,-0.017615885327938174,0.1425217704598971,High,False
Madagascar,2017,0.26,0.478,0.505,1398.0183,7.242811012836836,0.013428933159358003,0.031888650435418775,0.0040000000000000036,0.0050000000000000044,0.0,0.02300000000000002,0.0,0.27907105178729397,-0.019071051787293958,0.025402141847240184,High,False
Malawi,1996,0.439,0.567,0.375,972.82135,6.880200457928309,0.07019142354837804,0.11658902786625536,0.0050000000000000044,0.05099999999999999,0.0,0.06,0.0,0.15185282690444984,0.28714717309555016,0.39703591115165493,Low,False
Malawi,1997,0.439,0.567,0.379,1005.8521,6.913590321958851,0.033389864030541894,0.23959721027186287,0.0040000000000000036,0.05399999999999999,0.0,0.06,0.0,0.14820531115917818,0.2907946888408218,0.1641080376938498,Low,False
Malawi,1998,0.439,0.567,0.384,986.0287,6.8936854616840915,-0.01990486027475935,0.08367642730416058,0.0050000000000000044,0.014000000000000012,0.0,0.06,0.0,0.2676442635495171,0.1713557364504829,-0.12400912210866794,Mid,False
Malawi,1999,0.401,0.512,0.392,989.83594,6.897539212224311,0.003853750540219636,0.01733875429600218,0.008000000000000007,0.017000000000000015,0.0,0.02400000000000002,0.0,0.30207232581462895,0.09892767418537107,-0.18821949891017908,Mid,False
Malawi,2000,0.379,0.478,0.394,967.0872,6.874288667189149,-0.023250545035161885,-0.0393016547697016,0.0020000000000000018,0.015000000000000013,1.0,0.01200000000000001,0.0,0.22060353371882102,0.15839646628117898,-0.13239822255964284,High,True
Malawi,2001,0.386,0.478,0.4,899.2305,6.801539397603335,-0.07274926958581407,-0.09214606408075632,0.006000000000000005,0.016000000000000014,1.0,0.02200000000000002,0.0,0.24438153186552683,0.14161846813447318,-0.02973726831600973,High,False
Malawi,2002,0.387,0.478,0.407,886.1978,6.786940176252716,-0.014599221350619196,-0.11059903597159515,0.006999999999999951,0.014999999999999958,0.0,0.02300000000000002,0.0,0.2756555153537199,0.1113444846462801,0.012416810460909034,High,False
Malawi,2003,0.387,0.478,0.414,905.7955,6.80881356312567,0.02187338687295437,-0.0654751040634789,0.007000000000000006,0.019999999999999962,0.0,0.02300000000000002,0.0,0.29039902605731466,0.09660097394268535,-0.06179549233849363,High,True
Malawi,2004,0.377,0.459,0.421,922.7613,6.827370587838919,0.018557024713248715,0.02583119023558389,0.007000000000000006,0.020999999999999963,0.0,0.013000000000000012,0.0,0.31045678545785554,0.06654321454214446,-0.07507525359232872,Mid,False
Malawi,2005,0.367,0.443,0.427,920.0499,6.824427907702632,-0.002942680136286846,0.03748773144991624,0.006000000000000005,0.020000000000000018,0.0,0.0030000000000000027,0.0,0.2853982599920359,0.08160174000796411,-0.029742744638316,Mid,False
Malawi,2006,0.364,0.439,0.436,929.4762,6.834621201669614,0.010193293966981543,0.025807638543943412,0.009000000000000008,0.02200000000000002,0.0,-0.0010000000000000009,0.0,0.3044863377263015,0.059513662273698476,-0.03708731166898688,Mid,False
Malawi,2007,0.365,0.442,0.444,982.39166,6.889990067943162,0.055368866273548534,0.06261948010424323,0.008000000000000007,0.02300000000000002,0.0,-0.0020000000000000018,0.0,0.2929326155571277,0.0720673844428723,0.005524169900727849,Mid,False
Malawi,2008,0.367,0.443,0.455,1017.8208,6.925419150180932,0.03542908223777008,0.10099124247830016,0.01100000000000001,0.028000000000000025,0.0,-0.03300000000000003,0.0,0.27772542650216636,0.08927457349783363,0.007672833489869524,Low,False
Malawi,2009,0.4,0.5,0.465,1061.9495,6.9678616488821845,0.04244249870125216,0.13324044721257078,0.010000000000000009,0.029000000000000026,0.0,-0.006000000000000005,0.0,0.24060266192550533,0.1593973380744947,0.09988367580079621,Low,False
Malawi,2010,0.406,0.514,0.475,1091.5876,6.99538842929733,0.02752678041514578,0.10539836135416802,0.009999999999999953,0.030999999999999972,0.0,-0.003999999999999948,0.0,0.2422411579612896,0.16375884203871044,0.09169145759583813,Low,False
Malawi,2011,0.41,0.521,0.483,1102.0,7.004881989712859,0.009493560415529068,0.07946283953192701,0.008000000000000007,0.02799999999999997,0.0,-0.014000000000000012,0.0,0.29346153807742037,0.1165384619225796,0.027263888424745975,Low,False
Malawi,2012,0.424,0.536,0.488,1089.3064,6.993296442403922,-0.011585547308937016,0.02543479352173783,0.0050000000000000044,0.022999999999999965,0.0,-0.013000000000000012,0.0,0.2998791419631201,0.12412085803687989,-0.0352764800376148,Mid,False
Malawi,2013,0.439,0.56,0.494,1112.7039,7.01454827814538,0.021251835741457725,0.019159848848049776,0.006000000000000005,0.019000000000000017,0.0,0.0020000000000000018,0.0,0.3018557363379645,0.13714426366203553,-0.026614578376674913,Mid,False
Malawi,2014,0.437,0.547,0.5,1142.9807,7.041394778262925,0.026846500117544636,0.036512788550065345,0.006000000000000005,0.017000000000000015,0.0,0.02400000000000002,0.0,0.2683346354617511,0.16866536453824887,0.05212690261566927,Mid,False
Malawi,2015,0.444,0.54,0.504,1144.3241,7.042569436012491,0.0011746577495665989,0.04927299360856896,0.0040000000000000036,0.016000000000000014,0.0,0.031000000000000028,0.0,0.30029122415695525,0.14370877584304476,0.019587917806164867,Mid,False
Malawi,2016,0.442,0.538,0.506,1138.7363,7.037674417766342,-0.004895018246148908,0.023126139620962327,0.0020000000000000018,0.01200000000000001,0.0,0.029000000000000026,0.0,0.29247676304320414,0.14952323695679587,0.012378973294760343,High,False
Malawi,2017,0.457,0.546,0.508,1153.043,7.050159813589266,0.012485395822923628,0.00876503532634132,0.0020000000000000018,0.008000000000000007,0.0,0.04400000000000004,0.0,0.26788760986978527,0.18911239013021475,0.020447025591965873,High,False
Malaysia,1996,0.161,0.257,0.701,12668.668,9.446887137559727,0.07740061250698105,0.22344003526581702,0.010000000000000009,0.02399999999999991,0.0,0.0,0.0,0.402641760363202,-0.24164176036320198,-0.10022755723330512,Low,False
Malaysia,1997,0.161,0.257,0.713,13344.57,9.49886483951357,0.051977701953843436,0.20535532916860966,0.01200000000000001,0.028999999999999915,0.0,0.0,0.0,0.4147208569118951,-0.25372085691189505,-0.09985730595870132,Low,False
Malaysia,1998,0.161,0.257,0.718,12129.636,9.403406993243816,-0.0954578462697544,0.033920468191070086,0.0050000000000000044,0.027000000000000024,1.0,-0.0010000000000000009,0.0,0.45541675962492434,-0.2944167596249243,-0.10242575912662857,Mid,False
Malaysia,1999,0.162,0.266,0.723,12636.607,9.444353198121812,0.040946204877995385,-0.0025339394379155777,0.0050000000000000044,0.02200000000000002,0.0,-0.0030000000000000027,0.0,0.48922746635943865,-0.32722746635943867,-0.08558570599623669,Mid,False
Malaysia,2000,0.165,0.277,0.733,13474.701,9.50856920629168,0.06421600816986839,0.009704366778109375,0.010000000000000009,0.020000000000000018,0.0,-0.0010000000000000009,0.0,0.5130342290906222,-0.3480342290906222,-0.09431337217872715,Mid,False
Malaysia,2001,0.166,0.281,0.731,13307.215,9.496061648323119,-0.0125075579685614,0.09265465507930237,-0.0020000000000000018,0.013000000000000012,0.0,-0.0050000000000000044,0.0,0.43094402539479265,-0.26494402539479267,0.029472734230131636,Mid,False
Malaysia,2002,0.171,0.281,0.732,13809.872,9.533138977714476,0.037077329391356884,0.08878577959266387,0.0010000000000000009,0.009000000000000008,0.0,-0.001999999999999974,0.0,0.467928326995707,-0.29692832699570704,0.03029913936373163,Mid,False
Malaysia,2003,0.173,0.286,0.737,14362.155,9.572351900980777,0.03921292326630166,0.06378269468909714,0.0050000000000000044,0.0040000000000000036,0.0,-0.034,0.0,0.48164668024494267,-0.3086466802449427,0.03938754884567952,High,False
Malaysia,2004,0.207,0.309,0.739,15087.251,9.621605361541347,0.04925346056056945,0.125543713218228,0.0020000000000000018,0.008000000000000007,0.0,-0.0020000000000000018,0.0,0.4216212113422151,-0.2146212113422151,0.050322814052577575,Mid,False
Malaysia,2005,0.209,0.311,0.736,15651.118,9.65829763111643,0.03669226957508265,0.12515865340195376,-0.0030000000000000027,0.0040000000000000036,0.0,-0.0010000000000000009,0.0,0.3276505673670279,-0.11865056736702792,0.17827775962867912,Mid,False
Malaysia,2006,0.21,0.312,0.742,16353.924,9.702223147530006,0.04392551641357656,0.12987124654922866,0.006000000000000005,0.0050000000000000044,0.0,0.0,0.0,0.23385878839440474,-0.02385878839440475,0.28478789185053793,Mid,False
Malaysia,2007,0.21,0.314,0.754,17209.584,9.753221716920411,0.050998569390404924,0.13161635537906413,0.01200000000000001,0.015000000000000013,0.0,-0.006000000000000005,0.0,0.29252070669385927,-0.08252070669385927,0.13210050464835582,Mid,False
Malaysia,2008,0.216,0.328,0.765,17865.64,9.790634594053174,0.037412877132762645,0.13233696293674413,0.01100000000000001,0.029000000000000026,0.0,0.010000000000000009,0.0,0.4614687306067513,-0.2454687306067513,-0.1268181632397234,Low,False
Malaysia,2009,0.218,0.331,0.773,17430.445,9.765973668882369,-0.02466092517080476,0.06375052135236281,0.008000000000000007,0.031000000000000028,1.0,0.01200000000000001,0.0,0.35169270738367764,-0.13369270738367764,-0.10983391898927289,Mid,False
Malaysia,2010,0.216,0.329,0.779,18574.299,9.829534129977464,0.06356046109509528,0.07631241305705316,0.006000000000000005,0.025000000000000022,0.0,0.01200000000000001,0.0,0.48878272798973726,-0.27278272798973724,-0.19026202129587796,Mid,False
Malaysia,2011,0.216,0.327,0.782,19390.0,9.872512748236698,0.04297861825923377,0.08187815418352429,0.0030000000000000027,0.017000000000000015,0.0,0.013999999999999985,0.0,0.49502882409442905,-0.2790288240944291,-0.03356009348767777,Mid,False
Malaysia,2012,0.218,0.327,0.787,20162.178,9.911563752064152,0.03905100382745452,0.14559008318178357,0.0050000000000000044,0.014000000000000012,0.0,0.015999999999999986,0.0,0.4751375897343029,-0.2571375897343029,-0.12344488235062526,Mid,False
Malaysia,2013,0.206,0.321,0.791,20819.164,9.943629187664412,0.03206543560025921,0.1140950576869475,0.0040000000000000036,0.01200000000000001,0.0,0.003999999999999976,0.0,0.45186414666921526,-0.24586414666921527,0.026918581320521967,Mid,False
Malaysia,2014,0.208,0.323,0.795,21769.006,9.988242494022195,0.0446133063577836,0.11572974578549733,0.0040000000000000036,0.013000000000000012,0.0,0.005999999999999978,0.0,0.4112924633274715,-0.2032924633274715,0.07573636076695758,Mid,False
Malaysia,2015,0.204,0.325,0.8,22550.342,10.023505511112935,0.03526301709073998,0.11194175904878279,0.0050000000000000044,0.013000000000000012,0.0,0.001999999999999974,0.0,0.45148932961617566,-0.24748932961617567,0.009648260118127222,Mid,False
Malaysia,2016,0.202,0.328,0.805,23251.902,10.05414221412115,0.03063670300821464,0.11051302645673822,0.0050000000000000044,0.014000000000000012,0.0,-0.003999999999999976,0.0,0.5013193401322426,-0.29931934013224254,-0.05345519346302727,Mid,False
Malaysia,2017,0.206,0.333,0.807,24301.559,10.098295783649307,0.04415356952815763,0.11005328962711225,0.0020000000000000018,0.01200000000000001,0.0,-0.094,0.0,0.4633607192975433,-0.25736071929754334,-0.05406825597007184,Mid,False
Mali,1996,0.422,0.594,0.282,1130.5096,7.030423783499749,0.027137167352197622,0.0137242381723377,0.008999999999999952,0.022999999999999965,0.0,0.055999999999999994,0.0,0.3292505727888429,0.09274942721115709,-0.026879619280183176,Mid,False
Mali,1997,0.392,0.55,0.293,1160.9517,7.056995378765318,0.02657159526556896,0.04327290819042062,0.01100000000000001,0.02699999999999997,0.0,0.026000000000000023,0.0,0.2957747326282577,0.0962252673717423,-0.011530041418168047,Mid,False
Mali,1998,0.366,0.519,0.303,1167.4326,7.062562257683881,0.005566878918562779,0.05927564153632936,0.010000000000000009,0.02999999999999997,0.0,0.0,0.0,0.31571333645385086,0.050286663546149135,-0.051042935585606075,Mid,False
Mali,1999,0.366,0.519,0.314,1192.3168,7.083653584126304,0.02109132644242262,0.05322980062655436,0.01100000000000001,0.03200000000000003,0.0,-0.0040000000000000036,0.0,0.24333915949891047,0.12266084050108952,0.029911413289932437,Mid,False
Mali,2000,0.37,0.519,0.32,1153.0461,7.050162502123721,-0.033491082002583106,-0.006832876641597707,0.006000000000000005,0.027000000000000024,1.0,0.0,0.0,0.21292274477904927,0.15707725522095073,0.06085198784920842,Mid,False
Mali,2001,0.37,0.519,0.332,1309.2559,7.1772142395462355,0.12705173742251485,0.11465198186235437,0.01200000000000001,0.029000000000000026,0.0,-0.03300000000000003,0.0,0.2585830320246158,0.1114169679753842,0.06113030442923506,Low,False
Mali,2002,0.403,0.601,0.34,1321.3389,7.1864008196891405,0.009186580142904965,0.10274723556283671,0.008000000000000007,0.026000000000000023,0.0,-0.009999999999999953,0.0,0.21425924125691864,0.18874075874308138,0.06607991824199186,Low,False
Mali,2003,0.416,0.624,0.352,1391.2634,7.237967534169607,0.051566714480466125,0.18780503204588594,0.011999999999999955,0.03199999999999997,0.0,0.009999999999999953,0.0,0.17581348465429367,0.24018651534570631,0.08310926012475559,Low,False
Mali,2004,0.416,0.624,0.359,1366.983,7.2203614006554,-0.01760613351420659,0.0431471611091645,0.007000000000000006,0.02699999999999997,0.0,0.009999999999999953,0.0,0.22109056095750318,0.1949094390424968,0.0834924710671126,Mid,False
Mali,2005,0.416,0.624,0.368,1414.7927,7.254738297578122,0.034376896922721834,0.06833747788898137,0.009000000000000008,0.02799999999999997,0.0,0.010999999999999954,0.0,0.24753322893140015,0.16846677106859984,-0.020273987674481547,Mid,False
Mali,2006,0.418,0.625,0.377,1438.2079,7.27115310363064,0.016414806052518216,0.03318556946103346,0.009000000000000008,0.025000000000000022,0.0,0.012999999999999956,0.0,0.22553975216368918,0.1924602478363108,-0.047726267509395515,Mid,False
Mali,2007,0.413,0.618,0.386,1441.2059,7.273235472676272,0.002082369045631971,0.05287407202087202,0.009000000000000008,0.027000000000000024,0.0,0.17999999999999997,1.0,0.24984566619149204,0.16315433380850794,-0.03175510523398886,Mid,False
Mali,2008,0.406,0.608,0.395,1460.496,7.286531383035959,0.01329591035968658,0.03179308545783677,0.009000000000000008,0.027000000000000024,0.0,0.21200000000000002,1.0,0.24984566619149204,0.156154333808508,-0.012312437260091846,Mid,False
Mali,2009,0.406,0.61,0.403,1477.4183,7.298051451643076,0.011520068607117295,0.026898348012435846,0.008000000000000007,0.026000000000000023,0.0,0.21200000000000002,1.0,0.2583792585932526,0.1476207414067474,-0.044839506429563386,Mid,False
Mali,2010,0.405,0.608,0.41,1504.9956,7.316545253590663,0.018493801947586874,0.04330978091439075,0.006999999999999951,0.023999999999999966,0.0,0.21100000000000002,1.0,0.23477244154964202,0.170227558450358,0.007073224641850062,Mid,False
Mali,2011,0.407,0.611,0.415,1500.0,7.313220387090301,-0.0033248665003613453,0.026689004054342824,0.0050000000000000044,0.019999999999999962,0.0,0.21299999999999997,1.0,0.24944488433308418,0.1575551156669158,0.0014007818584078069,Mid,False
Mali,2012,0.233,0.355,0.411,1449.1959,7.2787641298698045,-0.034456257220496944,-0.019287321773271415,-0.0040000000000000036,0.007999999999999952,1.0,0.03900000000000001,0.0,0.16963380404755163,0.06336619595244838,-0.08425454545429903,High,True
Mali,2013,0.194,0.328,0.409,1444.1879,7.2753024356410325,-0.003461694228771961,-0.04124281794963025,-0.0020000000000000018,-0.0010000000000000009,0.0,-0.11299999999999999,0.0,0.18979345955816973,0.004206540441830275,-0.16602101800852773,High,True
Mali,2014,0.327,0.54,0.414,1505.6677,7.316991733282474,0.041689297641441136,0.0037713461921722313,0.0050000000000000044,-0.0010000000000000009,0.0,0.020000000000000018,0.0,0.2200227241131013,0.1069772758868987,-0.05057783978001709,High,False
Mali,2015,0.349,0.543,0.413,1555.8046,7.349748118446539,0.032756385164065094,0.07098398857673427,-0.0010000000000000009,0.0020000000000000018,0.0,0.09499999999999997,0.0,0.20185548827107758,0.1471445117289224,0.08377831577647402,High,False
Mali,2016,0.349,0.543,0.411,1602.7819,7.379496085960517,0.02974796751397868,0.10419365031948491,-0.0020000000000000018,0.0020000000000000018,0.0,0.19399999999999998,1.0,0.17115476019072967,0.1778452398092703,0.17363869936744003,High,False
Mali,2017,0.328,0.54,0.416,1642.5182,7.403985830967086,0.02448974500656842,0.08699409768461219,0.0050000000000000044,0.0020000000000000018,0.0,0.18100000000000002,1.0,0.21171924662148525,0.11628075337851476,0.009303477491616058,High,False
Malta,1996,0.596,0.786,0.763,16932.047,9.73696337744608,0.03088011643816202,0.13186036499887166,0.0,0.009000000000000008,0.0,-0.0010000000000000009,0.0,0.22171663552842735,0.3742833644715726,0.29913201805821155,Mid,False
Malta,1997,0.599,0.788,0.772,17694.79,9.781025524949888,0.04406214750380677,0.12991339191827578,0.009000000000000008,0.014000000000000012,0.0,0.0020000000000000018,0.0,0.25463132004590644,0.34436867995409354,0.25525047956333785,Mid,False
Malta,1998,0.598,0.787,0.781,18488.666,9.824913174671899,0.04388764972201109,0.11882991366397988,0.009000000000000008,0.018000000000000016,0.0,0.0010000000000000009,0.0,0.3551789935091186,0.2428210064908814,-0.03431220094419418,Mid,False
Malta,1999,0.597,0.786,0.784,19254.365,9.865493067258052,0.040579892586153576,0.12852968981197144,0.0030000000000000027,0.02100000000000002,0.0,0.0,0.0,0.3585654766195666,0.23843452338043336,-0.13584884109113926,Low,False
Malta,2000,0.597,0.786,0.79,20434.549,9.924982325776853,0.05948925851880027,0.14395680082696494,0.006000000000000005,0.018000000000000016,0.0,0.0,0.0,0.464428363975358,0.13257163602464195,-0.2117970439294516,Mid,False
Malta,2001,0.597,0.786,0.801,20413.05,9.923929681190073,-0.001052644586780005,0.09901650651817384,0.01100000000000001,0.020000000000000018,0.0,0.0,0.0,0.5744964139706528,0.02250358602934721,-0.22031742046153419,Mid,False
Malta,2002,0.597,0.786,0.806,20873.984,9.946258877875918,0.02232919668584543,0.0807658106178657,0.0050000000000000044,0.02200000000000002,0.0,0.0010000000000000009,0.0,0.606164357769666,-0.009164357769666065,-0.24759888115009943,Mid,False
Malta,2003,0.599,0.788,0.818,21273.135,9.965200288024457,0.018941410148539006,0.04021796224760443,0.0119999999999999,0.027999999999999914,0.0,0.0030000000000000027,0.0,0.6019659820842865,-0.002965982084286556,-0.1355376181089285,Mid,False
Malta,2004,0.599,0.789,0.832,21233.002,9.963311948374791,-0.0018883396496658378,0.0393822671847186,0.014000000000000012,0.030999999999999917,0.0,0.0030000000000000027,0.0,0.5845841843433017,0.01441581565669825,-0.008087770372648961,Mid,False
Malta,2005,0.599,0.789,0.84,21905.215,9.994480015310536,0.03116806693574503,0.0482211374346182,0.008000000000000007,0.03399999999999992,0.0,0.0030000000000000027,0.0,0.7007946966150932,-0.10179469661509322,-0.09263033884542715,Mid,False
Malta,2006,0.599,0.789,0.838,22233.717,10.00936519945853,0.014885184147994224,0.04416491143407342,-0.0020000000000000018,0.020000000000000018,0.0,0.0030000000000000027,0.0,0.6848343559690067,-0.08583435596900668,-0.08286837388472013,Mid,False
Malta,2007,0.596,0.784,0.845,23048.264,10.04534573105489,0.035980531596360166,0.08203378268009942,0.007000000000000006,0.013000000000000012,0.0,-0.014000000000000012,0.0,0.6596761805685973,-0.06367618056859736,-0.07809199622529561,Mid,False
Malta,2008,0.61,0.803,0.848,23674.594,10.072157769016,0.026812037961109425,0.07767775370546381,0.0030000000000000027,0.008000000000000007,0.0,0.013000000000000012,0.0,0.6126702247727481,-0.002670224772748142,0.09912447184234507,High,False
Malta,2009,0.624,0.815,0.854,22927.654,10.040099059235315,-0.032058709780685035,0.030733859776784556,0.006000000000000005,0.016000000000000014,1.0,0.03700000000000003,0.0,0.7606992770232877,-0.13669927702328766,-0.050864921054280976,Mid,False
Malta,2010,0.623,0.815,0.867,23632.625,10.07038345161169,0.030284392376374925,0.025037720556799314,0.013000000000000012,0.02200000000000002,0.0,0.039000000000000035,0.0,0.8023274048921128,-0.17932740489211285,-0.11565122432351549,Mid,False
Malta,2011,0.623,0.815,0.862,23871.0,10.080419612045645,0.010036160433955388,0.008261843029645277,-0.0050000000000000044,0.014000000000000012,0.0,0.051000000000000045,0.0,0.7447554323487013,-0.12175543234870134,-0.1190852075759532,High,True
Malta,2012,0.624,0.817,0.87,24629.777,10.111711437074408,0.03129182502876304,0.07161237783909336,0.008000000000000007,0.016000000000000014,0.0,0.06599999999999995,0.0,0.7975560331181211,-0.17355603311812107,-0.03685675609483341,Mid,False
Malta,2013,0.597,0.793,0.88,25611.121,10.150781950199683,0.03907051312527443,0.08039849858799286,0.010000000000000009,0.013000000000000012,0.0,0.04499999999999993,0.0,0.7055363147941061,-0.10853631479410608,0.07079109009800677,Mid,False
Malta,2014,0.587,0.778,0.886,27007.89,10.203884324520091,0.05310237432040843,0.1234647124744459,0.006000000000000005,0.02400000000000002,0.0,0.03499999999999992,0.0,0.8074201309779826,-0.22042013097798263,-0.09866469862928129,Low,False
Malta,2015,0.584,0.778,0.892,28906.48,10.271821070419938,0.06793674589984633,0.1601096333455292,0.006000000000000005,0.02200000000000002,0.0,0.03199999999999992,0.0,0.8257591512909533,-0.24175915129095338,-0.06820311817283231,Low,False
Malta,2016,0.572,0.777,0.891,29207.27,10.282172929870578,0.010351859450640433,0.1313909796708952,-0.0010000000000000009,0.01100000000000001,0.0,0.019999999999999907,0.0,0.7633120837582633,-0.19131208375826336,-0.08277576896415728,Mid,False
Malta,2017,0.558,0.761,0.901,31495.494,10.357599766962391,0.07542683709181297,0.15371544244229973,0.010000000000000009,0.015000000000000013,0.0,0.006000000000000005,0.0,0.7396890675395428,-0.18168906753954273,0.038731063438439906,Mid,False
Mauritania,1996,0.135,0.308,0.448,1873.0509,7.535323877728868,0.10509242694995713,0.11551053474729489,0.009000000000000008,0.027000000000000024,0.0,0.0030000000000000027,0.0,0.323912237801537,-0.188912237801537,-0.03972397339982847,Low,False
Mauritania,1997,0.132,0.3,0.45,1799.8252,7.495444828057556,-0.039879049671312394,0.037837211742080434,0.0020000000000000018,0.018000000000000016,1.0,-0.0010000000000000009,0.0,0.24412931577554622,-0.11212931577554622,0.04898411738649247,Mid,False
Mauritania,1998,0.133,0.302,0.46,1841.2075,7.518176885365161,0.022732057307605302,0.08794543458625004,0.010000000000000009,0.02100000000000002,0.0,0.0,0.0,0.2924166499286532,-0.15941664992865318,-0.06629489953468137,Mid,False
Mauritania,1999,0.133,0.302,0.467,1954.2294,7.577751225916572,0.05957434055141064,0.04242734818770355,0.007000000000000006,0.019000000000000017,0.0,-0.0050000000000000044,0.0,0.3459327929740273,-0.21293279297402729,-0.0240205551724903,Mid,False
Mauritania,2000,0.138,0.308,0.468,1934.7421,7.567729314927346,-0.010021910989225447,0.0722844868697905,0.0010000000000000009,0.018000000000000016,0.0,0.018000000000000016,0.0,0.3147398866129235,-0.1767398866129235,-0.06461057083737728,Mid,False
Mauritania,2001,0.14,0.315,0.47,1964.4457,7.5829653979954825,0.015236083068136175,0.06478851263032137,0.0019999999999999463,0.009999999999999953,0.0,0.020000000000000018,0.0,0.309876842041946,-0.16987684204194597,-0.010460192113292799,High,False
Mauritania,2002,0.143,0.318,0.475,1967.4484,7.584492753772297,0.0015273557768145096,0.006741527855725238,0.0050000000000000044,0.007999999999999952,0.0,0.022999999999999993,0.0,0.32170295010178135,-0.17870295010178136,0.034229842872245925,High,False
Mauritania,2003,0.14,0.313,0.482,2076.2332,7.638310569383631,0.053817815611333586,0.07058125445628427,0.007000000000000006,0.013999999999999957,0.0,0.020000000000000018,0.0,0.32877802834477327,-0.18877802834477325,-0.01203814173184975,Mid,False
Mauritania,2004,0.146,0.319,0.494,2185.9502,7.689805887141213,0.05149531775758209,0.10684048914573019,0.01200000000000001,0.02400000000000002,0.0,0.025999999999999995,0.0,0.33196814344015924,-0.18596814344015924,-0.01609130139821327,Low,False
Mauritania,2005,0.12,0.29,0.5,2371.0066,7.771069869697128,0.0812639825559156,0.18657711592483128,0.006000000000000005,0.025000000000000022,0.0,-0.0020000000000000018,0.0,0.2824749375383953,-0.16247493753839531,0.016228012563386046,Low,False
Mauritania,2006,0.122,0.25,0.512,2807.199,7.939942468042097,0.1688725983449686,0.3016318986584663,0.01200000000000001,0.030000000000000027,0.0,-0.07,0.0,0.26205522715923046,-0.14005522715923047,0.048722801185542786,Low,False
Mauritania,2007,0.237,0.45,0.512,2875.0347,7.963820022723832,0.023877554681734914,0.2740141355826191,0.0,0.018000000000000016,0.0,0.044999999999999984,0.0,0.2889849097728179,-0.05198490977281789,0.13398323366734136,Low,False
Mauritania,2008,0.208,0.4,0.512,2895.665,7.97097007001895,0.007150047295118256,0.19990020032182176,0.0,0.01200000000000001,0.0,0.034,0.0,0.308271485432067,-0.10027148543206701,0.0622034521063283,Mid,False
Mauritania,2009,0.192,0.364,0.522,2855.5747,7.957028397804774,-0.01394167221417586,0.01708592976267731,0.010000000000000009,0.010000000000000009,0.0,0.018000000000000016,0.0,0.35739733564863907,-0.16539733564863907,-0.0253421084894086,High,False
Mauritania,2010,0.228,0.468,0.525,2982.7488,8.000600570442527,0.04357217263775315,0.036780547718695544,0.0030000000000000027,0.013000000000000012,0.0,0.05400000000000002,0.0,0.3633957357209005,-0.1353957357209005,-0.0834108259480826,High,True
Mauritania,2011,0.228,0.468,0.53,3104.0,8.04044688130311,0.039846310860582435,0.06947681128415972,0.0050000000000000044,0.018000000000000016,0.0,0.05400000000000002,0.0,0.3092057345927288,-0.08120573459272881,0.019065750839338202,Mid,False
Mauritania,2012,0.23,0.471,0.538,3213.0,8.074960359115858,0.03451347781274805,0.11793196131108363,0.008000000000000007,0.016000000000000014,0.0,0.07300000000000001,0.0,0.31260632087143486,-0.08260632087143485,0.08279101477720421,Mid,False
Mauritania,2013,0.174,0.416,0.544,3319.0,8.107418811719974,0.03245845260411606,0.10681824127744655,0.006000000000000005,0.019000000000000017,0.0,0.016999999999999987,0.0,0.297040670577257,-0.12304067057725704,0.012355065143643457,Mid,False
Mauritania,2014,0.175,0.422,0.547,3459.0,8.148734808937169,0.04131599721719503,0.10828792763405914,0.0030000000000000027,0.017000000000000015,0.0,0.017999999999999988,0.0,0.30001547282694296,-0.12501547282694297,-0.04380973823421416,Mid,False
Mauritania,2015,0.178,0.431,0.551,3424.0,8.138564737261632,-0.010170071675537073,0.06360437814577402,0.0040000000000000036,0.013000000000000012,0.0,0.02099999999999999,0.0,0.2887973757501532,-0.1107973757501532,-0.02819105487871834,Mid,False
Mauritania,2016,0.178,0.431,0.548,3376.7524,8.1246696981832,-0.013895039078432703,0.017250886463225257,-0.0030000000000000027,0.0040000000000000036,0.0,0.02099999999999999,0.0,0.30923171363656304,-0.13123171363656305,-0.008191043059306014,High,False
Mauritania,2017,0.157,0.389,0.551,3495.223,8.159152458068768,0.03448275988556837,0.010417649131598594,0.0030000000000000027,0.0040000000000000036,0.0,-0.014999999999999986,0.0,0.3089669643321074,-0.1519669643321074,-0.026951491505164432,High,False
Mauritius,1996,0.617,0.723,0.653,12841.931,9.460470955344698,0.021567504260788795,0.048920706018320104,0.0030000000000000027,0.01200000000000001,0.0,0.0010000000000000009,0.0,0.4127738155238572,0.20422618447614277,0.0014596895921840658,High,False
Mauritius,1997,0.617,0.723,0.659,13198.295,9.487842933565064,0.027371978220365634,0.0639192844098524,0.006000000000000005,0.014000000000000012,0.0,0.0010000000000000009,0.0,0.4089079458957415,0.20809205410425852,0.0027298005103191247,Mid,False
Mauritius,1998,0.617,0.723,0.667,13607.885,9.51840468312876,0.030561749563695173,0.0795012320448496,0.008000000000000007,0.017000000000000015,0.0,0.0010000000000000009,0.0,0.41422708226618893,0.20277291773381106,9.948087585842647e-05,Mid,False
Mauritius,1999,0.616,0.723,0.675,13572.681,9.515814301479965,-0.0025903816487939935,0.05534334613526681,0.008000000000000007,0.02200000000000002,0.0,-0.025000000000000022,0.0,0.406473474089126,0.209526525910874,0.005300341434731237,Mid,False
Mauritius,2000,0.641,0.73,0.683,14272.301,9.566075944844032,0.0502616433640668,0.07823301127896798,0.008000000000000007,0.02400000000000002,0.0,-0.0010000000000000009,0.0,0.42020039534307185,0.22079960465692816,0.012707550552669644,Mid,False
Mauritius,2001,0.642,0.731,0.697,14347.61,9.57133865679404,0.005262711950008381,0.052933973665281187,0.013999999999999901,0.029999999999999916,0.0,-0.0020000000000000018,0.0,0.43479492759893446,0.20720507240106556,0.004432154667254495,Mid,False
Mauritius,2002,0.648,0.737,0.701,14196.041,9.56071840189972,-0.010620254894320169,0.04490410041975501,0.0040000000000000036,0.025999999999999912,0.0,0.0040000000000000036,0.0,0.42345198296574726,0.22454801703425276,0.01502149112337875,Mid,False
Mauritius,2003,0.648,0.737,0.709,14623.309,9.590372041483471,0.029653639583751,0.024296096639439213,0.008000000000000007,0.025999999999999912,0.0,0.007000000000000006,0.0,0.45377383584777986,0.19422616415222016,-0.026573440504708,Mid,False
Mauritius,2004,0.648,0.737,0.716,14854.613,9.606065735722954,0.015693694239482525,0.03472707892891336,0.007000000000000006,0.019000000000000017,0.0,0.007000000000000006,0.0,0.47276719732547734,0.17523280267452268,-0.03197226972654288,Mid,False
Mauritius,2005,0.644,0.737,0.723,14725.164,9.597313145978989,-0.008752589743965089,0.03659474407926844,0.007000000000000006,0.02200000000000002,0.0,0.0030000000000000027,0.0,0.4303887660791191,0.21361123392088094,-0.010936783113371817,Mid,False
Mauritius,2006,0.645,0.737,0.729,15042.541,9.618637532701563,0.021324386722573863,0.0282654912180913,0.006000000000000005,0.020000000000000018,0.0,0.0040000000000000036,0.0,0.45249878249887143,0.19250121750112859,-0.0017249466510915745,Mid,False
Mauritius,2007,0.645,0.737,0.736,15519.419,9.64984735746947,0.03120982476790779,0.043781621746516564,0.007000000000000006,0.020000000000000018,0.0,0.0040000000000000036,0.0,0.4622929062946771,0.1827070937053229,0.0074742910308002175,Mid,False
Mauritius,2008,0.641,0.737,0.742,15957.96,9.677713043285312,0.0278656858158417,0.08039989730632335,0.006000000000000005,0.019000000000000017,0.0,0.0,0.0,0.3785311642363915,0.2624688357636085,0.04885760184272758,Mid,False
Mauritius,2009,0.641,0.737,0.748,16029.264,9.682171330638107,0.004458287352795409,0.0635337979365449,0.006000000000000005,0.019000000000000017,0.0,0.02400000000000002,0.0,0.4100608023255579,0.2309391976744421,0.03843798017331351,Mid,False
Mauritius,2010,0.655,0.746,0.755,16269.32,9.697036404625463,0.01486507398735526,0.04718904715599237,0.007000000000000006,0.019000000000000017,0.0,0.038000000000000034,0.0,0.3674676639070802,0.28753233609291984,0.10482524238759694,Mid,False
Mauritius,2011,0.656,0.746,0.762,16483.0,9.710084825731355,0.013048421105892771,0.03237178244604344,0.007000000000000006,0.020000000000000018,0.0,0.039000000000000035,0.0,0.40764970016113944,0.2483502998388606,-0.014118535924747933,Mid,False
Mauritius,2012,0.656,0.746,0.778,17021.246,9.74221760743839,0.03213278170703404,0.06004627680028207,0.016000000000000014,0.030000000000000027,0.0,0.039000000000000035,0.0,0.32041185854963267,0.33558814145036736,0.10464894377592526,Mid,False
Mauritius,2013,0.642,0.738,0.781,17555.555,9.773125703027315,0.030908095588925377,0.07608929840185219,0.0030000000000000027,0.026000000000000023,0.0,0.025000000000000022,0.0,0.38756868165942027,0.25443131834057975,-0.03310101775234009,Mid,False
Mauritius,2014,0.617,0.723,0.79,18192.188,9.80874755014976,0.03562184712244587,0.09866272441840529,0.009000000000000008,0.028000000000000025,0.0,0.02200000000000002,0.0,0.439589053391637,0.17741094660836298,-0.0709393532304976,Low,False
Mauritius,2015,0.627,0.737,0.792,18828.0,9.843100402521033,0.03435285237127239,0.10088279508264364,0.0020000000000000018,0.014000000000000012,0.0,0.176,1.0,0.48471781777435013,0.14228218222564987,-0.1933059592247175,Mid,False
Mauritius,2016,0.62,0.731,0.795,19525.314,9.879467056524796,0.03636665400376238,0.10634135349748064,0.0030000000000000027,0.014000000000000012,0.0,0.197,1.0,0.49088309288918897,0.12911690711081103,-0.12531441122976872,Mid,False
Mauritius,2017,0.622,0.732,0.799,20259.887,9.916398200294523,0.036931143769727726,0.1076506501447625,0.0040000000000000036,0.009000000000000008,0.0,0.249,1.0,0.4835432997977457,0.1384567002022543,-0.03895424640610867,Mid,False
Mexico,1996,0.293,0.512,0.687,10386.499,9.248262068695912,0.04344160341196712,0.0027641308269164,0.007000000000000006,0.01200000000000001,0.0,-0.05299999999999999,0.0,0.39115891207360476,-0.09815891207360478,0.05187099405335596,High,False
Mexico,1997,0.346,0.555,0.694,11030.343,9.308405208772205,0.06014314007629373,0.028444748717195267,0.006999999999999895,0.013999999999999901,0.0,-0.03200000000000003,0.0,0.4422021011601751,-0.09620210116017514,0.023358164737288967,High,False
Mexico,1998,0.378,0.6,0.701,11510.877,9.351047693426645,0.04264248465443998,0.14622722814270084,0.007000000000000006,0.020999999999999908,0.0,-0.0030000000000000027,0.0,0.38598496729928533,-0.007984967299285328,-0.005618303778688993,Low,False
Mexico,1999,0.381,0.605,0.706,11894.203,9.383806417549847,0.03275872412320169,0.1355443488539354,0.0050000000000000044,0.018999999999999906,0.0,-0.09999999999999998,0.0,0.4095999622312824,-0.028599962231282416,0.06955894984232236,Mid,False
Mexico,2000,0.481,0.671,0.712,12613.396,9.44251470277289,0.05870828522304272,0.1341094940006844,0.006000000000000005,0.018000000000000016,0.0,-0.0030000000000000027,0.0,0.4068913937252742,0.07410860627472576,0.1703107074349009,Mid,False
Mexico,2001,0.484,0.681,0.715,12565.465,9.438707456853614,-0.00380724591927617,0.08765976342696824,0.0030000000000000027,0.014000000000000012,0.0,0.006000000000000005,0.0,0.46576164660884634,0.01823835339115365,0.026223320690438978,Mid,False
Mexico,2002,0.494,0.693,0.722,12645.504,9.445057015961016,0.006349559107402314,0.061250598411168866,0.007000000000000006,0.016000000000000014,0.0,0.03999999999999998,0.0,0.48508119147852385,0.00891880852147614,0.03751877075275856,Mid,False
Mexico,2003,0.499,0.702,0.728,12793.956,9.456728150892085,0.01167113493106875,0.014213448119194894,0.006000000000000005,0.016000000000000014,0.0,0.044999999999999984,0.0,0.5004394976743346,-0.0014394976743346,-0.07554810394906036,High,True
Mexico,2004,0.505,0.711,0.732,13287.6,9.494586548492062,0.03785839759997778,0.05587909163844884,0.0040000000000000036,0.017000000000000015,0.0,0.05099999999999999,0.0,0.48508119147852385,0.01991880852147615,0.0016804551303225002,Mid,False
Mexico,2005,0.505,0.711,0.736,13655.801,9.521919692018948,0.027333143526885095,0.07686267605793162,0.0040000000000000036,0.014000000000000012,0.0,0.05099999999999999,0.0,0.4742754732659411,0.0307245267340589,0.02180571821258276,Mid,False
Mexico,2006,0.478,0.674,0.745,14287.559,9.567144437578355,0.04522474555940725,0.11041628668627013,0.009000000000000008,0.017000000000000015,0.0,0.023999999999999966,0.0,0.4842174248821956,-0.006217424882195621,-0.004777927207861021,Mid,False
Mexico,2007,0.454,0.639,0.747,14684.728,9.594563321159512,0.027418883581157516,0.09997677266744986,0.0020000000000000018,0.015000000000000013,0.0,-0.0020000000000000018,0.0,0.49064476280389613,-0.036644762803896114,-0.056563571325372264,Mid,False
Mexico,2008,0.456,0.649,0.75,14808.09,9.60292893203065,0.008365610871138074,0.08100924001170284,0.0030000000000000027,0.014000000000000012,0.0,0.03600000000000003,0.0,0.5256400037576184,-0.06964000375761842,-0.10036453049167732,Mid,False
Mexico,2009,0.459,0.65,0.749,14026.989,9.548738538517467,-0.05419039351318311,-0.01840589906088752,-0.0010000000000000009,0.0040000000000000036,1.0,0.039000000000000035,0.0,0.42171936472957994,0.03728063527042008,0.0434980601526157,High,False
Mexico,2010,0.465,0.662,0.751,14697.298,9.595418946347978,0.04668040783051097,0.000855625188465936,0.0020000000000000018,0.0040000000000000036,0.0,0.04500000000000004,0.0,0.5023330379462638,-0.0373330379462638,-0.0006882751423676892,High,False
Mexico,2011,0.468,0.662,0.757,15210.0,9.62970838525334,0.03428943890536118,0.026779453222689042,0.006000000000000005,0.007000000000000006,0.0,0.04800000000000004,0.0,0.5767982327607857,-0.10879823276078565,-0.03915822900316723,High,False
Mexico,2012,0.457,0.65,0.764,15547.994,9.651686906070315,0.021978520816976044,0.1029483675528482,0.007000000000000006,0.015000000000000013,0.0,0.03700000000000003,0.0,0.6017932366347742,-0.14479323663477423,-0.1820738719051943,Mid,False
Mexico,2013,0.42,0.623,0.765,15614.781,9.655973244642844,0.004286338572528692,0.060554298294865916,0.0010000000000000009,0.014000000000000012,0.0,-0.0010000000000000009,0.0,0.5195553392764913,-0.09955533927649135,-0.06222230133022755,Mid,False
Mexico,2014,0.421,0.621,0.769,15883.877,9.67305984857976,0.017086603936915523,0.04335146332642026,0.0040000000000000036,0.01200000000000001,0.0,-0.007000000000000006,0.0,0.5074745249301926,-0.08647452493019264,0.02232370783059301,High,False
Mexico,2015,0.433,0.643,0.773,16235.004,9.69492493091819,0.021865082338431208,0.04323802484787542,0.0040000000000000036,0.009000000000000008,0.0,0.02699999999999997,0.0,0.46074976393880773,-0.027749763938807737,0.11704347269596649,High,False
Mexico,2016,0.434,0.643,0.778,16705.047,9.723466168315783,0.028541237397591956,0.06749292367293869,0.0050000000000000044,0.013000000000000012,0.0,0.063,0.0,0.47876101791170467,-0.04476101791170467,0.05479432136478668,Mid,False
Mexico,2017,0.44,0.638,0.781,16900.13,9.735076593189271,0.011610424873488512,0.062016744609511676,0.0030000000000000027,0.01200000000000001,0.0,0.10999999999999999,1.0,0.46242931548991917,-0.022429315489919166,0.06404520944027348,Mid,False
Moldova,2011,0.562,0.672,0.748,4892.0,8.495356496807062,0.05821914648393722,0.05020575067619326,0.009000000000000008,0.020000000000000018,0.0,0.12900000000000006,1.0,0.3558404051920384,0.20615959480796164,0.16867651597161049,Mid,False
Moldova,2012,0.558,0.665,0.754,4914.038,8.499851286058957,0.00449478925189517,0.12363934006580912,0.006000000000000005,0.025000000000000022,0.0,0.16400000000000003,1.0,0.3433676362266137,0.21463236377338635,0.1775984209955901,Low,False
Moldova,2013,0.53,0.638,0.758,5414.3506,8.59680822611226,0.09695694005330324,0.15967087578913564,0.0040000000000000036,0.019000000000000017,0.0,0.14,1.0,0.35645761225312733,0.1735423877468727,0.03397751049279135,Low,False
Moldova,2014,0.516,0.623,0.762,5744.252,8.655954981632012,0.05914675551975179,0.1605984848249502,0.0040000000000000036,0.014000000000000012,0.0,0.126,1.0,0.3746854019075896,0.14131459809241043,-0.06484499671555122,Mid,False
Moldova,2015,0.476,0.57,0.759,5784.4917,8.662935770598867,0.006980788966854945,0.16308448453990998,-0.0030000000000000027,0.0050000000000000044,0.0,0.08599999999999997,0.0,0.3311525626988773,0.1448474373011227,-0.06978492647226364,Mid,False
Moldova,2016,0.433,0.529,0.763,6102.6943,8.71648564117033,0.05354987057146232,0.11967741505806906,0.0040000000000000036,0.0050000000000000044,0.0,0.04299999999999998,0.0,0.4347874595416174,-0.0017874595416174088,-0.1753298472884901,Mid,False
Moldova,2017,0.394,0.503,0.769,6425.865,8.768086531051763,0.051600889881433076,0.11213154941975034,0.006000000000000005,0.007000000000000006,0.0,0.0040000000000000036,0.0,0.4360475679258418,-0.0420475679258418,-0.18336216601825223,Mid,False
Mongolia,1996,0.591,0.7,0.578,2271.7988,7.7283272195816695,0.05611456229500433,0.20742860180174638,0.006000000000000005,0.01100000000000001,0.0,0.04999999999999993,0.0,0.19979566586245076,0.3912043341375492,-0.060800890385757866,Mid,False
Mongolia,1997,0.598,0.707,0.585,2445.0127,7.801805596169511,0.07347837658784151,0.2234160103256455,0.007000000000000006,0.017000000000000015,0.0,0.05699999999999994,0.0,0.19961779774753274,0.39838220225246723,0.039710192821828416,Low,False
Mongolia,1998,0.6,0.707,0.594,2620.489,7.871116220561211,0.06931062439169988,0.19890356327454572,0.009000000000000008,0.02200000000000002,0.0,0.05899999999999994,0.0,0.20600516353475068,0.3939948364652493,-0.006918580694160514,Low,False
Mongolia,1999,0.603,0.707,0.602,2801.8618,7.938039403767667,0.0669231832064563,0.20971218418599769,0.008000000000000007,0.02400000000000002,0.0,0.061999999999999944,0.0,0.23714294552700507,0.3658570544729949,-0.0253472796645543,Low,False
Mongolia,2000,0.552,0.674,0.611,2936.0627,7.98482474509221,0.046785341324542706,0.18301914892269888,0.009000000000000008,0.026000000000000023,0.0,0.01100000000000001,0.0,0.20101256317201047,0.3509874368279896,-0.047394765424477625,Low,False
Mongolia,2001,0.541,0.663,0.622,3133.556,8.049923740894858,0.06509899580264822,0.17880752033364722,0.01100000000000001,0.028000000000000025,0.0,-0.010000000000000009,0.0,0.19967930987443008,0.34132069012557,-0.05267414633967932,Low,False
Mongolia,2002,0.551,0.671,0.631,3401.9465,8.132103046788648,0.0821793058937903,0.19406364302098122,0.009000000000000008,0.029000000000000026,0.0,-0.0040000000000000036,0.0,0.15012723201609993,0.40087276798390015,0.035015713510905266,Low,False
Mongolia,2003,0.556,0.672,0.643,3775.438,8.23627168144264,0.10416863465399118,0.2514469363504297,0.01200000000000001,0.03200000000000003,0.0,0.017000000000000015,0.0,0.13540027641238805,0.420599723587612,0.06961228675962239,Low,False
Mongolia,2004,0.555,0.67,0.658,4334.2314,8.374299572456893,0.1380278910142536,0.3243758315620351,0.015000000000000013,0.03600000000000003,0.0,0.016000000000000014,0.0,0.015354192384577978,0.539645807615422,0.19832511748985204,Low,False
Mongolia,2005,0.557,0.673,0.671,4822.2334,8.480992460721941,0.10669288826504797,0.34888941393329276,0.013000000000000012,0.040000000000000036,0.0,0.018000000000000016,0.0,0.05665244071735101,0.5003475592826491,0.09947479129874892,Low,False
Mongolia,2006,0.566,0.685,0.683,5426.8535,8.599114779042695,0.11812231832075426,0.36284309760005584,0.01200000000000001,0.040000000000000036,0.0,0.026999999999999913,0.0,0.06951483679289187,0.49648516320710806,0.07588543961949606,Low,False
Mongolia,2007,0.566,0.685,0.696,6196.5894,8.73175432290025,0.13263954385755383,0.35745475044335606,0.0129999999999999,0.03799999999999992,0.0,0.026999999999999913,0.0,0.075105216875886,0.49089478312411394,-0.04875102449130808,Low,False
Mongolia,2008,0.539,0.653,0.707,6982.1465,8.851111669971347,0.11935734707109802,0.3701192092494061,0.01100000000000001,0.03599999999999992,0.0,-0.007000000000000006,0.0,0.11703457100691743,0.4219654289930826,-0.07838213028956648,Low,False
Mongolia,2009,0.546,0.662,0.711,7126.8086,8.871618811521778,0.02050714155043032,0.27250403247908217,0.0040000000000000036,0.027999999999999914,0.0,-0.010000000000000009,0.0,0.15129458738076432,0.39470541261923575,-0.10177975058787231,Low,False
Mongolia,2010,0.565,0.679,0.714,7830.064,8.965725962642377,0.09410715112059975,0.2339716397421281,0.0030000000000000027,0.018000000000000016,0.0,0.008999999999999897,0.0,0.29070419034480094,0.274295809655199,-0.21659897346891493,Low,False
Mongolia,2011,0.563,0.676,0.725,9484.0,9.157361447185297,0.19163548454291934,0.3062497772139494,0.01100000000000001,0.018000000000000016,0.0,0.014999999999999902,0.0,0.19465664325024878,0.36834335674975116,-0.05362207224333143,Low,False
Mongolia,2012,0.566,0.683,0.735,10493.0,9.25846364715791,0.1011021999726136,0.3868448356361327,0.010000000000000009,0.02400000000000002,0.0,0.02199999999999991,0.0,0.22604853973897684,0.3399514602610231,-0.054753952358212676,Low,False
Mongolia,2013,0.557,0.684,0.744,11545.0,9.354007721788596,0.09554407463068593,0.3882817591462189,0.009000000000000008,0.030000000000000027,0.0,0.02100000000000002,0.0,0.21975450922748613,0.3372454907725139,0.06294968111731492,Low,False
Mongolia,2014,0.556,0.686,0.748,12283.0,9.415971471539095,0.061963749750498565,0.2586100243537981,0.0040000000000000036,0.02300000000000002,0.0,0.020000000000000018,0.0,0.35697131884772926,0.1990286811522708,-0.16931467559748037,Low,False
Mongolia,2015,0.556,0.681,0.753,12398.0,9.425290448261865,0.0093189767227706,0.1668268011039551,0.0050000000000000044,0.018000000000000016,0.0,0.03300000000000003,0.0,0.5049687041097425,0.051031295890257566,-0.2889201643707655,Low,False
Mongolia,2016,0.548,0.671,0.759,12313.544,9.418455073763889,-0.006835374497976332,0.06444735197529283,0.006000000000000005,0.015000000000000013,0.0,0.05300000000000005,0.0,0.5194149364437605,0.028585063556239576,-0.30866042721627435,Mid,False
Mongolia,2017,0.544,0.661,0.759,12728.355,9.451587460892025,0.03313238712813593,0.0356159893529302,0.0,0.01100000000000001,0.0,0.08200000000000002,0.0,0.5026965911909783,0.041303408809021724,-0.15772527234324907,High,True
Montenegro,2009,0.41,0.511,0.809,13459.499,9.507440381109255,-0.0067277179161919776,0.2667990551697912,0.0030000000000000027,0.02400000000000002,0.0,0.021999999999999964,0.0,0.49832000670210086,-0.08832000670210088,-0.05414861922749897,Low,False
Montenegro,2010,0.411,0.51,0.815,14509.766,9.582577218939099,0.07513683782984337,0.18763206537826882,0.005999999999999894,0.019999999999999907,0.0,0.023999999999999966,0.0,0.6054164580085516,-0.19441645800855162,-0.22506732291575315,Low,False
Montenegro,2011,0.41,0.51,0.822,15747.0,9.664405149920409,0.08182793098131036,0.15023705089496175,0.007000000000000006,0.015999999999999903,0.0,0.02699999999999997,0.0,0.5901658719222194,-0.1801658719222194,-0.07631955763558224,Mid,False
Montenegro,2012,0.413,0.517,0.825,15421.0,9.643485495857657,-0.020919654062751647,0.13604511474840209,0.0030000000000000027,0.015999999999999903,1.0,0.03799999999999998,0.0,0.5420345060551742,-0.12903450605517425,-0.04071449935307336,Mid,False
Montenegro,2013,0.394,0.494,0.83,16064.0,9.684336022491456,0.04085052663379862,0.10175880355235734,0.0050000000000000044,0.015000000000000013,0.0,0.019000000000000017,0.0,0.5704823982861044,-0.17648239828610435,0.01793405972244727,Mid,False
Montenegro,2014,0.388,0.484,0.833,16437.0,9.707290170206525,0.022954147715068984,0.04288502028611596,0.0030000000000000027,0.01100000000000001,0.0,0.013000000000000012,0.0,0.567704510406556,-0.179704510406556,0.00046136151566339434,High,False
Montenegro,2015,0.387,0.484,0.839,17249.0,9.755509449764629,0.04821927955810423,0.11202395390697184,0.006000000000000005,0.014000000000000012,0.0,0.01200000000000001,0.0,0.6039023815380196,-0.21690238153801955,-0.0878678754828453,Mid,False
Montenegro,2016,0.383,0.484,0.836,17777.416,9.78568416667268,0.030174716908051735,0.10134814418122495,-0.0030000000000000027,0.006000000000000005,0.0,0.008000000000000007,0.0,0.5393263766645675,-0.1563263766645675,0.020156021621536846,Mid,False
Montenegro,2017,0.375,0.474,0.843,18640.195,9.833075549558252,0.04739138288557143,0.1257853793517274,0.007000000000000006,0.010000000000000009,0.0,-0.0010000000000000009,0.0,0.6222990550778171,-0.24729905507781713,-0.06759454467126114,Mid,False
Morocco,1996,0.196,0.192,0.495,4603.652,8.434605180538405,0.10207421113690529,0.11652631857269036,0.01100000000000001,0.02699999999999997,0.0,0.0030000000000000027,0.0,0.14397265597615988,0.05202734402384013,0.10618640317856429,Low,False
Morocco,1997,0.193,0.201,0.5,4469.19,8.40496246313376,-0.02964271740464497,0.001820217792049661,0.0050000000000000044,0.020000000000000018,1.0,-0.0050000000000000044,0.0,0.24674620357791194,-0.05374620357791193,-0.03233412445143255,Mid,False
Morocco,1998,0.198,0.212,0.507,4729.183,8.461507739294179,0.05654527616041882,0.12897676989267914,0.007000000000000006,0.02300000000000002,0.0,0.0,0.0,0.2120067991534563,-0.01400679915345629,0.008393460649148643,Low,False
Morocco,1999,0.198,0.213,0.517,4720.7715,8.459727518612382,-0.0017802206817965072,0.025122338073977346,0.010000000000000009,0.02200000000000002,0.0,-0.014999999999999986,0.0,0.30352593582778525,-0.10552593582778524,-0.15755327985162537,Mid,False
Morocco,2000,0.213,0.237,0.528,4753.638,8.466665498617825,0.006937980005442768,0.06170303548406508,0.01100000000000001,0.028000000000000025,0.0,-0.007000000000000006,0.0,0.2434296835266377,-0.03042968352663772,0.023316520051274214,Mid,False
Morocco,2001,0.22,0.239,0.539,5042.073,8.52557258602465,0.05890708740682449,0.06406484673047075,0.01100000000000001,0.03200000000000003,0.0,-0.0010000000000000009,0.0,0.19997184953492234,0.020028150465077665,0.034034949618533955,Mid,False
Morocco,2002,0.221,0.243,0.55,5140.8726,8.544978110577468,0.019405524552817965,0.08525059196508522,0.01100000000000001,0.03300000000000003,0.0,0.0,0.0,0.24688329291298544,-0.02588329291298544,0.0796426429147998,Low,False
Morocco,2003,0.221,0.253,0.56,5386.8506,8.591716188863618,0.0467380782861504,0.12505069024579285,0.010000000000000009,0.03200000000000003,0.0,0.0,0.0,0.22733005111882196,-0.0063300511188219555,0.024099632407815763,Low,False
Morocco,2004,0.221,0.253,0.567,5584.154,8.627688222858483,0.035972033994864816,0.10211563683383318,0.006999999999999895,0.027999999999999914,0.0,-0.0020000000000000018,0.0,0.34128527739364256,-0.12028527739364256,-0.14031342785872022,Low,False
Morocco,2005,0.227,0.258,0.573,5708.0312,8.649629444594403,0.02194122173592028,0.1046513340169355,0.006000000000000005,0.02299999999999991,0.0,0.0040000000000000036,0.0,0.3231287861064112,-0.09612878610641121,-0.07024549319342577,Mid,False
Morocco,2006,0.226,0.255,0.579,6076.9526,8.71225863220367,0.06262918760926617,0.12054244334005126,0.006000000000000005,0.018999999999999906,0.0,0.0030000000000000027,0.0,0.3136820468822281,-0.08768204688222811,-0.08135199576340615,Mid,False
Morocco,2007,0.227,0.258,0.586,6228.4316,8.736879830488533,0.024621198284863866,0.10919160763005031,0.007000000000000006,0.019000000000000017,0.0,0.0040000000000000036,0.0,0.3403692646786088,-0.11336926467860878,0.006916012715033781,Mid,False
Morocco,2008,0.224,0.252,0.593,6530.978,8.784311981346992,0.047432150858458755,0.1346825367525888,0.007000000000000006,0.020000000000000018,0.0,0.0010000000000000009,0.0,0.294081695060697,-0.07008169506069697,0.026047091045714232,Low,False
Morocco,2009,0.223,0.254,0.598,6741.4604,8.816031856993241,0.03171987564624956,0.10377322478957218,0.0050000000000000044,0.019000000000000017,0.0,-0.007000000000000006,0.0,0.34101027051144234,-0.11801027051144233,-0.030328223629214224,Mid,False
Morocco,2010,0.231,0.256,0.607,6931.558,8.843839886540623,0.027808029547381707,0.10696005605209002,0.009000000000000008,0.02100000000000002,0.0,0.0010000000000000009,0.0,0.35960871074367223,-0.12860871074367222,-0.015239446065063444,Mid,False
Morocco,2011,0.234,0.262,0.619,7226.0,8.885440911707585,0.04160102516696185,0.10112893036059312,0.01200000000000001,0.026000000000000023,0.0,0.0040000000000000036,0.0,0.36438937674857513,-0.13038937674857512,-0.060307681687878145,Low,False
Morocco,2012,0.235,0.265,0.629,7355.326,8.903179955642672,0.017739043935087295,0.08714809864943085,0.010000000000000009,0.031000000000000028,0.0,0.004999999999999977,0.0,0.3380647177612254,-0.10306471776122539,0.014945552750216945,Low,False
Morocco,2013,0.23,0.269,0.639,7599.724,8.935867209825515,0.032687254182842906,0.09202732328489205,0.010000000000000009,0.03200000000000003,0.0,0.0,0.0,0.3429751316195702,-0.11297513161957021,0.015633579124102015,Low,False
Morocco,2014,0.23,0.27,0.648,7714.632,8.950874064372512,0.015006854546996351,0.06543315266492655,0.009000000000000008,0.029000000000000026,0.0,0.0,0.0,0.3759514997821126,-0.1459514997821126,-0.01556212303353749,Mid,False
Morocco,2015,0.23,0.264,0.659,7959.528,8.982124980597911,0.03125091622539955,0.07894502495523881,0.01100000000000001,0.030000000000000027,0.0,-0.0010000000000000009,0.0,0.3435009156536861,-0.11350091565368611,-0.010436197892460725,Low,False
Morocco,2016,0.231,0.266,0.665,7912.222,8.976163931554007,-0.005961049043904154,0.04029672172849175,0.006000000000000005,0.026000000000000023,0.0,-0.0069999999999999785,0.0,0.3632130268341457,-0.13221302683414568,-0.019237895214575473,Mid,False
Morocco,2017,0.241,0.259,0.674,8222.67,9.014650252826684,0.038486321272676705,0.0637761884541721,0.009000000000000008,0.026000000000000023,0.0,0.0030000000000000027,0.0,0.3599855296542374,-0.11898552965423742,0.02696597012787519,Mid,False
Mozambique,1996,0.304,0.457,0.269,1325.5953,7.189616920541795,0.12844534561195609,-0.0822880864447102,0.01200000000000001,0.017000000000000015,0.0,0.007000000000000006,0.0,0.2508931204366121,0.05310687956338789,0.021832216419246653,High,False
Mozambique,1997,0.301,0.457,0.281,1323.6936,7.188181289775651,-0.0014356307661440582,0.008589747677246962,0.01200000000000001,0.026000000000000023,0.0,0.007000000000000006,0.0,0.34870072702622235,-0.047700727026222356,-0.12272171288153233,Mid,False
Mozambique,1998,0.302,0.46,0.292,1335.6608,7.197181429644937,0.009000139869286272,0.1360098547150983,0.010999999999999954,0.034999999999999976,0.0,0.008000000000000007,0.0,0.26742447832840743,0.03457552167159256,-0.11899468110425729,Low,False
Mozambique,1999,0.298,0.453,0.304,1301.5763,7.171331347380111,-0.025850082264826213,-0.018285573161684,0.01200000000000001,0.034999999999999976,1.0,0.0040000000000000036,0.0,0.1885922742381878,0.10940772576181218,0.05630084619842429,Mid,False
Mozambique,2000,0.297,0.419,0.311,1196.0149,7.086750392626954,-0.08458095475315641,-0.10143089714869635,0.007000000000000006,0.02999999999999997,1.0,0.0030000000000000027,0.0,0.19019182746148264,0.10680817253851735,0.1545088995647397,Mid,False
Mozambique,2001,0.297,0.419,0.326,1219.381,7.106098631918832,0.01934823929187779,-0.09108279772610484,0.015000000000000013,0.03400000000000003,0.0,0.0030000000000000027,0.0,0.1912335508107644,0.10576644918923558,0.07119092751764303,Mid,False
Mozambique,2002,0.294,0.419,0.335,1199.7332,7.089854477723039,-0.016244154195793392,-0.08147686965707202,0.009000000000000008,0.031000000000000028,0.0,-0.0020000000000000018,0.0,0.23493262434903375,0.05906737565096623,-0.05034035011084595,Mid,False
Mozambique,2003,0.299,0.422,0.35,1155.7037,7.052464701499157,-0.03738977622388173,-0.034285691127797335,0.014999999999999958,0.03899999999999998,1.0,0.0030000000000000027,0.0,0.19334189253635375,0.10565810746364623,-0.001150065074871115,Mid,False
Mozambique,2004,0.296,0.425,0.36,1125.8322,7.026277774504005,-0.026186926995151794,-0.07982085741482692,0.010000000000000009,0.033999999999999975,1.0,-0.01100000000000001,0.0,0.16406538117684566,0.13193461882315433,0.026168169633918742,Mid,False
Mozambique,2005,0.312,0.463,0.371,1107.5338,7.009891020640949,-0.016386753863056214,-0.07996345708208974,0.01100000000000001,0.035999999999999976,0.0,0.019000000000000017,0.0,0.21829219213554998,0.09370780786445002,0.034640432213483785,Mid,False
Mozambique,2006,0.313,0.464,0.379,1099.3418,7.002466916059133,-0.007424104581816415,-0.04999778544002442,0.008000000000000007,0.029000000000000026,0.0,0.020000000000000018,0.0,0.2903378918407557,0.0226621081592443,-0.08299599930440194,Mid,False
Mozambique,2007,0.313,0.464,0.392,1067.9664,6.973511558351086,-0.028955357708047025,-0.052766216152919654,0.013000000000000012,0.03200000000000003,1.0,0.020000000000000018,0.0,0.17699552594500753,0.13600447405499247,0.004069855231838143,Mid,False
Mozambique,2008,0.309,0.456,0.403,1031.3622,6.9386357317306,-0.034875826620485384,-0.07125528891034882,0.01100000000000001,0.03200000000000003,1.0,0.016000000000000014,0.0,0.18211396232999696,0.12688603767000303,0.03317822980555302,Mid,False
Mozambique,2009,0.307,0.453,0.411,991.74524,6.899466259786249,-0.039169471944351386,-0.1030006562728838,0.007999999999999952,0.03199999999999997,1.0,0.014000000000000012,0.0,0.19768295735192692,0.10931704264807307,0.08665493448882877,Mid,False
Mozambique,2010,0.293,0.425,0.419,956.53046,6.863312633642469,-0.03615362614378004,-0.11019892470861681,0.008000000000000007,0.02699999999999997,1.0,-0.0030000000000000027,0.0,0.23209678728757677,0.060903212712423216,-0.07510126134256925,Mid,False
Mozambique,2011,0.296,0.427,0.424,925.0,6.829793737512425,-0.033518896130043885,-0.10884199421817531,0.0050000000000000044,0.020999999999999963,1.0,0.0040000000000000036,0.0,0.2729170484851226,0.02308295151487738,-0.10380308615512565,Mid,False
Mozambique,2012,0.296,0.427,0.431,964.58234,6.871695199360289,0.04190146184786414,-0.02777106042595978,0.007000000000000006,0.020000000000000018,0.0,0.020999999999999963,0.0,0.3301899276998708,-0.03418992769987084,-0.1435069703479439,Mid,False
Mozambique,2013,0.301,0.437,0.443,1003.7287,6.911477044612403,0.039781845252114145,0.0481644109699344,0.01200000000000001,0.02400000000000002,0.0,0.03699999999999998,0.0,0.36980650211977495,-0.06880650211977496,-0.12970971483219818,Mid,False
Mozambique,2014,0.299,0.43,0.45,1049.1935,6.955777052777188,0.044300008164785076,0.12598331526476336,0.007000000000000006,0.026000000000000023,0.0,0.043999999999999984,0.0,0.3093675606685742,-0.010367560668574194,-0.033450512183451575,Low,False
Mozambique,2015,0.299,0.437,0.457,1090.3977,6.994297771062417,0.03852071828522874,0.12260257170212796,0.007000000000000006,0.026000000000000023,0.0,0.061,0.0,0.3468250922512385,-0.04782509225123849,-0.013635164551367651,Low,False
Mozambique,2016,0.292,0.433,0.46,1102.8173,7.005623366367909,0.011325595305492264,0.09414632175550608,0.0030000000000000027,0.017000000000000015,0.0,0.05399999999999999,0.0,0.30456713825471826,-0.01256713825471828,0.05623936386505668,Mid,False
Mozambique,2017,0.275,0.408,0.461,1114.3684,7.01604306599751,0.010419699629601098,0.0602660132203221,0.0010000000000000009,0.01100000000000001,0.0,0.03700000000000003,0.0,0.2963803168432428,-0.021380316843242764,-0.01101275617466857,High,False
Myanmar,1996,0.017,0.096,0.391,1469.0317,7.292358755246697,0.031379128792229594,0.10560131549023222,0.006000000000000005,0.017000000000000015,0.0,0.0,0.0,0.2753608286202823,-0.2583608286202823,0.041949637716778954,Mid,False
Myanmar,1997,0.017,0.096,0.396,1505.9805,7.317199460068839,0.02484070482214129,0.09174498910669371,0.0050000000000000044,0.015000000000000013,0.0,0.0,0.0,0.2797286858850551,-0.2627286858850551,-0.021765680785812147,Mid,False
Myanmar,1998,0.017,0.096,0.399,1547.0283,7.344091143876978,0.026891683808139,0.08311151742250988,0.0030000000000000027,0.014000000000000012,0.0,0.0,0.0,0.2729316043794358,-0.2559316043794358,0.002429224240846517,Mid,False
Myanmar,1999,0.017,0.096,0.406,1667.6613,7.419177504745758,0.07508636086878084,0.12681874949906113,0.007000000000000006,0.015000000000000013,0.0,-0.0009999999999999974,0.0,0.23438489433856455,-0.21738489433856456,0.04097593428171775,Mid,False
Myanmar,2000,0.018,0.096,0.415,1843.4945,7.519418234214365,0.10024072946860674,0.20221877414552658,0.008999999999999952,0.01899999999999996,0.0,0.0,0.0,0.22844011213353174,-0.21044011213353175,0.05228857375152335,Low,False
Myanmar,2001,0.018,0.096,0.423,1996.3737,7.599087663795998,0.07966942958163248,0.25499651991902006,0.008000000000000007,0.023999999999999966,0.0,0.0,0.0,0.2297274348688092,-0.2117274348688092,0.044204169510626584,Low,False
Myanmar,2002,0.018,0.096,0.433,2175.8835,7.68519006793965,0.08610240414365222,0.26601256319389144,0.010000000000000009,0.02699999999999997,0.0,0.0009999999999999974,0.0,0.2255474147999687,-0.20754741479996872,0.009837479538595845,Low,False
Myanmar,2003,0.018,0.096,0.443,2410.5698,7.787618430074439,0.10242836213478945,0.26820019586007415,0.010000000000000009,0.028000000000000025,0.0,0.0009999999999999974,0.0,0.26072154802234737,-0.24272154802234738,-0.03228143588881563,Low,False
Myanmar,2004,0.018,0.096,0.453,2664.9412,7.887937272566667,0.10031884249222767,0.28884960877066934,0.010000000000000009,0.030000000000000027,0.0,0.0009999999999999974,0.0,0.23619137913391533,-0.21819137913391534,-0.006463944265106131,Low,False
Myanmar,2005,0.018,0.096,0.463,2947.0989,7.9885765417266725,0.10063926916000554,0.30338647378702266,0.010000000000000009,0.030000000000000027,0.0,0.0009999999999999974,0.0,0.2275716819327701,-0.20957168193277012,-0.002024267132801405,Low,False
Myanmar,2006,0.018,0.096,0.473,3246.6934,8.085392342020814,0.0968158002941415,0.2977739119463747,0.009999999999999953,0.02999999999999997,0.0,0.0009999999999999974,0.0,0.22813844818824536,-0.21013844818824537,0.032583099834102014,Low,False
Myanmar,2007,0.017,0.096,0.483,3542.5884,8.172612925381927,0.0872205833611126,0.28467565281525964,0.010000000000000009,0.02999999999999997,0.0,-0.0009999999999999974,0.0,0.18552592139581614,-0.16852592139581613,0.04966545773809922,Low,False
Myanmar,2008,0.018,0.096,0.468,3585.7651,8.18472714727889,0.012114221896963429,0.19615060555221753,-0.014999999999999958,0.0050000000000000044,0.0,0.0,0.0,0.17154200238271836,-0.15354200238271837,0.05602967955005175,Mid,False
Myanmar,2009,0.018,0.097,0.504,3673.4368,8.20888296061126,0.024155813332370712,0.12349061859044674,0.035999999999999976,0.031000000000000028,0.0,-0.015000000000000003,0.0,0.11945881833647795,-0.10145881833647795,0.10867962985176742,Low,False
Myanmar,2010,0.033,0.119,0.515,3772.9985,8.23562532240261,0.026742361791349367,0.06301239702068351,0.01100000000000001,0.03200000000000003,0.0,-0.074,0.0,0.1738799680166029,-0.1408799680166029,0.027645953379213217,Mid,False
Myanmar,2011,0.107,0.223,0.525,3884.0,8.264620829411216,0.02899550700860587,0.07989368213232595,0.010000000000000009,0.056999999999999995,0.0,-0.02700000000000001,0.0,0.12191932106467679,-0.014919321064676791,0.13862268131804156,Low,False
Myanmar,2012,0.134,0.306,0.535,4091.202,8.316594093390929,0.051973263979713025,0.10771113277966826,0.010000000000000009,0.031000000000000028,0.0,-0.022999999999999993,0.0,0.19009415712873728,-0.056094157128737276,0.04536466120774067,Low,False
Myanmar,2013,0.157,0.355,0.546,4371.003,8.382747781204877,0.06615368781394793,0.14712245880226682,0.01100000000000001,0.031000000000000028,0.0,-0.006000000000000005,0.0,0.17640984145372512,-0.019409841453725124,0.12147012656287778,Low,False
Myanmar,2014,0.163,0.357,0.557,4684.643,8.452044991128766,0.06929720992388866,0.1874241617175496,0.01100000000000001,0.03200000000000003,0.0,-0.017999999999999988,0.0,0.16567558472674163,-0.00267558472674162,0.012243736337935171,Low,False
Myanmar,2015,0.181,0.37,0.566,4984.669,8.514122280993822,0.062077289865056784,0.19752818760289337,0.008999999999999897,0.030999999999999917,0.0,-0.04500000000000001,0.0,0.1967515185298885,-0.015751518529888514,0.04034263859884876,Low,False
Myanmar,2016,0.226,0.402,0.574,5252.832,8.566522638717807,0.052400357723984214,0.18377485751292966,0.008000000000000007,0.027999999999999914,0.0,0.20600000000000002,1.0,0.22101197895332989,0.004988021046670121,0.024397862500395245,Low,False
Myanmar,2017,0.229,0.402,0.587,5503.632,8.613163516912802,0.04664087819499585,0.16111852578403685,0.013000000000000012,0.029999999999999916,0.0,0.21300000000000002,1.0,0.18857606635358543,0.040423933646414584,0.043099518373156204,Low,False
Namibia,1996,0.553,0.67,0.587,5687.1167,8.645958667581574,0.008538034948427864,0.07158344149325124,-0.008000000000000007,-0.014000000000000012,0.0,0.016000000000000014,0.0,0.3224169710085756,0.23058302899142447,-0.04351246657555852,High,False
Namibia,1997,0.553,0.67,0.58,5796.632,8.665032338213802,0.019073670632227646,0.044297051464283754,-0.007000000000000006,-0.020000000000000018,0.0,0.019000000000000017,0.0,0.3207873364699521,0.23221266353004794,0.041323488814492826,High,False
Namibia,1998,0.553,0.67,0.574,5859.8833,8.675884967696991,0.010852629483188991,0.0384643350638445,-0.006000000000000005,-0.02100000000000002,0.0,0.019000000000000017,0.0,0.32489291526242364,0.2281070847375764,0.0001148122483141667,High,False
Namibia,1999,0.55,0.669,0.565,5926.4277,8.687176899001962,0.01129193130497086,0.0412182314203875,-0.009000000000000008,-0.02200000000000002,0.0,0.016000000000000014,0.0,0.33138598575738876,0.2186140142426113,-0.011969014748813178,High,False
Namibia,2000,0.54,0.654,0.561,5971.815,8.694806180282404,0.007629281280442157,0.029773842068602008,-0.0039999999999998925,-0.018999999999999906,0.0,0.006000000000000005,0.0,0.30997860170672964,0.2300213982932704,-0.00219126523677754,High,False
Namibia,2001,0.537,0.651,0.555,5888.432,8.680745027282514,-0.01406115299988997,0.004860059585523047,-0.006000000000000005,-0.018999999999999906,0.0,0.0030000000000000027,0.0,0.283764217565715,0.253235782434285,0.025128697696708613,High,False
Namibia,2002,0.534,0.651,0.555,6069.3203,8.71100190084791,0.030256873565395637,0.023825001845947824,0.0,-0.009999999999999898,0.0,-0.0030000000000000027,0.0,0.30791371182237065,0.22608628817762938,0.007472273935018092,High,False
Namibia,2003,0.537,0.651,0.558,6082.4263,8.713158957855951,0.002157057008041363,0.01835277757354703,0.0030000000000000027,-0.0030000000000000027,0.0,0.0,0.0,0.3170583464264988,0.2199416535735012,-0.01007974471976919,High,False
Namibia,2004,0.537,0.654,0.563,6712.772,8.81176725941142,0.09860830155546907,0.13102223212890607,0.004999999999999893,0.007999999999999896,0.0,-0.0040000000000000036,0.0,0.29069582916375397,0.24630417083624606,-0.006931611598038956,Mid,False
Namibia,2005,0.55,0.664,0.564,6807.5757,8.825791344574226,0.014024085162805733,0.11478944372631616,0.0010000000000000009,0.008999999999999897,0.0,0.02200000000000002,0.0,0.3147872508753079,0.23521274912469214,0.009126460947062764,Mid,False
Namibia,2006,0.551,0.668,0.569,7208.6885,8.883042313594462,0.0572509690202363,0.1698833557385111,0.0050000000000000044,0.010999999999999899,0.0,0.02300000000000002,0.0,0.2486707376714432,0.30232926232855684,0.08238760875505563,Mid,False
Namibia,2007,0.544,0.659,0.576,7509.527,8.92392776008494,0.04088544649047776,0.11216050067351979,0.007000000000000006,0.013000000000000012,0.0,0.016000000000000014,0.0,0.304664559778219,0.23933544022178105,-0.006968730614465013,Mid,False
Namibia,2008,0.548,0.662,0.581,7618.031,8.9382732163398,0.014345456254860167,0.11248187176557423,0.0050000000000000044,0.017000000000000015,0.0,0.020000000000000018,0.0,0.31520563702373805,0.232794362976262,-0.0024183861484301516,Mid,False
Namibia,2009,0.541,0.655,0.585,7548.129,8.92905499696243,-0.009218219377370218,0.04601268336796771,0.0040000000000000036,0.016000000000000014,0.0,0.013000000000000012,0.0,0.3279154665353903,0.21308453346460976,-0.08924472886394708,Mid,False
Namibia,2010,0.528,0.637,0.591,7905.541,8.97531918499948,0.04626418803704979,0.05139142491453974,0.006000000000000005,0.015000000000000013,0.0,-0.0050000000000000044,0.0,0.33366267346103745,0.19433732653896257,-0.044998113682818475,Mid,False
Namibia,2011,0.533,0.644,0.598,8203.0,9.01225522000275,0.03693603500327036,0.07398200366294994,0.007000000000000006,0.017000000000000015,0.0,0.0,0.0,0.32935946014128675,0.20364053985871328,-0.029153823117548716,Mid,False
Namibia,2012,0.533,0.644,0.607,8482.415,9.045750475977469,0.03349525597471903,0.11669547901503918,0.009000000000000008,0.02200000000000002,0.0,-0.0030000000000000027,0.0,0.30447791132651447,0.22852208867348556,0.015437555208875797,Low,False
Namibia,2013,0.536,0.65,0.616,8788.875,9.081241996140148,0.035491520162679535,0.10592281114066893,0.009000000000000008,0.025000000000000022,0.0,-0.006000000000000005,0.0,0.3286716125919131,0.20732838740808696,0.012991060869124382,Low,False
Namibia,2014,0.542,0.656,0.624,9134.8545,9.119852540934849,0.038610544794700274,0.10759732093209884,0.008000000000000007,0.026000000000000023,0.0,0.030000000000000027,0.0,0.3286716125919131,0.21332838740808696,0.009687847549373685,Low,False
Namibia,2015,0.579,0.707,0.63,9333.583,9.141374250131456,0.02152170919660712,0.09562377415398693,0.006000000000000005,0.02300000000000002,0.0,0.06699999999999995,0.0,0.34968136800144667,0.2293186319985533,0.0007965433250677334,Mid,False
Namibia,2016,0.584,0.711,0.634,9152.549,9.12178769870855,-0.019586551422905885,0.04054570256840151,0.0040000000000000036,0.018000000000000016,0.0,0.07799999999999996,0.0,0.3704907773421692,0.2135092226578308,0.006180835249743832,Mid,False
Namibia,2017,0.577,0.709,0.638,8882.617,9.091851499775784,-0.029936198932766445,-0.02800104115906521,0.0040000000000000036,0.014000000000000012,1.0,0.07399999999999995,0.0,0.3079144247198721,0.26908557528012783,0.05575718787204087,High,False
Nepal,1996,0.312,0.398,0.447,1511.7336,7.321012350739922,0.029302328299524838,0.08738286784616545,0.009000000000000008,0.02200000000000002,0.0,0.029000000000000026,0.0,0.2359333347195804,0.07606666528041961,-0.010529068397827107,Mid,False
Nepal,1997,0.311,0.395,0.453,1558.3988,7.3514141628674405,0.03040181212751847,0.0679519919003102,0.006000000000000005,0.020000000000000018,0.0,0.09,0.0,0.24387586880900589,0.06712413119099411,-0.021358028437779564,Mid,False
Nepal,1998,0.31,0.395,0.459,1570.6635,7.359253420532248,0.00783925766480742,0.06754339809185073,0.006000000000000005,0.02100000000000002,0.0,0.165,1.0,0.24387586880900589,0.06612413119099411,-0.020209279923480733,Mid,False
Nepal,1999,0.307,0.388,0.464,1609.1803,7.383480197892818,0.024226777360570217,0.062467847152896105,0.0050000000000000044,0.017000000000000015,0.0,0.162,1.0,0.2490822793006401,0.05791772069935988,-0.01814894458105973,Mid,False
Nepal,2000,0.291,0.36,0.471,1676.7456,7.424610050852354,0.04112985295953564,0.07319588798491328,0.006999999999999951,0.01799999999999996,0.0,0.146,1.0,0.24084317617424839,0.050156823825751595,-0.016967307365242518,Mid,False
Nepal,2001,0.283,0.352,0.472,1738.3142,7.4606710719947795,0.03606102114242571,0.10141765146253157,0.0010000000000000009,0.012999999999999956,0.0,0.13799999999999998,1.0,0.20352506866041717,0.0794749313395828,0.013350800148588693,Mid,False
Nepal,2002,0.221,0.271,0.479,1709.7787,7.444119225917157,-0.016551846077622834,0.060639028024338515,0.007000000000000006,0.014999999999999958,0.0,0.07600000000000001,0.0,0.2644764274074016,-0.043476427407401624,-0.1013941481067615,Mid,False
Nepal,2003,0.145,0.224,0.486,1747.7766,7.4660997448442945,0.021980518927137815,0.04148969399194069,0.007000000000000006,0.015000000000000013,0.0,0.0,0.0,0.2648028960091804,-0.1198028960091804,-0.169959719834932,Mid,False
Nepal,2004,0.145,0.224,0.493,1802.1438,7.49673223520639,0.030632490362095588,0.03606116321161057,0.007000000000000006,0.02100000000000002,0.0,-0.0040000000000000036,0.0,0.269853078786183,-0.12485307878618299,-0.2043280101257658,Mid,False
Nepal,2005,0.149,0.222,0.5,1836.3057,7.515511060588279,0.01877882538188924,0.07139183467112264,0.007000000000000006,0.02100000000000002,0.0,-0.061,0.0,0.27902901011330195,-0.13002901011330195,-0.08655258270590033,Mid,False
Nepal,2006,0.21,0.23,0.512,1884.1871,7.541251760184167,0.02574069959588776,0.07515201533987259,0.01200000000000001,0.026000000000000023,0.0,-0.06700000000000003,0.0,0.3574152077567423,-0.1474152077567423,-0.027612311747561902,Mid,False
Nepal,2007,0.277,0.274,0.516,1927.3865,7.563920219138221,0.022668458954053783,0.06718798393183079,0.0040000000000000036,0.02300000000000002,0.0,-0.032999999999999974,0.0,0.3483553160835426,-0.07135531608354256,0.05349776270264042,Mid,False
Nepal,2008,0.413,0.478,0.526,2021.154,7.611423914401595,0.047503695263373835,0.09591285381331538,0.010000000000000009,0.026000000000000023,0.0,0.22199999999999998,1.0,0.32039580246799404,0.09260419753200594,0.2226332076453079,Low,False
Nepal,2009,0.471,0.56,0.538,2085.2437,7.64264100989668,0.031217095495085445,0.10138924971251306,0.01200000000000001,0.026000000000000023,0.0,0.27999999999999997,1.0,0.3204173629636264,0.1505826370363736,0.29799784479311586,Low,False
Nepal,2010,0.465,0.554,0.551,2152.2747,7.674280561834157,0.03163955193747725,0.11036034269593653,0.013000000000000012,0.03500000000000003,0.0,0.274,1.0,0.2670303422088031,0.1979696577911969,0.26932497387473947,Low,False
Nepal,2011,0.472,0.556,0.559,2189.0,7.691200097522863,0.016919535688705523,0.07977618312126822,0.008000000000000007,0.03300000000000003,0.0,0.28099999999999997,1.0,0.25597259157434143,0.21602740842565854,0.1234232108936526,Low,False
Nepal,2012,0.31,0.39,0.565,2258.0,7.722234744709607,0.031034647186744202,0.07959373481292698,0.005999999999999894,0.026999999999999913,0.0,0.119,1.0,0.31874430494064654,-0.008744304940646541,-0.15932694197702013,Mid,False
Nepal,2013,0.191,0.28,0.57,2316.0,7.7475968386928855,0.025362093983278378,0.0733162768587281,0.0050000000000000044,0.018999999999999906,0.0,-0.31,0.0,0.311088143063258,-0.12008814306325799,-0.3180578008544549,Mid,False
Nepal,2014,0.501,0.625,0.574,2421.0,7.791935956938058,0.04433911824517267,0.10073585941519525,0.0040000000000000036,0.014999999999999902,0.0,0.017000000000000015,0.0,0.3017139173749737,0.19928608262502628,-0.016741325800632256,Mid,False
Nepal,2015,0.534,0.643,0.575,2455.0,7.805882040228621,0.013946083290562683,0.08364729551901373,0.0010000000000000009,0.010000000000000009,0.0,0.05700000000000005,0.0,0.2823834053362844,0.2516165946637156,0.26036089960436215,Mid,False
Nepal,2016,0.557,0.665,0.58,2443.4324,7.801159051093225,-0.0047229891353959275,0.053562212400339426,0.0050000000000000044,0.010000000000000009,0.0,0.08000000000000007,0.0,0.3049238418167829,0.25207615818321716,0.37216430124647515,High,False
Nepal,2017,0.553,0.66,0.588,2632.3408,7.8756287673456455,0.0744697162524206,0.08369281040758736,0.008000000000000007,0.014000000000000012,0.0,0.07600000000000007,0.0,0.27171427981926105,0.281285720180739,0.08199963755571271,Mid,False
Netherlands,1996,0.812,0.861,0.89,31811.738,10.367590620157282,0.036213021846025484,0.09668616565468469,0.0040000000000000036,0.027000000000000024,0.0,0.013000000000000012,0.0,0.7888366951496003,0.023163304850399746,-0.0276531395135573,Low,False
Netherlands,1997,0.805,0.854,0.891,33199.633,10.410294100626615,0.042703480469333144,0.11046436090018652,0.0010000000000000009,0.0020000000000000018,0.0,0.006000000000000005,0.0,0.7618792285582293,0.04312077144177073,-0.00863823605341818,Mid,False
Netherlands,1998,0.799,0.847,0.893,34688.55,10.454164940300926,0.0438708396743106,0.12278734198966923,0.0020000000000000018,0.007000000000000006,0.0,-0.0040000000000000036,0.0,0.7596016742502418,0.03939832574975821,0.026441121939356882,Mid,False
Netherlands,1999,0.817,0.866,0.894,36409.08,10.502573473066667,0.048408532765741086,0.13498285290938483,0.0010000000000000009,0.0040000000000000036,0.0,0.013999999999999901,0.0,0.7923166406243916,0.024683359375608394,0.0015200545252086473,Mid,False
Netherlands,2000,0.808,0.856,0.9,37899.95,10.542705071808435,0.04013159874176786,0.13241097118181955,0.006000000000000005,0.009000000000000008,0.0,0.0050000000000000044,0.0,0.7814345659785663,0.026565434021433743,-0.01655533742033699,Mid,False
Netherlands,2001,0.808,0.856,0.902,38636.223,10.56194553510156,0.019240463293124677,0.10778059480063362,0.0020000000000000018,0.009000000000000008,0.0,0.0050000000000000044,0.0,0.7952346831382477,0.012765316861752307,-0.026633008888005905,Mid,False
Netherlands,2002,0.803,0.851,0.898,38653.125,10.562382904563375,0.00043736946181560654,0.05980943149670814,-0.0040000000000000036,0.0040000000000000036,0.0,-0.009999999999999898,0.0,0.7873574880706417,0.015642511929358394,-0.00904084744625,High,False
Netherlands,2003,0.813,0.86,0.901,38803.957,10.566277504947378,0.0038946003840028,0.023572433138943083,0.0030000000000000027,0.0010000000000000009,0.0,0.0,0.0,0.809922259880435,0.0030777401195649645,-0.023487693901868778,High,False
Netherlands,2004,0.813,0.86,0.904,39682.375,10.588662413438286,0.022384908490908018,0.026716878336726424,0.0030000000000000027,0.0020000000000000018,0.0,0.0,0.0,0.8060145883616436,0.006985411638356309,-0.005779905223395998,High,False
Netherlands,2005,0.813,0.86,0.907,40679.49,10.613479313210753,0.024816899772467593,0.05109640864737841,0.0030000000000000027,0.009000000000000008,0.0,-0.0040000000000000036,0.0,0.8034984467205668,0.00950155327943314,-0.006140958649925254,High,False
Netherlands,2006,0.817,0.865,0.914,42286.51,10.652223401641404,0.03874408843065069,0.0859458966940263,0.007000000000000006,0.013000000000000012,0.0,-0.006000000000000005,0.0,0.7822992114288142,0.03470078857118575,0.03162304845162078,Mid,False
Netherlands,2007,0.823,0.872,0.92,44008.75,10.69214375676601,0.03992035512460568,0.10348134332772396,0.006000000000000005,0.016000000000000014,0.0,0.0,0.0,0.7798880659549634,0.04311193404503655,0.03612652240668024,Mid,False
Netherlands,2008,0.823,0.872,0.92,44840.71,10.710871711137456,0.01872795437144603,0.0973923979267024,0.0,0.013000000000000012,0.0,0.0,0.0,0.7713218933669284,0.0516781066330716,0.04217655335363846,Mid,False
Netherlands,2009,0.823,0.872,0.92,43178.508,10.673098150438017,-0.03777356069943849,0.02087474879661322,0.0,0.006000000000000005,1.0,-0.0020000000000000018,0.0,0.7831524788720556,0.03984752112794432,0.005146732556758571,High,False
Netherlands,2010,0.828,0.874,0.925,43812.348,10.6876709744414,0.014572824003382223,-0.004472782324610236,0.0050000000000000044,0.0050000000000000044,0.0,0.0030000000000000027,0.0,0.8207969069525921,0.007203093047407849,-0.0359088409976287,High,False
Netherlands,2011,0.827,0.874,0.935,44591.0,10.70528732392309,0.017616349481690108,-0.00558438721436616,0.010000000000000009,0.015000000000000013,0.0,0.0020000000000000018,0.0,0.7339687366876616,0.09303126331233835,0.041353156679266756,High,False
Netherlands,2012,0.825,0.872,0.935,43968.254,10.69122315249401,-0.014064171429080119,0.018125002055992212,0.0,0.015000000000000013,0.0,-0.0050000000000000044,0.0,0.7933193132610455,0.03168068673895441,-0.008166834388989908,High,False
Netherlands,2013,0.83,0.878,0.937,43782.97,10.68700020797186,-0.004222944522149774,-0.0006707664695397852,0.0020000000000000018,0.01200000000000001,0.0,0.0,0.0,0.7973963177765878,0.032603682223412145,0.025400589176004296,High,False
Netherlands,2014,0.831,0.879,0.939,44245.56,10.697510306418732,0.010510098446872007,-0.007777017504357886,0.0019999999999998908,0.0039999999999998925,0.0,0.01200000000000001,0.0,0.8202648467011375,0.010735153298862432,-0.08229611001347592,High,True
Netherlands,2015,0.831,0.879,0.94,44912.664,10.712475082959777,0.014964776541045666,0.0212519304657679,0.0010000000000000009,0.004999999999999893,0.0,0.018000000000000016,0.0,0.813105489130268,0.017894510869731928,-0.013786175869222483,High,False
Netherlands,2016,0.831,0.879,0.941,45654.47,10.728856800177889,0.016381717218111547,0.04185659220602922,0.0010000000000000009,0.0039999999999998925,0.0,0.018999999999999906,0.0,0.8192593910622445,0.011740608937755415,-0.02086307328565673,High,False
Netherlands,2017,0.833,0.878,0.945,46706.438,10.751637292827732,0.02278049264984361,0.05412698640900082,0.0040000000000000036,0.006000000000000005,0.0,0.03499999999999992,0.0,0.8024726489090193,0.030527351090980703,0.01979219779211827,High,False
New Zealand,1996,0.82,0.879,0.862,24321.248,10.099105650552968,0.023687760086223975,0.10496985910082657,0.0040000000000000036,0.02400000000000002,0.0,-0.0050000000000000044,0.0,0.7685484501614588,0.051451549838541166,-0.10213050419785019,Low,False
New Zealand,1997,0.825,0.88,0.871,24802.129,10.118684775242643,0.01957912468967571,0.07209924240327403,0.009000000000000008,0.019000000000000017,0.0,0.0,0.0,0.7534884585579257,0.07151154144207428,-0.0400514177437008,Mid,False
New Zealand,1998,0.825,0.88,0.881,24861.416,10.121072322412834,0.0023875471701906292,0.04565443194609031,0.010000000000000009,0.02300000000000002,0.0,0.0,0.0,0.7628066627372981,0.06219333726270182,-0.0003341842692822228,Mid,False
New Zealand,1999,0.825,0.88,0.886,25867.992,10.160761653304027,0.03968933089119275,0.06165600275105909,0.0050000000000000044,0.02400000000000002,0.0,0.0,0.0,0.7631078474425651,0.061892152557434854,0.010440602718893688,Mid,False
New Zealand,2000,0.827,0.881,0.896,26823.018,10.197015678469079,0.03625402516505183,0.07833090322643521,0.010000000000000009,0.025000000000000022,0.0,0.0030000000000000027,0.0,0.7741879680032044,0.052812031996795517,-0.01869950944527876,Mid,False
New Zealand,2001,0.827,0.881,0.902,27167.318,10.20976998573356,0.012754307264481568,0.08869766332072615,0.006000000000000005,0.02100000000000002,0.0,0.0050000000000000044,0.0,0.7785003423727327,0.04849965762726727,-0.013693679635434552,Mid,False
New Zealand,2002,0.826,0.881,0.905,28065.855,10.242308991904235,0.03253900617067451,0.08154733860020791,0.0030000000000000027,0.019000000000000017,0.0,0.0040000000000000036,0.0,0.7744654165486118,0.05153458345138817,-0.010357569106046682,Mid,False
New Zealand,2003,0.825,0.88,0.91,28876.287,10.27077601825939,0.02846702635515541,0.07376033979031149,0.0050000000000000044,0.014000000000000012,0.0,0.0030000000000000027,0.0,0.7616682292069715,0.06333177079302843,0.010519738796232914,Mid,False
New Zealand,2004,0.825,0.88,0.912,29806.734,10.30248962011977,0.03171360186038008,0.09271963438621,0.0020000000000000018,0.010000000000000009,0.0,0.0030000000000000027,0.0,0.7750139309705644,0.04998606902943559,0.0014864114021683195,Mid,False
New Zealand,2005,0.824,0.879,0.917,30270.248,10.317920594912497,0.015430974792726815,0.07561160300826231,0.0050000000000000044,0.01200000000000001,0.0,0.0020000000000000018,0.0,0.7643298342914748,0.059670165708525125,0.008135582257136953,Mid,False
New Zealand,2006,0.822,0.878,0.918,30798.63,10.335225487452897,0.01730489254040002,0.06444946919350691,0.0010000000000000009,0.008000000000000007,0.0,0.0,0.0,0.7698032201732783,0.05219677982672166,-0.011134990966306768,High,False
New Zealand,2007,0.822,0.878,0.921,31784.441,10.366732172303792,0.03150668485089447,0.0642425521840213,0.0030000000000000027,0.009000000000000008,0.0,-0.0030000000000000027,0.0,0.7784144758700303,0.04358552412996963,-0.006400544899465954,High,False
New Zealand,2008,0.825,0.88,0.92,31444.633,10.355983595737607,-0.010748576566184553,0.03806300082510994,-0.0010000000000000009,0.0030000000000000027,0.0,-0.007000000000000006,0.0,0.787770070427925,0.03722992957207494,-0.022440236136450187,High,False
New Zealand,2009,0.839,0.893,0.923,31233.076,10.34923294046363,-0.006750655273977557,0.014007453010732362,0.0030000000000000027,0.0050000000000000044,0.0,0.008000000000000007,0.0,0.7992888431905093,0.039711156809490666,-0.012485623017230996,High,False
New Zealand,2010,0.839,0.893,0.926,31586.09,10.360472112789582,0.011239172325952396,-0.006260059514209715,0.0030000000000000027,0.0050000000000000044,0.0,0.01100000000000001,0.0,0.7992888431905093,0.039711156809490666,-0.0038743673204789664,High,False
New Zealand,2011,0.837,0.891,0.927,32057.0,10.37527084723745,0.014798734447868611,0.01928725149984345,0.0010000000000000009,0.007000000000000006,0.0,0.009000000000000008,0.0,0.7992888431905093,0.037711156809490665,0.0004812272374157267,High,False
New Zealand,2012,0.84,0.893,0.929,32714.732,10.39558077530941,0.02030992807195986,0.046347834845780866,0.0020000000000000018,0.006000000000000005,0.0,0.018000000000000016,0.0,0.7864418731128869,0.05355812688711303,0.013846970077622367,High,False
New Zealand,2013,0.832,0.887,0.933,33109.26,10.407568280548253,0.011987505238842289,0.04709616775867076,0.0040000000000000036,0.007000000000000006,0.0,0.010000000000000009,0.0,0.8045894201028374,0.027410579897162557,-0.01230057691232811,High,False
New Zealand,2014,0.831,0.886,0.932,33591.32,10.42202297924416,0.014454698695907098,0.046752132006709246,-0.0010000000000000009,0.0050000000000000044,0.0,0.009000000000000008,0.0,0.8045894201028374,0.026410579897162556,-0.011300576912328109,High,False
New Zealand,2015,0.828,0.883,0.934,34248.477,10.441397375548393,0.019374396304232988,0.045816600238982375,0.0020000000000000018,0.0050000000000000044,0.0,0.006000000000000005,0.0,0.8045894201028374,0.023410579897162553,-0.03014754698995048,High,False
New Zealand,2016,0.828,0.883,0.938,34879.938,10.4596671004984,0.01826972495000767,0.05209881995014776,0.0039999999999998925,0.004999999999999893,0.0,0.015000000000000013,0.0,0.8140110477252445,0.013988952274755495,-0.013421627622407062,High,False
New Zealand,2017,0.822,0.879,0.936,35573.965,10.479369329070318,0.0197022285719175,0.05734634982615816,-0.0019999999999998908,0.0040000000000000036,0.0,0.009000000000000008,0.0,0.8142735361076162,0.007726463892383739,-0.018684116004778817,High,False
Nicaragua,1996,0.45,0.676,0.559,2395.2021,7.781222890418486,0.05629359503957332,0.1245584360202141,0.010000000000000009,0.025000000000000022,0.0,0.07700000000000001,0.0,0.24964005686172278,0.20035994313827724,-0.009410401378104477,Low,False
Nicaragua,1997,0.409,0.632,0.568,2482.691,7.817098331529698,0.03587544111121144,0.1418776719333268,0.008999999999999897,0.027999999999999914,0.0,0.035999999999999976,0.0,0.27157823959679056,0.13742176040320941,-0.003800784351616071,Low,False
Nicaragua,1998,0.409,0.632,0.569,2569.8284,7.851594405232006,0.03449607370230812,0.12666510985309287,0.0010000000000000009,0.019999999999999907,0.0,0.03799999999999998,0.0,0.2810716139008357,0.1279283860991643,-0.026099336022333497,Mid,False
Nicaragua,1999,0.383,0.597,0.585,2748.127,7.918674867703743,0.06708046247173716,0.1374519772852567,0.016000000000000014,0.025999999999999912,0.0,0.01200000000000001,0.0,0.27445768154642136,0.10854231845357865,-0.09181762468469859,Low,False
Nicaragua,2000,0.378,0.586,0.593,2858.5269,7.958061701189745,0.03938683348600236,0.14096336966004763,0.008000000000000007,0.025000000000000022,0.0,0.007000000000000006,0.0,0.3052924474343765,0.0727075525656235,-0.06471420783758591,Low,False
Nicaragua,2001,0.373,0.588,0.601,2944.2446,7.987607560636593,0.029545859446847622,0.13601315540458714,0.008000000000000007,0.03200000000000003,0.0,0.05099999999999999,0.0,0.28570120134735694,0.08729879865264306,-0.04062958744652123,Low,False
Nicaragua,2002,0.377,0.601,0.609,2969.4575,7.9961345551797285,0.008526994543135658,0.07745968747598564,0.008000000000000007,0.02400000000000002,0.0,0.161,1.0,0.3603579132607527,0.016642086739247275,-0.09190023171433137,Mid,False
Nicaragua,2003,0.371,0.591,0.615,3049.15,8.022618142236004,0.026483587056275404,0.06455644104625868,0.006000000000000005,0.02200000000000002,0.0,0.16799999999999998,1.0,0.3628376094182482,0.008162390581751777,-0.06454516198387172,Mid,False
Nicaragua,2004,0.372,0.591,0.623,3220.261,8.077217691154223,0.05459954891821894,0.08961013051763,0.008000000000000007,0.02200000000000002,0.0,0.175,1.0,0.3548798980378468,0.01712010196215319,-0.07017869669048987,Mid,False
Nicaragua,2005,0.372,0.591,0.63,3370.7776,8.122898738569367,0.045681047415143894,0.12676418338963824,0.007000000000000006,0.02100000000000002,0.0,0.18,1.0,0.29921867055054185,0.07278132944945814,0.05613924271021087,Low,False
Nicaragua,2006,0.322,0.563,0.636,3525.5537,8.167792780925094,0.04489404235572714,0.14517463868908997,0.006000000000000005,0.02100000000000002,0.0,0.134,1.0,0.2811603877708477,0.04083961222915233,0.032677221647400556,Low,False
Nicaragua,2007,0.216,0.457,0.642,3729.8513,8.224123645891451,0.0563308649663572,0.14690595473722823,0.006000000000000005,0.019000000000000017,0.0,0.06,0.0,0.27613970490569545,-0.06013970490569545,-0.07725980686784864,Low,False
Nicaragua,2008,0.203,0.445,0.646,3856.5522,8.257528850871713,0.033405204980262226,0.13463011230234656,0.0040000000000000036,0.016000000000000014,0.0,0.07800000000000001,0.0,0.3045372352752261,-0.10153723527522607,-0.1743185647246842,Mid,False
Nicaragua,2009,0.197,0.441,0.646,3771.947,8.235346592753254,-0.022182258118458975,0.06755381182816045,0.0,0.010000000000000009,1.0,0.07200000000000001,0.0,0.2649461356411686,-0.06794613564116858,-0.10878574787032091,High,True
Nicaragua,2010,0.192,0.436,0.651,3916.9658,8.2730726024559,0.03772600970264506,0.04894895656444831,0.0050000000000000044,0.009000000000000008,0.0,0.068,0.0,0.3172298807891276,-0.1252298807891276,-0.06509017588343216,High,True
Nicaragua,2011,0.188,0.425,0.657,4189.0,8.340217320947035,0.06714471849113579,0.08268847007532187,0.006000000000000005,0.01100000000000001,0.0,0.068,0.0,0.2778676190830721,-0.08986761908307211,0.011669616192153953,Mid,False
Nicaragua,2012,0.156,0.371,0.664,4376.0,8.383890344101816,0.043673023154781276,0.14854375134856213,0.007000000000000006,0.018000000000000016,0.0,0.053000000000000005,0.0,0.2881771414278786,-0.1321771414278786,-0.06423100578671001,Low,False
Nicaragua,2013,0.125,0.319,0.668,4527.0,8.417814747435958,0.03392440333414193,0.144742144980059,0.0040000000000000036,0.017000000000000015,0.0,0.07400000000000001,0.0,0.28403986003266773,-0.15903986003266773,-0.03380997924354012,Mid,False
Nicaragua,2014,0.126,0.319,0.674,4685.0,8.452121194672523,0.03430644723656506,0.11190387372548827,0.006000000000000005,0.017000000000000015,0.0,0.08,0.0,0.3059754648416179,-0.17997546484161792,-0.0901078457585458,Mid,False
Nicaragua,2015,0.124,0.318,0.679,4866.0,8.490027523343468,0.037906328670944234,0.10613717924165122,0.0050000000000000044,0.015000000000000013,0.0,0.079,0.0,0.30479668893536604,-0.18079668893536605,-0.048619547507487454,Mid,False
Nicaragua,2016,0.12,0.305,0.684,5015.8643,8.52036102851778,0.03033350517431188,0.10254628108182118,0.0050000000000000044,0.016000000000000014,0.0,0.086,0.0,0.32557403446532823,-0.20557403446532824,-0.0465341744326605,Mid,False
Nicaragua,2017,0.103,0.281,0.688,5174.224,8.55144465519887,0.031083626681089882,0.099323460526346,0.0039999999999998925,0.013999999999999901,0.0,0.076,0.0,0.3427171997044939,-0.2397171997044939,-0.059741734862875984,Mid,False
Niger,1996,0.182,0.292,0.245,712.85583,6.569279198005188,0.014643191859214255,-0.07911118590054844,0.007000000000000006,0.016999999999999987,0.0,0.009000000000000008,0.0,0.17174729235044048,0.010252707649559517,-0.156696302340046,High,True
Niger,1997,0.228,0.385,0.25,693.1094,6.541187851088501,-0.028091346916687243,-0.11399834858147528,0.0050000000000000044,0.016999999999999987,1.0,0.05500000000000002,0.0,0.22276206786248468,0.005237932137515333,-0.14445730099161286,High,True
Niger,1998,0.228,0.385,0.258,755.248,6.627046172133517,0.08585832104501634,0.07241016598754335,0.008000000000000007,0.020000000000000018,0.0,0.05500000000000002,0.0,0.1933135469955185,0.034686453004481504,-0.1467896133440734,Mid,False
Niger,1999,0.173,0.255,0.263,736.91754,6.602475999905205,-0.02457017222831226,0.03319680190001684,0.0050000000000000044,0.018000000000000016,1.0,-0.23399999999999999,0.0,0.2508396259737539,-0.07783962597375393,-0.08809233362331345,Mid,False
Niger,2000,0.407,0.546,0.266,693.3765,6.541573141704589,-0.06090285820061592,0.00038529061608816306,0.0030000000000000027,0.016000000000000014,1.0,0.0,0.0,0.19228451190684687,0.2147154880931531,0.20947755595563777,High,False
Niger,2001,0.407,0.543,0.272,723.31134,6.5838397518741845,0.04226661016959543,-0.043206420259332745,0.006000000000000005,0.014000000000000012,0.0,0.0,0.0,0.22154068388392378,0.1854593161160762,0.15077286311159468,High,False
Niger,2002,0.407,0.543,0.278,734.59155,6.59931463046071,0.01547487858652552,-0.003161369444494966,0.006000000000000005,0.015000000000000013,0.0,0.0,0.0,0.21393636550611095,0.19306363449388902,0.27090326046764296,High,False
Niger,2003,0.407,0.543,0.284,758.1143,6.630834165831196,0.03151953537048602,0.08926102412660697,0.00599999999999995,0.01799999999999996,0.0,-0.0020000000000000018,0.0,0.23671230824079947,0.1702876917592005,-0.04442779633395261,Mid,False
Niger,2004,0.409,0.547,0.292,725.13165,6.586353224576792,-0.04448094125440427,0.0025134727026072667,0.008000000000000007,0.019999999999999962,1.0,0.13399999999999995,1.0,0.24851671894543392,0.16048328105456605,-0.024976035061510138,Mid,False
Niger,2005,0.425,0.573,0.302,757.2439,6.629685394411052,0.043332169834259915,0.03037076395034166,0.010000000000000009,0.023999999999999966,0.0,0.24,1.0,0.21945993598932165,0.20554006401067834,0.012476429516789317,Mid,False
Niger,2006,0.426,0.578,0.309,771.4197,6.648232583430927,0.018547189019875177,0.01739841759973082,0.007000000000000006,0.025000000000000022,0.0,0.241,1.0,0.22023681910906076,0.20576318089093923,0.03547548913173873,Mid,False
Niger,2007,0.427,0.578,0.313,766.18695,6.641426200015001,-0.006806383415925765,0.055072975438209326,0.0040000000000000036,0.02100000000000002,0.0,0.242,1.0,0.2660992966838821,0.1609007033161179,0.00041742226155183637,Mid,False
Niger,2008,0.421,0.576,0.323,809.4504,6.696355498850096,0.0549292988350949,0.06667010443904431,0.010000000000000009,0.02100000000000002,0.0,0.236,1.0,0.23133067508840235,0.18966932491159763,-0.01587073909908071,Mid,False
Niger,2009,0.275,0.421,0.329,775.2534,6.653189943652979,-0.043165555197116845,0.004957360222052287,0.006000000000000005,0.020000000000000018,1.0,0.09000000000000002,0.0,0.24871664201860968,0.026283357981390337,-0.1794798229095489,Mid,False
Niger,2010,0.185,0.265,0.339,810.1572,6.697228302910622,0.04403835925764277,0.05580210289562082,0.010000000000000009,0.026000000000000023,0.0,-0.20500000000000002,0.0,0.25031219470682387,-0.06531219470682387,-0.22621289802294176,Mid,False
Niger,2011,0.39,0.541,0.346,799.0,6.683360945766275,-0.013867357144347281,-0.012994553083821359,0.006999999999999951,0.022999999999999965,0.0,-0.069,0.0,0.2649831489870089,0.1250168510129911,-0.06465247389860654,Mid,False
Niger,2012,0.482,0.624,0.356,849.7977,6.744998321157867,0.06163737539159264,0.09180837750488813,0.010000000000000009,0.02699999999999997,0.0,0.055999999999999994,0.0,0.24351331807074045,0.23848668192925954,0.2122033239478692,Low,False
Niger,2013,0.501,0.629,0.362,861.0156,6.758112622730493,0.013114301572625386,0.06088431981987075,0.006000000000000005,0.022999999999999965,0.0,0.09599999999999997,0.0,0.23035582622143802,0.270644173778562,0.33595636848538585,Mid,False
Niger,2014,0.502,0.633,0.369,884.34576,6.784848117387487,0.026735494656993986,0.10148717162121201,0.007000000000000006,0.02300000000000002,0.0,0.10099999999999998,1.0,0.2661807902644629,0.2358192097355371,0.11080235872254601,Mid,False
Niger,2015,0.493,0.622,0.374,888.36847,6.789386600620537,0.004538483233050172,0.044388279462669544,0.0050000000000000044,0.018000000000000016,0.0,0.09199999999999997,0.0,0.2663010765564808,0.22669892344351922,-0.011787758485740318,Mid,False
Niger,2016,0.459,0.573,0.38,903.57153,6.806355276793366,0.016968676172829156,0.048242654062873314,0.006000000000000005,0.018000000000000016,0.0,0.057999999999999996,0.0,0.2613399816884714,0.19766001831152863,-0.07298415546703335,Mid,False
Niger,2017,0.426,0.542,0.384,913.8115,6.817624313860664,0.011269037067298093,0.03277619647317742,0.0040000000000000036,0.015000000000000013,0.0,0.03899999999999998,0.0,0.2686065540113554,0.15739344598864458,-0.07842576374689253,Mid,False
Nigeria,1996,0.094,0.189,0.408,1924.0884,7.562207576116115,0.03870600442854766,0.05685309965131413,0.00599999999999995,0.014999999999999958,0.0,-0.0030000000000000027,0.0,0.3512896734634825,-0.2572896734634825,-0.15049445420061394,Mid,False
Nigeria,1997,0.097,0.2,0.413,1977.2856,7.589480274042095,0.027272697925980083,0.08272114533745523,0.0050000000000000044,0.01599999999999996,0.0,-0.009999999999999995,0.0,0.34097189128153044,-0.24397189128153043,-0.09972429930460244,Mid,False
Nigeria,1998,0.107,0.222,0.419,2025.8649,7.613751999465763,0.0242717254236684,0.09025042777819614,0.006000000000000005,0.01699999999999996,0.0,-0.136,0.0,0.3228636914126698,-0.2158636914126698,0.01507414634756385,Mid,False
Nigeria,1999,0.243,0.376,0.425,2034.8275,7.618166327699039,0.0044143282332758105,0.05595875158292429,0.006000000000000005,0.017000000000000015,0.0,-0.05299999999999999,0.0,0.34958663257675693,-0.10658663257675693,0.1507030408867256,Mid,False
Nigeria,2000,0.327,0.471,0.435,2144.8254,7.670813429447673,0.05264710174863385,0.08133315540557806,0.010000000000000009,0.02200000000000002,0.0,0.031000000000000028,0.0,0.340545295657434,-0.013545295657434009,0.23042659562409643,Mid,False
Nigeria,2001,0.327,0.471,0.438,2282.823,7.733168113957864,0.06235468451019077,0.11941611449210043,0.0030000000000000027,0.019000000000000017,0.0,0.03300000000000003,0.0,0.281808697473838,0.04519130252616199,0.2610549939388318,Mid,False
Nigeria,2002,0.327,0.471,0.451,2609.1294,7.866771881453763,0.13360376749589964,0.24860555375472426,0.013000000000000012,0.026000000000000023,0.0,0.03300000000000003,0.0,0.16788364382220017,0.15911635617779984,0.2657029887545568,Low,False
Nigeria,2003,0.304,0.428,0.464,2848.2812,7.9544710036128485,0.08769912215908526,0.2836575741651757,0.013000000000000012,0.029000000000000026,0.0,0.010000000000000009,0.0,0.04503580215254748,0.2589641978474525,0.2725094935048865,Low,False
Nigeria,2004,0.296,0.412,0.477,3136.6274,8.05090342523572,0.0964324216228718,0.3177353112778567,0.012999999999999956,0.03899999999999998,0.0,0.0020000000000000018,0.0,0.06468855325445953,0.23131144674554044,0.18612014421937845,Low,False
Nigeria,2005,0.296,0.412,0.484,3347.8206,8.116064845944289,0.06516142070856823,0.2492929644905253,0.007000000000000006,0.032999999999999974,0.0,0.0020000000000000018,0.0,0.15321825201351025,0.14278174798648974,-0.016334608191310107,Low,False
Nigeria,2006,0.294,0.417,0.489,3564.6323,8.17881618587395,0.06275133992966175,0.22434518226110178,0.0050000000000000044,0.024999999999999967,0.0,-0.0030000000000000027,0.0,0.17367542491114368,0.1203245750888563,-0.1386396227585962,Low,False
Nigeria,2007,0.297,0.408,0.492,3817.4836,8.24734674107832,0.06853055520437046,0.19644331584260044,0.0030000000000000027,0.015000000000000013,0.0,-0.006000000000000005,0.0,0.12657105935548257,0.1704289406445174,-0.060882506101023026,Mid,False
Nigeria,2008,0.303,0.414,0.497,4084.2002,8.314881198651157,0.06753445757283671,0.19881635270686893,0.0050000000000000044,0.013000000000000012,0.0,-0.0010000000000000009,0.0,0.14334889132838946,0.15965110867161053,0.016869360685120793,Mid,False
Nigeria,2009,0.304,0.413,0.499,4416.347,8.393068162768401,0.07818696411724346,0.21425197689445064,0.0020000000000000018,0.010000000000000009,0.0,-0.015000000000000013,0.0,0.11064573359591805,0.19335426640408193,0.07302969131522563,Mid,False
Nigeria,2010,0.319,0.43,0.502,4904.8657,8.497982991400358,0.10491482863195678,0.25063625032203696,0.0030000000000000027,0.010000000000000009,0.0,-0.02899999999999997,0.0,0.11269240323207053,0.20630759676792948,0.03587865612341207,Mid,False
Nigeria,2011,0.348,0.481,0.508,5136.0,8.544029845369797,0.04604685396943964,0.22914864671863988,0.006000000000000005,0.01100000000000001,0.0,-0.01200000000000001,0.0,0.15623788192900634,0.19176211807099364,0.032111009399383106,Mid,False
Nigeria,2012,0.36,0.506,0.512,5216.3154,8.559546569569797,0.015516724199999388,0.1664784068013958,0.0040000000000000036,0.013000000000000012,0.0,-0.02100000000000002,0.0,0.155927146247962,0.20407285375203799,0.010718587347956055,Mid,False
Nigeria,2013,0.381,0.52,0.517,5356.3887,8.586045276993318,0.026498707423520784,0.08806228559295981,0.0050000000000000044,0.015000000000000013,0.0,-0.008000000000000007,0.0,0.2401765533256202,0.1408234466743798,-0.06548415009354969,Mid,False
Nigeria,2014,0.389,0.525,0.524,5550.727,8.6216841891529,0.03563891215958215,0.07765434378310232,0.007000000000000006,0.016000000000000014,0.0,0.029000000000000026,0.0,0.24453463624143054,0.14446536375856947,-0.047296754312424166,Mid,False
Nigeria,2015,0.401,0.554,0.53,5558.026,8.622998288233212,0.0013140990803126584,0.06345171866341559,0.006000000000000005,0.018000000000000016,0.0,0.052000000000000046,0.0,0.2754682239815212,0.1255317760184788,-0.07854107773355917,Mid,False
Nigeria,2016,0.395,0.555,0.532,5337.1294,8.58244322187101,-0.0405550663622023,-0.0036020551223074904,0.0020000000000000018,0.015000000000000013,1.0,0.064,0.0,0.2494253611173435,0.1455746388826565,0.004751192208276717,High,False
Nigeria,2017,0.393,0.556,0.534,5248.6885,8.565733514854264,-0.016709707016746123,-0.05595067429863576,0.0020000000000000018,0.010000000000000009,0.0,0.07200000000000001,0.0,0.23171844014899373,0.16128155985100628,0.016816196092436814,High,False
North Macedonia,1996,0.357,0.463,0.657,7095.1665,8.867169056549235,0.007930672035584507,-0.030900741631697315,0.0040000000000000036,0.010000000000000009,0.0,0.023999999999999966,0.0,0.40475145668794577,-0.04775145668794578,-0.03052379873851163,High,False
North Macedonia,1997,0.362,0.471,0.661,7179.0264,8.878919053962116,0.011749997412881186,0.003482768797017144,0.0040000000000000036,0.013000000000000012,0.0,0.02899999999999997,0.0,0.4397992759691898,-0.07779927596918979,-0.08390592602209651,High,True
North Macedonia,1998,0.388,0.503,0.666,7411.548,8.91079460335472,0.03187554939260373,0.05155621884106942,0.0050000000000000044,0.013000000000000012,0.0,0.05499999999999999,0.0,0.42895018443745214,-0.04095018443745213,-0.012034765134346648,Mid,False
North Macedonia,1999,0.429,0.564,0.675,7732.047,8.953128918943994,0.04233431558927414,0.08595986239475906,0.009000000000000008,0.018000000000000016,0.0,0.09599999999999997,0.0,0.39705913557151984,0.031940864428480154,0.07969232111642593,Mid,False
North Macedonia,2000,0.352,0.459,0.686,8083.7896,8.997616051465364,0.04448713252137004,0.11869699750324791,0.01100000000000001,0.025000000000000022,0.0,0.01899999999999996,0.0,0.3264817400219054,0.025518259978094593,0.10331753594728438,Low,False
North Macedonia,2001,0.333,0.445,0.691,7835.027,8.966359600859487,-0.031256450605877006,0.05556499750476718,0.004999999999999893,0.02499999999999991,1.0,-0.066,0.0,0.2749068153739924,0.0580931846260076,0.09904336906345973,Mid,False
North Macedonia,2002,0.399,0.525,0.694,7964.0776,8.982696408983928,0.01633680812444105,0.029567490039934086,0.0030000000000000027,0.018999999999999906,0.0,-0.03899999999999998,0.0,0.42939638570583843,-0.030396385705838413,-0.06233725013431857,Mid,False
North Macedonia,2003,0.465,0.617,0.7,8160.413,9.007050059422468,0.024353650438539987,0.00943400795710403,0.006000000000000005,0.013999999999999901,0.0,0.05300000000000005,0.0,0.44166662579633975,0.023333374203660273,-0.0021848857744343197,High,False
North Macedonia,2004,0.468,0.618,0.708,8561.384,9.055017138309614,0.047967078887145576,0.08865753745012661,0.008000000000000007,0.017000000000000015,0.0,0.09000000000000002,0.0,0.42881118671824425,0.039188813281755774,-0.018904371344251825,Mid,False
North Macedonia,2005,0.455,0.603,0.717,8984.545,9.103261157979933,0.048244019670319105,0.12056474899600467,0.009000000000000008,0.02300000000000002,0.0,0.08200000000000002,0.0,0.3591921428267565,0.09580785717324353,0.12620424287908194,Low,False
North Macedonia,2006,0.451,0.597,0.726,9466.264,9.155489599365271,0.05222844138533844,0.14843953994280312,0.009000000000000008,0.026000000000000023,0.0,0.11099999999999999,1.0,0.32675090070753793,0.12424909929246208,0.10091572508880181,Low,False
North Macedonia,2007,0.438,0.584,0.732,10099.407,9.220231988234396,0.06474238886912431,0.16521484992478186,0.006000000000000005,0.02400000000000002,0.0,0.123,1.0,0.35701965467867025,0.08098034532132975,0.041791532039573975,Low,False
North Macedonia,2008,0.412,0.553,0.753,10674.208,9.27558564330699,0.05535365507259371,0.17232448532705646,0.02100000000000002,0.03600000000000003,0.0,0.125,1.0,0.3883124912241518,0.023687508775848187,-0.07212034839739534,Low,False
North Macedonia,2009,0.378,0.528,0.757,10657.878,9.274054615990687,-0.0015310273163020582,0.11856501662541596,0.0040000000000000036,0.031000000000000028,0.0,0.10199999999999998,1.0,0.3748790513609147,0.003120948639085297,-0.12112815065337679,Low,False
North Macedonia,2010,0.373,0.526,0.765,11038.29,9.309125416529842,0.035070800539154234,0.08889342829544589,0.008000000000000007,0.03300000000000003,0.0,0.10299999999999998,1.0,0.5085177088967588,-0.13551770889675885,-0.2164980542180886,Low,False
North Macedonia,2011,0.34,0.478,0.771,11321.0,9.334414687078109,0.02528927054826724,0.058829043771119416,0.006000000000000005,0.018000000000000016,0.0,0.07,0.0,0.5625143121414653,-0.22251431214146528,-0.24620182091731346,Mid,False
North Macedonia,2012,0.315,0.45,0.775,11255.701,9.328630034830887,-0.0057846522472218,0.054575418840199674,0.0040000000000000036,0.018000000000000016,0.0,0.044999999999999984,0.0,0.5574652172262848,-0.24246521722628483,-0.24558616586537013,Mid,False
North Macedonia,2013,0.287,0.448,0.782,11568.169,9.356012553558775,0.02738251872788844,0.04688713702893388,0.007000000000000006,0.017000000000000015,0.0,0.01699999999999996,0.0,0.5634403859546255,-0.27644038595462556,-0.1409226770578667,Mid,False
North Macedonia,2014,0.276,0.447,0.788,11968.066,9.389997214904936,0.033984661346160294,0.05558252782682693,0.006000000000000005,0.017000000000000015,0.0,0.006000000000000005,0.0,0.584042864387134,-0.308042864387134,-0.08552855224566874,Mid,False
North Macedonia,2015,0.27,0.44,0.795,12412.94,9.426494755862116,0.03649754095718016,0.0978647210312289,0.007000000000000006,0.020000000000000018,0.0,-0.009000000000000008,0.0,0.5915519696931174,-0.3215519696931174,-0.07908675246683255,Mid,False
North Macedonia,2016,0.279,0.449,0.8,12752.585,9.4534892751346,0.02699451927248475,0.09747672157582521,0.0050000000000000044,0.018000000000000016,0.0,-0.09699999999999998,0.0,0.6050325420524613,-0.32603254205246124,-0.04959215609783568,Mid,False
North Macedonia,2017,0.376,0.548,0.807,12878.021,9.463277338784794,0.009788063650193024,0.07328012387985794,0.007000000000000006,0.019000000000000017,0.0,0.0030000000000000027,0.0,0.6742432155196365,-0.2982432155196365,0.009799648867497512,Mid,False
Norway,1996,0.847,0.881,0.894,43133.145,10.672047006065267,0.07431794696237581,0.214113692897131,0.007000000000000006,0.019000000000000017,0.0,0.0,0.0,0.4668025915595316,0.3801974084404684,0.17143993596504165,Low,False
Norway,1997,0.847,0.881,0.9,46556.48,10.748421478172821,0.07637447210755433,0.2165163244647843,0.006000000000000005,0.010000000000000009,0.0,-0.0010000000000000009,0.0,0.5487090084182835,0.29829099158171646,-0.07283790106298099,Mid,False
Norway,1998,0.848,0.882,0.908,48956.73,10.798692125740022,0.05027064756720101,0.20096306663713115,0.008000000000000007,0.02100000000000002,0.0,0.0,0.0,0.530299762676209,0.31770023732379093,-0.06810361743730597,Low,False
Norway,1999,0.848,0.882,0.913,51129.184,10.842110728627311,0.04341860288728938,0.17006372256204472,0.0050000000000000044,0.019000000000000017,0.0,-0.009000000000000008,0.0,0.5210163088538865,0.3269836911461135,-0.05321371729435492,Low,False
Norway,2000,0.857,0.891,0.924,54039.96,10.897479051881412,0.05536832325410046,0.14905757370859085,0.01100000000000001,0.02400000000000002,0.0,-0.0010000000000000009,0.0,0.5372277210332908,0.31977227896670923,0.021481287384992775,Low,False
Norway,2001,0.858,0.892,0.923,56578.38,10.943382212420204,0.045903160538792065,0.1446900866801819,-0.0010000000000000009,0.015000000000000013,0.0,-0.0020000000000000018,0.0,0.4879419658383183,0.3700580341616817,0.05235779683789077,Mid,False
Norway,2002,0.86,0.893,0.923,58840.414,10.982584210720532,0.039201998300328,0.14047348209322053,0.0,0.010000000000000009,0.0,0.0,0.0,0.6104818706055256,0.24951812939447438,-0.0774655617516391,Mid,False
Norway,2003,0.86,0.893,0.93,60852.258,11.016204205368943,0.03361999464841148,0.11872515348753154,0.007000000000000006,0.006000000000000005,0.0,0.0,0.0,0.6507968764031681,0.2092031235968319,-0.11056915536987733,Mid,False
Norway,2004,0.86,0.893,0.937,64824.145,11.079433420963927,0.0632292155949834,0.13605120854372288,0.007000000000000006,0.014000000000000012,0.0,-0.0020000000000000018,0.0,0.3300226283250054,0.5299773716749946,0.1599193375133129,Mid,False
Norway,2005,0.862,0.895,0.939,68108.555,11.12885810832979,0.04942468736586392,0.1462738976092588,0.0019999999999998908,0.015999999999999903,0.0,-0.0020000000000000018,0.0,0.2903327318444487,0.5716672681555512,0.32214913876107687,Mid,False
Norway,2006,0.864,0.898,0.942,71310.53,11.17479928133241,0.04594117300261935,0.15859507596346667,0.0030000000000000027,0.0119999999999999,0.0,0.0,0.0,0.33607787425925384,0.5279221257407462,0.31871900214391424,Mid,False
Norway,2007,0.864,0.898,0.943,74879.81,11.223639573755092,0.04884029242268184,0.1442061527911651,0.0010000000000000009,0.005999999999999894,0.0,0.0,0.0,0.3923055561976719,0.4716944438023281,-0.05828292787266648,Mid,False
Norway,2008,0.864,0.898,0.943,76522.06,11.245334344258211,0.021694770503119187,0.11647623592842038,0.0,0.0040000000000000036,0.0,0.0010000000000000009,0.0,0.43926798063489697,0.424732019365103,-0.14693524879044823,Mid,False
Norway,2009,0.866,0.899,0.944,76625.63,11.24668689506442,0.0013525508062084413,0.07188761373200947,0.0010000000000000009,0.0020000000000000018,0.0,0.0030000000000000027,0.0,0.4228879717889188,0.4431120282110812,-0.08481009752966495,High,True
Norway,2010,0.869,0.901,0.947,78476.15,11.270550035951299,0.023863140886879464,0.04691046219620709,0.0030000000000000027,0.0040000000000000036,0.0,0.006000000000000005,0.0,0.5340229354004659,0.33497706459953414,-0.13671737920279398,High,True
Norway,2011,0.869,0.901,0.949,80623.0,11.297539247588844,0.026989211637545196,0.0522049033306331,0.0020000000000000018,0.006000000000000005,0.0,0.010000000000000009,0.0,0.5193038452429612,0.34969615475703875,-0.07503586460806427,High,True
Norway,2012,0.869,0.901,0.95,81725.22,11.311117923543515,0.013578675954670771,0.06443102847909543,0.0010000000000000009,0.006000000000000005,0.0,0.014000000000000012,0.0,0.45547482805308875,0.41352517194691124,-0.02958685626416996,High,False
Norway,2013,0.863,0.897,0.953,81564.3,11.309146945221151,-0.0019709783223635924,0.038596909269852375,0.0030000000000000027,0.006000000000000005,0.0,0.016000000000000014,0.0,0.5692168824003058,0.2937831175996942,-0.041193946999839914,High,False
Norway,2014,0.866,0.9,0.956,82311.33,11.318264044261609,0.009117099040457433,0.02072479667276461,0.0030000000000000027,0.007000000000000006,0.0,0.019000000000000017,0.0,0.5827535891605156,0.28324641083948443,-0.06644974391755432,High,True
Norway,2015,0.871,0.904,0.959,82983.99,11.326402976606499,0.008138932344889938,0.015285053062983778,0.0030000000000000027,0.009000000000000008,0.0,0.031000000000000028,0.0,0.5873180563303165,0.28368194366968347,-0.12984322827722777,High,True
Norway,2016,0.859,0.891,0.962,83213.016,11.32915905688117,0.0027560802746720015,0.02001211166001937,0.0030000000000000027,0.009000000000000008,0.0,0.019000000000000017,0.0,0.5873180563303165,0.27168194366968346,-0.022101173930010765,High,False
Norway,2017,0.855,0.888,0.965,84600.71,11.345697937994087,0.01653888111291657,0.02743389373247851,0.0030000000000000027,0.009000000000000008,0.0,0.015000000000000013,0.0,0.5741441433957387,0.28085585660426127,-0.0023905542352231635,High,False
Oman,2006,0.127,0.157,0.766,33374.895,10.415559249630187,0.09360612903092758,0.20040531161731678,0.010000000000000009,0.027000000000000024,0.0,0.0020000000000000018,0.0,0.25206661817084675,-0.12506661817084674,0.11764146809642273,Low,False
Oman,2007,0.125,0.157,0.774,36424.98,10.503010081989816,0.0874508323596288,0.24160042354485434,0.008000000000000007,0.031000000000000028,0.0,-0.0010000000000000009,0.0,0.1328997569374988,-0.007899756937498809,0.18955929879426806,Low,False
Oman,2008,0.126,0.157,0.782,40909.938,10.619128295400419,0.11611821341060313,0.2971751748011595,0.008000000000000007,0.026000000000000023,0.0,0.0,0.0,0.008921144692585755,0.11707885530741424,0.3773709932358326,Low,False
Oman,2009,0.126,0.157,0.799,44244.65,10.6974897391718,0.07836144377138154,0.2819304895416135,0.017000000000000015,0.03300000000000003,0.0,0.0,0.0,0.1875378685534872,-0.061537868553487196,0.06352874961735955,Low,False
Oman,2010,0.126,0.156,0.804,46182.16,10.74034885530966,0.0428591161378602,0.23733877331984488,0.0050000000000000044,0.030000000000000027,0.0,-0.010000000000000009,0.0,0.25430459354772017,-0.12830459354772017,-0.12040483661022136,Low,False
Oman,2011,0.136,0.167,0.822,44454.0,10.702210225644713,-0.03813862966494774,0.083081930244294,0.017999999999999905,0.039999999999999925,1.0,-0.0020000000000000018,0.0,0.21243443700004846,-0.07643443700004846,-0.1935132923074627,Low,False
Oman,2012,0.138,0.171,0.824,47427.582,10.766959237179925,0.06474901153521273,0.06946949800812519,0.0020000000000000018,0.02499999999999991,0.0,-0.0010000000000000009,0.0,0.2366657895505371,-0.09866578955053709,-0.037127920997049896,Mid,False
Oman,2013,0.139,0.171,0.827,48900.758,10.797548176365318,0.030588939185392405,0.05719932105565739,0.0030000000000000027,0.02299999999999991,0.0,-0.0010000000000000009,0.0,0.29159480227199247,-0.15259480227199246,-0.02429020872427229,Mid,False
Oman,2014,0.14,0.172,0.831,48528.41,10.789904678623301,-0.007643497742016336,0.0876944529785888,0.0040000000000000036,0.009000000000000008,0.0,0.0,0.0,0.42909306084091037,-0.28909306084091035,-0.2126586238408619,Mid,False
Oman,2015,0.141,0.172,0.838,49926.875,10.818314713913296,0.028410035289994084,0.05135547673337015,0.007000000000000006,0.014000000000000012,0.0,0.003999999999999976,0.0,0.25265824599569875,-0.11165824599569876,-0.01299245644516167,Mid,False
Oman,2016,0.141,0.175,0.845,51382.734,10.84705748061449,0.028742766701194356,0.049509304249172104,0.007000000000000006,0.018000000000000016,0.0,0.003999999999999976,0.0,0.206181601130507,-0.065181601130507,0.08741320114148546,Mid,False
Oman,2017,0.14,0.176,0.848,50502.68,10.829781683162256,-0.017275797452233732,0.03987700453895471,0.0030000000000000027,0.017000000000000015,0.0,0.0030000000000000027,0.0,0.21436828349380677,-0.07436828349380675,0.2147247773471036,Mid,False
Pakistan,1996,0.201,0.37,0.42,2979.808,7.999614147893578,0.010839566595155503,0.07036811425775191,0.0050000000000000044,0.01200000000000001,0.0,0.11000000000000001,1.0,0.2868301755712474,-0.08583017557124739,0.0018209554577981457,Mid,False
Pakistan,1997,0.196,0.386,0.422,2986.7056,8.001926252930188,0.00231210503661039,0.04478177314731546,0.0020000000000000018,0.010000000000000009,0.0,0.10500000000000001,1.0,0.29641790806693213,-0.10041790806693213,-0.0159820456246636,High,False
Pakistan,1998,0.199,0.391,0.426,3035.4517,8.018115522732481,0.016189269802293182,0.029340941434059076,0.0040000000000000036,0.01100000000000001,0.0,0.10800000000000001,1.0,0.275483545060233,-0.07648354506023297,0.001753467913702511,High,False
Pakistan,1999,0.167,0.34,0.431,3111.9585,8.043007549733785,0.024892027001303774,0.043393401840207346,0.0050000000000000044,0.01100000000000001,0.0,0.07600000000000001,0.0,0.28217622650373386,-0.11517622650373385,-0.02934605093248646,High,False
Pakistan,2000,0.094,0.205,0.436,3154.5115,8.056588929389891,0.013581379656105952,0.05466267645970291,0.0050000000000000044,0.014000000000000012,0.0,0.0030000000000000027,0.0,0.2772913828909153,-0.18329138289091532,-0.08287347482398319,Mid,False
Pakistan,2001,0.091,0.203,0.443,3176.9468,8.063675888772055,0.007086959382164082,0.04556036603957381,0.007000000000000006,0.017000000000000015,0.0,-0.04100000000000001,0.0,0.3137244684664529,-0.2227244684664529,-0.14624092340621994,Mid,False
Pakistan,2002,0.132,0.243,0.45,3265.6865,8.091225279945832,0.027549391173776527,0.04821773021204656,0.007000000000000006,0.019000000000000017,0.0,-0.05299999999999999,0.0,0.3132320396724247,-0.18123203967242468,-0.06605581316869083,Mid,False
Pakistan,2003,0.19,0.356,0.458,3437.992,8.142642859005823,0.05141757905999178,0.08605392961593239,0.008000000000000007,0.02200000000000002,0.0,0.0050000000000000044,0.0,0.2435393644419423,-0.053539364441942294,0.12975201844897302,Mid,False
Pakistan,2004,0.192,0.356,0.472,3664.5334,8.206456293801104,0.06381343479528034,0.14278040502904865,0.013999999999999957,0.02899999999999997,0.0,0.007000000000000006,0.0,0.21104500534094778,-0.019045005340947774,0.20367946312550514,Low,False
Pakistan,2005,0.189,0.358,0.48,3883.9346,8.26460399095843,0.058147697157325595,0.17337871101259772,0.008000000000000007,0.02999999999999997,0.0,0.0040000000000000036,0.0,0.15831257037221627,0.03068742962778373,0.2119194693002084,Low,False
Pakistan,2006,0.187,0.355,0.489,4062.6665,8.30959481041353,0.044990819455101416,0.16695195140770736,0.009000000000000008,0.030999999999999972,0.0,0.0020000000000000018,0.0,0.16077065784101208,0.026229342158987923,0.07976870660093022,Low,False
Pakistan,2007,0.185,0.351,0.495,4160.365,8.333358089790963,0.023763279377432056,0.12690179598985907,0.006000000000000005,0.02300000000000002,0.0,-0.038000000000000006,0.0,0.2086658839737742,-0.0236658839737742,-0.004620878632826425,Low,False
Pakistan,2008,0.223,0.416,0.496,4224.405,8.348633701471657,0.015275611680694468,0.08402971051322794,0.0010000000000000009,0.016000000000000014,0.0,-0.036000000000000004,0.0,0.2759262160863211,-0.052926216086321115,-0.08361364571410485,Mid,False
Pakistan,2009,0.259,0.451,0.497,4288.462,8.363683439484142,0.015049738012484326,0.05408862907061085,0.0010000000000000009,0.008000000000000007,0.0,-0.023999999999999966,0.0,0.24265343149460156,0.01634656850539845,-0.009882773653589472,High,False
Pakistan,2010,0.285,0.466,0.5,4354.267,8.378911562835771,0.015228123351629819,0.04555347304480861,0.0030000000000000027,0.0050000000000000044,0.0,0.020999999999999963,0.0,0.24573254463896751,0.03926745536103246,0.06293333933480666,High,False
Pakistan,2011,0.283,0.466,0.504,4464.0,8.403800504061147,0.02488894122537566,0.055166802589489805,0.0040000000000000036,0.008000000000000007,0.0,0.024999999999999967,0.0,0.2419066296742339,0.04109337032576607,0.09401958641208719,High,False
Pakistan,2012,0.283,0.466,0.508,4538.3457,8.42031784137177,0.016517337310622437,0.056634401887627916,0.0040000000000000036,0.01100000000000001,0.0,0.025999999999999968,0.0,0.2657081205875723,0.017291879412427658,0.0009453109070292065,High,False
Pakistan,2013,0.285,0.47,0.512,4638.1616,8.442073359813058,0.021755518441288757,0.06316179697728685,0.0040000000000000036,0.01200000000000001,0.0,0.034999999999999976,0.0,0.2659126715036471,0.019087328496352862,-0.0201801268646796,Mid,False
Pakistan,2014,0.283,0.469,0.522,4750.878,8.466084722052752,0.024011362239694023,0.06228421799160522,0.010000000000000009,0.018000000000000016,0.0,0.04999999999999996,0.0,0.25300124651539757,0.029998753484602403,-0.011094616841163668,Mid,False
Pakistan,2015,0.264,0.441,0.527,4889.915,8.494930199904754,0.028845477852001977,0.07461235853298476,0.0050000000000000044,0.019000000000000017,0.0,0.031,0.0,0.2708572443191759,-0.0068572443191758925,-0.02414912373160355,Mid,False
Pakistan,2016,0.258,0.429,0.535,5030.8354,8.523341332802453,0.028411132897698366,0.08126797298939437,0.008000000000000007,0.02300000000000002,0.0,0.024999999999999994,0.0,0.26566540856142823,-0.007665408561428222,-0.026752737057781084,Mid,False
Pakistan,2017,0.257,0.419,0.537,5189.937,8.554476837357935,0.03113550455548264,0.08839211530518298,0.0020000000000000018,0.015000000000000013,0.0,0.03,0.0,0.2975371980606639,-0.040537198060663915,-0.07053595154526632,Mid,False
Panama,1996,0.534,0.711,0.694,8652.076,9.065554571130532,0.011191863568704719,0.02355332731416837,0.0040000000000000036,0.007999999999999896,0.0,0.010000000000000009,0.0,0.4581738494383932,0.07582615056160685,-0.18922252326444144,High,True
Panama,1997,0.534,0.711,0.701,9054.722,9.111041668576204,0.045487097445672475,0.05739639404741936,0.007000000000000006,0.013000000000000012,0.0,0.010000000000000009,0.0,0.43713444085447356,0.09686555914552647,-0.10442206920770586,Mid,False
Panama,1998,0.524,0.699,0.707,9560.335,9.1653780472725,0.05433637869629493,0.11101533971067212,0.006000000000000005,0.017000000000000015,0.0,0.0,0.0,0.37086257548098067,0.15313742451901935,0.014844116499020732,Mid,False
Panama,1999,0.524,0.698,0.712,9784.694,9.18857460698554,0.0231965597130408,0.1230200358550082,0.0050000000000000044,0.018000000000000016,0.0,-0.025000000000000022,0.0,0.373426616775451,0.150573383224549,0.07474723266294214,Mid,False
Panama,2000,0.549,0.73,0.718,9898.788,9.200167604385799,0.011592997400258653,0.08912593580959438,0.006000000000000005,0.017000000000000015,0.0,0.0020000000000000018,0.0,0.44927031365633463,0.09972968634366541,0.002864127198138944,Mid,False
Panama,2001,0.558,0.738,0.723,9804.559,9.190602760566424,-0.009564843819374502,0.02522471329392495,0.0050000000000000044,0.016000000000000014,0.0,0.01100000000000001,0.0,0.43486415703857306,0.12313584296142699,-0.03000158155759236,Mid,False
Panama,2002,0.558,0.738,0.73,9879.454,9.198212526056954,0.007609765490530052,0.009637919071414203,0.007000000000000006,0.018000000000000016,0.0,0.01100000000000001,0.0,0.45901600320024294,0.09898399679975711,-0.05158938642479188,Mid,False
Panama,2003,0.558,0.738,0.735,10153.772,9.225600541050001,0.027388014993046994,0.025432936664202543,0.0050000000000000044,0.017000000000000015,0.0,0.01100000000000001,0.0,0.4473247106013909,0.11067528939860916,0.010945603054943742,Mid,False
Panama,2004,0.561,0.737,0.741,10769.523,9.284475479476024,0.05887493842602254,0.09387271890959958,0.006000000000000005,0.018000000000000016,0.0,0.014000000000000012,0.0,0.41262662343297807,0.148373376567022,0.025237533605594997,Mid,False
Panama,2005,0.547,0.736,0.746,11389.244,9.340424680226084,0.05594920075006016,0.1422121541691297,0.0050000000000000044,0.016000000000000014,0.0,0.0,0.0,0.42623806889965404,0.120761931100346,0.021777934300588886,Mid,False
Panama,2006,0.547,0.736,0.753,12195.747,9.40884256338658,0.06841788316049602,0.1832420223365787,0.007000000000000006,0.018000000000000016,0.0,0.0,0.0,0.4875806060327135,0.059419393967286516,-0.05125589543132264,Low,False
Panama,2007,0.547,0.736,0.763,13492.383,9.509880582971043,0.1010380195844629,0.22540510349501908,0.010000000000000009,0.02200000000000002,0.0,0.0,0.0,0.47953884003292874,0.0674611599670713,-0.08091221659995068,Low,False
Panama,2008,0.547,0.736,0.767,14466.968,9.579623260696543,0.06974267772550036,0.23919858047045928,0.0040000000000000036,0.02100000000000002,0.0,0.0,0.0,0.4857165117886917,0.06128348821130836,-0.05947844288903764,Low,False
Panama,2009,0.549,0.739,0.77,14515.766,9.58299064805974,0.003367387363196528,0.1741480846731598,0.0030000000000000027,0.017000000000000015,0.0,0.0050000000000000044,0.0,0.5285115123720958,0.02048848762790423,-0.03893090633938229,Low,False
Panama,2010,0.554,0.746,0.775,15169.125,9.627017391048193,0.04402674298845355,0.11713680807715043,0.0050000000000000044,0.01200000000000001,0.0,0.010000000000000009,0.0,0.5685159668395933,-0.01451596683959322,-0.08197712680666452,Mid,False
Panama,2011,0.554,0.746,0.781,16762.0,9.726869698658852,0.099852307610659,0.14724643796230907,0.006000000000000005,0.014000000000000012,0.0,0.010000000000000009,0.0,0.43734916304035437,0.11665083695964568,0.05536734874833732,Mid,False
Panama,2012,0.554,0.746,0.798,18051.0,9.800956363888462,0.0740866652296095,0.21796571582872204,0.017000000000000015,0.028000000000000025,0.0,0.010000000000000009,0.0,0.4805607825040089,0.07343921749599114,0.05295072986808691,Low,False
Panama,2013,0.547,0.748,0.799,18979.0,9.85108838373692,0.0501320198484585,0.224070992688727,0.0010000000000000009,0.02400000000000002,0.0,0.008000000000000007,0.0,0.46147548245279785,0.0855245175472022,0.10004048438679541,Low,False
Panama,2014,0.544,0.744,0.798,19855.0,9.896211143565353,0.04512275982843228,0.16934144490650027,-0.0010000000000000009,0.017000000000000015,0.0,0.009000000000000008,0.0,0.4994943888107771,0.044505611189222916,-0.07214522577042276,Low,False
Panama,2015,0.553,0.755,0.803,20723.0,9.938999473537487,0.042788329972134775,0.13804310964902555,0.0050000000000000044,0.0050000000000000044,0.0,0.020000000000000018,0.0,0.5674942769059902,-0.014494276905990144,-0.08793349440198128,Mid,False
Panama,2016,0.55,0.753,0.81,21445.125,9.97325262579853,0.03425315226104253,0.12216424206160958,0.007000000000000006,0.01100000000000001,0.0,0.017000000000000015,0.0,0.5897989151815627,-0.039798915181562644,-0.12532343272876484,Mid,False
Panama,2017,0.553,0.736,0.815,22331.217,10.013740844020838,0.04048821822230764,0.11752970045548494,0.004999999999999893,0.016999999999999904,0.0,0.020000000000000018,0.0,0.5803339934050207,-0.02733399340502063,-0.07183960459424354,Mid,False
Paraguay,1996,0.38,0.523,0.646,5360.743,8.58685786386105,-0.01900953793742488,0.01690157275048776,0.009000000000000008,0.020000000000000018,0.0,-0.0030000000000000027,0.0,0.2944648080167946,0.08553519198320542,0.038869083055354914,Mid,False
Paraguay,1997,0.383,0.527,0.653,5399.426,8.594047930606218,0.007190066745167201,0.017548539050752154,0.007000000000000006,0.02200000000000002,0.0,-0.0020000000000000018,0.0,0.27833131097207475,0.10466868902792525,0.021275730657793868,Mid,False
Paraguay,1998,0.386,0.532,0.659,5321.9194,8.579589306740502,-0.014458623865715836,-0.026278095057973516,0.006000000000000005,0.02200000000000002,0.0,0.0010000000000000009,0.0,0.25734246670670846,0.12865753329329155,0.03141837435048128,Mid,False
Paraguay,1999,0.385,0.535,0.664,5150.4087,8.546831349732306,-0.032757957008195504,-0.04002651412874414,0.0050000000000000044,0.018000000000000016,1.0,-0.006000000000000005,0.0,0.24987039673200628,0.13512960326799373,0.04959441128478831,High,False
Paraguay,2000,0.391,0.54,0.664,4896.4297,8.49626158586387,-0.05056976386843637,-0.09778634474234771,0.0,0.01100000000000001,1.0,0.0,0.0,0.20726956186875206,0.18373043813124795,0.0790617491033227,High,False
Paraguay,2001,0.391,0.54,0.671,4918.046,8.500666576128085,0.004404990264214703,-0.07892273061241717,0.007000000000000006,0.01200000000000001,0.0,0.0,0.0,0.25696276387783823,0.13403723612216178,0.005379702828870236,High,False
Paraguay,2002,0.391,0.54,0.679,5571.4272,8.625406529902595,0.12473995377450997,0.0785751801702883,0.008000000000000007,0.015000000000000013,0.0,-0.01799999999999996,0.0,0.2312846860273216,0.1597153139726784,0.024585710704684682,Mid,False
Paraguay,2003,0.409,0.565,0.673,5726.99,8.652945366277438,0.027538836374843,0.15668378041356767,-0.006000000000000005,0.009000000000000008,0.0,-0.018000000000000016,0.0,0.2536960428533056,0.15530395714669437,-0.02842648098455358,Mid,False
Paraguay,2004,0.428,0.595,0.681,5876.66,8.678743852293215,0.025798486015776945,0.17807727616512992,0.008000000000000007,0.010000000000000009,0.0,0.0010000000000000009,0.0,0.1981499067189935,0.2298500932810065,0.09581285715884472,Mid,False
Paraguay,2005,0.427,0.595,0.683,5922.791,8.686563069481846,0.0078192171886311,0.061156539579251046,0.0020000000000000018,0.0040000000000000036,0.0,-0.006000000000000005,0.0,0.3155799193290111,0.11142008067098891,-0.0482952333016895,High,False
Paraguay,2006,0.433,0.595,0.684,6128.6426,8.720728568846978,0.034165499365132135,0.06778320256954018,0.0010000000000000009,0.01100000000000001,0.0,-0.013000000000000012,0.0,0.31986392792548907,0.11313607207451093,-0.04216788507218344,Mid,False
Paraguay,2007,0.446,0.595,0.69,6383.4854,8.76146952811124,0.040740959264262244,0.08272567581802548,0.005999999999999894,0.008999999999999897,0.0,-0.033999999999999975,0.0,0.3598806331337414,0.0861193668662586,-0.1437307264147479,Mid,False
Paraguay,2008,0.493,0.62,0.7,6713.0303,8.811805737558835,0.05033620944759498,0.12524266807698936,0.010000000000000009,0.016999999999999904,0.0,0.08600000000000002,0.0,0.31190906414262304,0.18109093585737696,0.06967085518638805,Mid,False
Paraguay,2009,0.502,0.631,0.7,6376.9414,8.760443856999096,-0.05136188055973889,0.03971528815211833,0.0,0.015999999999999903,1.0,0.09500000000000003,0.0,0.34618695488329454,0.15581304511670546,0.04267697304219453,Mid,False
Paraguay,2010,0.509,0.639,0.709,7139.027,8.873331771537611,0.11288791453851488,0.11186224342637097,0.009000000000000008,0.019000000000000017,0.0,0.10200000000000004,1.0,0.3312049936911638,0.1777950063088362,0.09167563944257762,Mid,False
Paraguay,2011,0.503,0.63,0.715,7377.0,8.906122330884303,0.03279055934669195,0.09431659332546793,0.006000000000000005,0.015000000000000013,0.0,0.09600000000000003,0.0,0.36596061924595696,0.13703938075404304,-0.04405155510333392,Mid,False
Paraguay,2012,0.48,0.608,0.719,7232.376,8.886322891870963,-0.019799439013340248,0.12587903487186658,0.0040000000000000036,0.019000000000000017,0.0,0.07300000000000001,0.0,0.308346314915251,0.17165368508474899,0.015840639968043524,Mid,False
Paraguay,2013,0.407,0.585,0.73,7735.565,8.953583804941996,0.0672609130710331,0.0802520334043848,0.01100000000000001,0.02100000000000002,0.0,-0.007000000000000006,0.0,0.34065240083562676,0.06634759916437322,-0.111447407144463,Mid,False
Paraguay,2014,0.414,0.595,0.733,8047.5933,8.993128356768386,0.03954455182639016,0.08700602588408302,0.0030000000000000027,0.018000000000000016,0.0,0.0,0.0,0.34081675989773347,0.07318324010226651,-0.06385614065177653,Mid,False
Paraguay,2015,0.416,0.593,0.737,8188.404,9.010474286062268,0.017345929293881568,0.12415139419130483,0.0040000000000000036,0.018000000000000016,0.0,0.0020000000000000018,0.0,0.39696681946498746,0.019033180535012517,-0.15262050454973647,Mid,False
Paraguay,2016,0.414,0.589,0.737,8438.709,9.040584613804802,0.030110327742534082,0.08700080886280581,0.0,0.007000000000000006,0.0,-0.0030000000000000027,0.0,0.35781496001053875,0.05618503998946123,-0.01016255917491199,Mid,False
Paraguay,2017,0.418,0.596,0.74,8741.245,9.07580790701734,0.03522329321253892,0.08267955024895457,0.0030000000000000027,0.007000000000000006,0.0,0.0010000000000000009,0.0,0.3979052935547593,0.020094706445240695,-0.053088533657025816,High,True
Peru,1996,0.129,0.362,0.658,5739.79,8.655177903278497,0.012580533253800041,0.1669973372855207,0.0040000000000000036,0.025000000000000022,0.0,0.009000000000000008,0.0,0.2770344862783379,-0.14803448627833787,0.13160182288802375,Low,False
Peru,1997,0.125,0.362,0.663,6027.8164,8.704140101419231,0.04896219814073355,0.11715539751468285,0.0050000000000000044,0.019000000000000017,0.0,0.0050000000000000044,0.0,0.36074282398882157,-0.23574282398882157,-0.018570795840762183,Mid,False
Peru,1998,0.12,0.349,0.671,5926.733,8.687228412688109,-0.016911688731122254,0.044631042663411336,0.008000000000000007,0.017000000000000015,0.0,0.0,0.0,0.42554574736209494,-0.30554574736209494,-0.13721947139566404,Mid,False
Peru,1999,0.12,0.349,0.68,5945.1953,8.690338659720704,0.0031102470325947706,0.035160756442206065,0.009000000000000008,0.02200000000000002,0.0,-0.065,0.0,0.42241639266581876,-0.30241639266581877,-0.1543819063874809,Mid,False
Peru,2000,0.185,0.413,0.682,6038.2446,8.705868619548955,0.01552995982825145,0.001728518129723966,0.0020000000000000018,0.019000000000000017,0.0,-0.38199999999999995,0.0,0.4035136229772539,-0.2185136229772539,0.017229201011567663,Mid,False
Peru,2001,0.567,0.723,0.69,6010.225,8.701217464432476,-0.0046511551164787335,0.013989051744367487,0.007999999999999896,0.018999999999999906,0.0,-0.08100000000000007,0.0,0.428047350069542,0.13895264993045797,0.4444983972925529,Mid,False
Peru,2002,0.648,0.792,0.69,6274.4185,8.74423609038321,0.043018625950733025,0.05389743066250574,0.0,0.009999999999999898,0.0,0.0010000000000000009,0.0,0.41727120018549174,0.23072879981450828,0.533145192480327,High,False
Peru,2003,0.651,0.792,0.689,6472.341,8.775293145854663,0.031057055471453765,0.06942452630570806,-0.0010000000000000009,0.006999999999999895,0.0,0.0040000000000000036,0.0,0.4042124059962409,0.2467875940037591,0.465301216981013,High,False
Peru,2004,0.651,0.792,0.694,6731.005,8.814479742842112,0.03918659698744875,0.11326227840963554,0.0050000000000000044,0.0040000000000000036,0.0,0.0040000000000000036,0.0,0.35170710616166373,0.2992928938383363,0.16034024390787832,Mid,False
Peru,2005,0.659,0.792,0.691,7091.1333,8.866600451604251,0.052120708762139145,0.12236436122104166,-0.0030000000000000027,0.0010000000000000009,0.0,0.01200000000000001,0.0,0.3420695514175761,0.3169304485824239,0.08620164876791564,Mid,False
Peru,2006,0.652,0.792,0.697,7560.897,8.930745112928781,0.06414466132453,0.1554519670741179,0.006000000000000005,0.008000000000000007,0.0,0.0050000000000000044,0.0,0.3148206128247425,0.33717938717525753,0.09039179317149842,Mid,False
Peru,2007,0.647,0.796,0.708,8138.3647,9.004344542008223,0.07359942907944195,0.1898647991661111,0.01100000000000001,0.014000000000000012,0.0,-0.0020000000000000018,0.0,0.2705154513251388,0.3764845486748612,0.0771916548365249,Mid,False
Peru,2008,0.65,0.801,0.714,8812.618,9.0839398371018,0.07959529509357743,0.2173393854975494,0.006000000000000005,0.02300000000000002,0.0,0.0010000000000000009,0.0,0.29843456000439955,0.35156543999560047,0.03463499141317655,Low,False
Peru,2009,0.649,0.8,0.717,8836.017,9.086591488485645,0.002651651383844822,0.1558463755568642,0.0030000000000000027,0.020000000000000018,0.0,-0.009000000000000008,0.0,0.31955000305742476,0.32944999694257526,-0.007729390232682265,Low,False
Peru,2010,0.658,0.804,0.731,9507.78,9.159865689802627,0.07327420131698226,0.1555211477944045,0.014000000000000012,0.02300000000000002,0.0,-0.01200000000000001,0.0,0.3085744428253453,0.34942555717465473,-0.027058991500206464,Low,False
Peru,2011,0.67,0.812,0.738,10044.0,9.214730720277476,0.05486503047484881,0.1307908831756759,0.007000000000000006,0.02400000000000002,0.0,-0.0030000000000000027,0.0,0.3658116786710648,0.30418832132893525,-0.04737711866666522,Low,False
Peru,2012,0.698,0.827,0.748,10605.589,9.269136405296202,0.054405685018725336,0.1825449168105564,0.010000000000000009,0.031000000000000028,0.0,0.02499999999999991,0.0,0.3833067704294985,0.31469322957050144,-0.01475676737207382,Low,False
Peru,2013,0.689,0.821,0.757,11173.4375,9.321294588676816,0.052158183380614176,0.16142889887418832,0.009000000000000008,0.026000000000000023,0.0,0.015999999999999903,0.0,0.44661352307144536,0.24238647692855458,-0.10703908024610015,Low,False
Peru,2014,0.691,0.822,0.763,11389.862,9.340478940476697,0.019184351799880872,0.12574822019922038,0.006000000000000005,0.025000000000000022,0.0,0.017999999999999905,0.0,0.4930696904420756,0.19793030955792434,-0.10625801177101091,Low,False
Peru,2015,0.688,0.817,0.768,11713.57,9.368503277763569,0.02802433728687248,0.09936687246736753,0.0050000000000000044,0.020000000000000018,0.0,0.014999999999999902,0.0,0.5284134440567827,0.15958655594321725,-0.1551066736272842,Mid,False
Peru,2016,0.673,0.788,0.775,12132.035,9.40360475373672,0.03510147597315161,0.08231016505990496,0.007000000000000006,0.018000000000000016,0.0,0.013000000000000012,0.0,0.5605017750092739,0.11249822499072615,-0.12988825193782844,Mid,False
Peru,2017,0.677,0.789,0.775,12390.033,9.424647638057898,0.021042884321177624,0.08416869758120171,0.0,0.01200000000000001,0.0,0.05600000000000005,0.0,0.5166482315614652,0.16035176843853483,-0.03757854111938952,Mid,False
Philippines,1996,0.416,0.555,0.619,3790.7788,8.240326765093329,0.04124035249053826,0.1008484849587088,0.010000000000000009,0.017000000000000015,0.0,0.007000000000000006,0.0,0.3241814806242588,0.0918185193757412,-0.027195647339377682,Mid,False
Philippines,1997,0.416,0.555,0.623,3928.0144,8.275889335455417,0.03556257036208876,0.10711744320762051,0.0040000000000000036,0.017000000000000015,0.0,0.021999999999999964,0.0,0.3172446462352984,0.09875535376470157,0.02388226675443117,Mid,False
Philippines,1998,0.428,0.579,0.624,3852.6328,8.256512037722803,-0.019377297732614096,0.057425625120012924,0.0010000000000000009,0.015000000000000013,0.0,0.034999999999999976,0.0,0.3350507536233457,0.0929492463766543,-0.0076856897421962445,Mid,False
Philippines,1999,0.437,0.576,0.628,3917.0886,8.273103952761563,0.016591915038759453,0.03277718766823412,0.0040000000000000036,0.009000000000000008,0.0,0.08300000000000002,0.0,0.3140006778245703,0.12299932217542969,0.03118080279968849,High,False
Philippines,2000,0.439,0.585,0.632,4033.5608,8.302404838020705,0.02930088525914165,0.026515502565287008,0.0040000000000000036,0.009000000000000008,0.0,0.09100000000000003,0.0,0.31506412583515275,0.12393587416484725,0.02518052040014568,High,False
Philippines,2001,0.409,0.545,0.636,4090.2183,8.316353621695631,0.013948783674926801,0.059841583972827905,0.0040000000000000036,0.01200000000000001,0.0,0.063,0.0,0.31925028714826564,0.08974971285173433,-0.003199533524919973,Mid,False
Philippines,2002,0.394,0.531,0.643,4181.376,8.33839565795165,0.022042036256019415,0.06529170519008787,0.007000000000000006,0.015000000000000013,0.0,0.04800000000000004,0.0,0.30716101635969095,0.08683898364030906,-0.03616033853512063,Mid,False
Philippines,2003,0.393,0.529,0.648,4333.214,8.374064808934834,0.035669150983183684,0.0716599709141299,0.0050000000000000044,0.016000000000000014,0.0,0.04700000000000004,0.0,0.3082244643702734,0.08477553562972662,-0.03916033853512063,Mid,False
Philippines,2004,0.354,0.486,0.655,4562.5024,8.425626523918005,0.05156171498317086,0.10927290222237396,0.007000000000000006,0.019000000000000017,0.0,0.008000000000000007,0.0,0.27253983699859435,0.08146016300140563,-0.008289549850328704,Mid,False
Philippines,2005,0.348,0.463,0.656,4721.0005,8.459776026456046,0.03414950253804072,0.12138036850439526,0.0010000000000000009,0.013000000000000012,0.0,0.0020000000000000018,0.0,0.26644397795178204,0.08155602204821794,-0.005282961592091129,Mid,False
Philippines,2006,0.346,0.463,0.654,4908.6167,8.49874744993399,0.038971423477944356,0.12468264099915594,-0.0020000000000000018,0.006000000000000005,0.0,0.0,0.0,0.23534620988676017,0.11065379011323981,0.02587825448351319,Mid,False
Philippines,2007,0.346,0.459,0.659,5172.662,8.551142728607262,0.05239527867327176,0.12551620468925684,0.0050000000000000044,0.0040000000000000036,0.0,-0.0010000000000000009,0.0,0.22659623798823367,0.1194037620117663,0.03794359901036068,Mid,False
Philippines,2008,0.347,0.456,0.662,5328.6826,8.580859319629736,0.029716591022474148,0.12108329317369027,0.0030000000000000027,0.006000000000000005,0.0,-0.0010000000000000009,0.0,0.272673003398112,0.07432699660188796,-0.007229025446329973,Mid,False
Philippines,2009,0.348,0.46,0.662,5338.306,8.582663653162228,0.0018043335324922083,0.08391620322823812,0.0,0.008000000000000007,0.0,-0.04700000000000004,0.0,0.2971872726876515,0.05081272731234848,-0.059841062800891326,Mid,False
Philippines,2010,0.395,0.506,0.669,5694.047,8.64717652210669,0.06451286894446184,0.0960337934994282,0.007000000000000006,0.010000000000000009,0.0,-0.012999999999999956,0.0,0.29642708050254873,0.09857291949745128,-0.020830842514315023,Mid,False
Philippines,2011,0.413,0.524,0.674,5851.0,8.674367865788236,0.027191343681545632,0.09350854615849968,0.0050000000000000044,0.01200000000000001,0.0,0.067,0.0,0.3322746532862561,0.08072534671374387,0.0063983501118559105,Mid,False
Philippines,2012,0.413,0.524,0.681,6155.8296,8.725154814263773,0.050786948475536775,0.14249116110154425,0.007000000000000006,0.019000000000000017,0.0,0.09199999999999997,0.0,0.25289260350250947,0.1601073964974905,0.10929466918514202,Low,False
Philippines,2013,0.408,0.521,0.687,6465.518,8.774238411739455,0.049083597475682694,0.1270618896327651,0.006000000000000005,0.018000000000000016,0.0,0.11299999999999999,1.0,0.30319456098492387,0.10480543901507611,0.006232519517624824,Mid,False
Philippines,2014,0.408,0.521,0.689,6760.7627,8.818890988116484,0.04465257637702891,0.14452312232824838,0.0019999999999998908,0.014999999999999902,0.0,0.12799999999999995,1.0,0.29271778364723605,0.11528221635276392,0.03455686963902005,Mid,False
Philippines,2015,0.409,0.522,0.69,7070.4756,8.86368302678367,0.04479203866718606,0.13852821251989766,0.0010000000000000009,0.008999999999999897,0.0,0.13899999999999996,1.0,0.3025071761857306,0.10649282381426939,-0.05361457268322112,Mid,False
Philippines,2016,0.346,0.485,0.69,7463.518,8.917782163807507,0.05409913702383662,0.1435437520680516,0.0,0.0029999999999998916,0.0,0.07599999999999996,0.0,0.3126560545474066,0.03334394545259339,-0.07146149356248271,Mid,False
Philippines,2017,0.321,0.469,0.694,7865.815,8.970281433772897,0.05249926996538967,0.15139044565641235,0.0040000000000000036,0.0050000000000000044,0.0,0.05099999999999999,0.0,0.31489168332673273,0.006108316673267278,-0.10917389967949664,Mid,False
Poland,1996,0.802,0.882,0.763,10066.171,9.216935675072005,0.06759088120803725,0.20145161268619916,0.009000000000000008,0.026000000000000023,0.0,0.010000000000000009,0.0,0.4029290494217031,0.39907095057829695,0.008577272325438423,Low,False
Poland,1997,0.792,0.871,0.775,10811.274,9.288344757528074,0.07140908245606958,0.21476074422233005,0.01200000000000001,0.028000000000000025,0.0,-0.0040000000000000036,0.0,0.4265599852792942,0.36544001472070586,-0.0693872266542937,Low,False
Poland,1998,0.796,0.876,0.784,11413.256,9.342530765863678,0.05418600833560383,0.19318597199971066,0.009000000000000008,0.030000000000000027,0.0,-0.0020000000000000018,0.0,0.45236795898653576,0.3436320410134643,-0.061915782931648955,Low,False
Poland,1999,0.798,0.876,0.793,12058.42,9.397518450089782,0.054987684226103895,0.1805827750177773,0.009000000000000008,0.030000000000000027,0.0,-0.0020000000000000018,0.0,0.4945369466210675,0.30346305337893253,-0.09560789719936441,Low,False
Poland,2000,0.8,0.878,0.801,12732.167,9.45188690487267,0.0543684547828871,0.16354214734459482,0.008000000000000007,0.026000000000000023,0.0,-0.006000000000000005,0.0,0.5911339958910576,0.2088660041089424,-0.15657401061176346,Low,False
Poland,2001,0.806,0.882,0.809,13017.584,9.474056337868165,0.022169432995495342,0.13152557200448634,0.008000000000000007,0.025000000000000022,0.0,-0.0010000000000000009,0.0,0.603349137097806,0.20265086290219403,-0.14098117811127026,Low,False
Poland,2002,0.813,0.882,0.816,13415.571,9.504171326247592,0.030114988379427388,0.10665287615780983,0.006999999999999895,0.02299999999999991,0.0,0.009999999999999898,0.0,0.6097629973150017,0.20323700268499822,-0.10022605069393431,Low,False
Poland,2003,0.813,0.882,0.822,14035.637,9.549354874299711,0.045183548052118994,0.09746796942704172,0.006000000000000005,0.020999999999999908,0.0,0.009999999999999898,0.0,0.6165701129268909,0.19642988707310904,-0.01243611703583336,Mid,False
Poland,2004,0.813,0.882,0.82,14906.094,9.609525401607184,0.06017052730747352,0.1354690637390199,-0.0020000000000000018,0.010999999999999899,0.0,0.009999999999999898,0.0,0.5854858600977969,0.22751413990220304,0.02486327700000901,Mid,False
Poland,2005,0.815,0.884,0.826,15580.937,9.653803458823004,0.0442780572158199,0.1496321325754124,0.006000000000000005,0.010000000000000009,0.0,0.0119999999999999,0.0,0.6016658167382022,0.21333418326179776,0.010097180576799536,Mid,False
Poland,2006,0.807,0.877,0.831,16711.447,9.723849212693702,0.07004575387069778,0.1744943383939912,0.0050000000000000044,0.009000000000000008,0.0,0.0040000000000000036,0.0,0.4866958719307022,0.32030412806929787,0.12387424099618882,Mid,False
Poland,2007,0.803,0.874,0.836,18067.428,9.801866038093156,0.07801682539945354,0.19234063648597122,0.0050000000000000044,0.016000000000000014,0.0,-0.02199999999999991,0.0,0.570860668568284,0.23213933143171606,0.0046251915295130175,Low,False
Poland,2008,0.825,0.891,0.841,19011.547,9.852801810393435,0.05093577230027968,0.198998351570431,0.0050000000000000044,0.015000000000000013,0.0,0.0040000000000000036,0.0,0.6167776341162445,0.20822236588375542,-0.005111817378042338,Mid,False
Poland,2009,0.825,0.891,0.846,19718.465,9.889310785370363,0.03650897497692718,0.1654615726766604,0.0050000000000000044,0.015000000000000013,0.0,0.0129999999999999,0.0,0.6363752093335139,0.18862479066648608,-0.1316793374028118,Mid,False
Poland,2010,0.827,0.892,0.852,20608.693,9.933468256056072,0.0441574706857093,0.13160221796291616,0.006000000000000005,0.016000000000000014,0.0,0.051999999999999935,0.0,0.7291878152228513,0.0978121847771487,-0.13432714665456735,Mid,False
Poland,2011,0.827,0.893,0.858,21837.0,9.991361057786367,0.05789280173029532,0.1385592473929318,0.006000000000000005,0.017000000000000015,0.0,0.22899999999999998,1.0,0.7004376941116883,0.12656230588831163,-0.08166005999544379,Mid,False
Poland,2012,0.825,0.893,0.863,22169.826,10.006487454135716,0.015126396349348425,0.11717666876535304,0.0050000000000000044,0.017000000000000015,0.0,0.2829999999999999,1.0,0.7548188452631505,0.0701811547368495,-0.11844363592963658,Mid,False
Poland,2013,0.821,0.89,0.873,22378.305,10.015847241732288,0.009359787596572744,0.08237898567621649,0.010000000000000009,0.02100000000000002,0.0,0.29699999999999993,1.0,0.7718426883704314,0.0491573116295686,-0.0486548731475801,Mid,False
Poland,2014,0.812,0.882,0.873,23247.818,10.053966557149,0.03811931541671143,0.0626054993626326,0.0,0.015000000000000013,0.0,0.30700000000000005,1.0,0.7641888749532703,0.0478111250467298,-0.07875118084158184,Mid,False
Poland,2015,0.775,0.876,0.879,24285.14,10.097619919638666,0.04365336248966578,0.09113246550294996,0.006000000000000005,0.016000000000000014,0.0,0.325,1.0,0.7825759595711159,-0.007575959571115898,-0.07775711430796539,Mid,False
Poland,2016,0.598,0.731,0.884,25020.621,10.127455603856772,0.02983568421810645,0.11160836212448366,0.0050000000000000044,0.01100000000000001,0.0,0.174,1.0,0.750697459411737,-0.15269745941173707,-0.20185477104130567,Mid,False
Poland,2017,0.542,0.698,0.882,26310.113,10.177708668970004,0.0502530651132318,0.12374211182100403,-0.0020000000000000018,0.009000000000000008,0.0,0.12500000000000006,1.0,0.6969709401797178,-0.1549709401797178,-0.2027820652264476,Mid,False
Portugal,1996,0.816,0.869,0.781,19939.31,9.90044843910567,0.03455730759979936,0.07384549462675238,0.008000000000000007,0.030000000000000027,0.0,0.0030000000000000027,0.0,0.4843294746209253,0.33167052537907465,-0.23099987414304674,Low,False
Portugal,1997,0.816,0.869,0.789,20810.178,9.943197472931107,0.042749033825437266,0.10057376144705366,0.008000000000000007,0.02400000000000002,0.0,0.0030000000000000027,0.0,0.5085205460057861,0.30747945399421384,-0.07631925228710584,Low,False
Portugal,1998,0.816,0.869,0.795,21782.12,9.98884472875644,0.04564725582533313,0.12295359725056976,0.006000000000000005,0.02200000000000002,0.0,0.0030000000000000027,0.0,0.4492663748058891,0.36673362519411085,0.013815042876183237,Low,False
Portugal,1999,0.815,0.868,0.793,22589.922,10.025259156600843,0.0364144278444023,0.1248107174951727,-0.0020000000000000018,0.01200000000000001,0.0,0.0020000000000000018,0.0,0.39671027822717103,0.4182897217728289,0.08661919639375426,Mid,False
Portugal,2000,0.813,0.867,0.797,23372.041,10.059295757908627,0.03403660130778441,0.11609828497751984,0.0040000000000000036,0.008000000000000007,0.0,-0.0030000000000000027,0.0,0.3608694829143799,0.45213051708562,0.14465106309140618,Mid,False
Portugal,2001,0.816,0.871,0.801,23751.371,10.075395534112477,0.01609977620385017,0.08655080535603688,0.0040000000000000036,0.006000000000000005,0.0,-0.0050000000000000044,0.0,0.4489657396441185,0.36703426035588144,0.00030063516177059046,High,False
Portugal,2002,0.821,0.876,0.804,23896.459,10.081485567947158,0.006090033834681208,0.056226411346315786,0.0030000000000000027,0.01100000000000001,0.0,0.0,0.0,0.45902604194461455,0.3619739580553854,-0.05631576371744351,High,True
Portugal,2003,0.821,0.876,0.808,23677.52,10.072281353783671,-0.009204214163487379,0.012985595875043998,0.0040000000000000036,0.01100000000000001,0.0,0.0,0.0,0.4666505874901288,0.3543494125098712,-0.09778110457574885,High,True
Portugal,2004,0.821,0.876,0.809,24142.766,10.091740069694842,0.019458715911170543,0.016344535582364372,0.0010000000000000009,0.008000000000000007,0.0,-0.014000000000000012,0.0,0.4682408022996294,0.35275919770037056,-0.014275062655510873,High,False
Portugal,2005,0.835,0.889,0.81,24377.95,10.101434314184061,0.009694244489219628,0.019948746236902792,0.0010000000000000009,0.006000000000000005,0.0,-0.0030000000000000027,0.0,0.47040955995663336,0.3645904400433666,0.0026164819879812007,High,False
Portugal,2006,0.839,0.894,0.815,24809.04,10.118963381862242,0.017529067678180965,0.046682028078571136,0.004999999999999893,0.006999999999999895,0.0,0.010000000000000009,0.0,0.46953882433700805,0.3694611756629919,0.015111763153120739,High,False
Portugal,2007,0.839,0.894,0.821,25477.205,10.145539409791736,0.026576027929493762,0.053799340096894355,0.006000000000000005,0.0119999999999999,0.0,0.010000000000000009,0.0,0.4850981587389255,0.3539018412610745,0.0011426435607039265,High,False
Portugal,2008,0.839,0.893,0.826,25590.88,10.149991316995548,0.0044519072038120555,0.04855700281148678,0.0050000000000000044,0.015999999999999903,0.0,0.010000000000000009,0.0,0.5176235004147866,0.3213764995852134,-0.04321394045815319,Mid,False
Portugal,2009,0.838,0.894,0.831,24902.457,10.122721752283566,-0.027269564711982497,0.0037583704213233204,0.0050000000000000044,0.016000000000000014,1.0,0.009000000000000008,0.0,0.47049838548802575,0.3675016145119742,-0.001959561151017697,High,False
Portugal,2010,0.838,0.894,0.836,25463.164,10.144988137760095,0.022266385476529038,-0.0005512720316414033,0.0050000000000000044,0.015000000000000013,0.0,0.009000000000000008,0.0,0.6067825444372416,0.2312174555627584,-0.12268438569831608,High,True
Portugal,2011,0.829,0.884,0.843,25133.0,10.13193700264052,-0.013051135119575008,-0.018054314355028467,0.007000000000000006,0.017000000000000015,0.0,0.0,0.0,0.5960930065091203,0.23290699349087962,-0.0884695060943338,High,True
Portugal,2012,0.83,0.885,0.844,24211.438,10.094580445111587,-0.0373565575289323,-0.02814130717197827,0.0010000000000000009,0.013000000000000012,1.0,0.0010000000000000009,0.0,0.583614206166112,0.24638579383388792,-0.1211158206780863,High,True
Portugal,2013,0.829,0.886,0.849,24119.96,10.090794992464954,-0.003785452646633658,-0.054193145295140965,0.0050000000000000044,0.013000000000000012,0.0,0.0,0.0,0.5884485813930311,0.24055141860696883,0.009333963044210414,High,False
Portugal,2014,0.829,0.886,0.854,24442.387,10.10407407627412,0.013279083809166536,-0.02786292636639942,0.0050000000000000044,0.01100000000000001,0.0,0.009000000000000008,0.0,0.6552104924426083,0.17378950755739164,-0.05911748593348798,High,True
Portugal,2015,0.829,0.887,0.857,24983.701,10.125978931232,0.02190485495787975,0.03139848612041263,0.0030000000000000027,0.013000000000000012,0.0,0.02299999999999991,0.0,0.686463287915518,0.14253671208448193,-0.10384908174940599,High,True
Portugal,2016,0.83,0.888,0.859,25568.695,10.149124030612086,0.02314509938008591,0.058329038147132195,0.0020000000000000018,0.010000000000000009,0.0,0.02399999999999991,0.0,0.7024417140237124,0.1275582859762876,-0.11299313263068123,High,True
Portugal,2017,0.848,0.898,0.864,26529.986,10.18603091942716,0.03690688881507498,0.08195684315304064,0.0050000000000000044,0.010000000000000009,0.0,0.08999999999999997,0.0,0.7393351515555106,0.10866484844448943,-0.06512465911290222,Mid,False
Qatar,1996,0.087,0.018,0.791,22395.264,10.016604786917531,0.11513411692230058,0.32253997304134074,0.0030000000000000027,0.013000000000000012,0.0,0.0,0.0,0.2882406396802307,-0.20124063968023073,0.006044190553083945,Low,False
Qatar,1997,0.087,0.018,0.794,30989.15,10.341392422202988,0.32478763528545684,0.5457510275308639,0.0030000000000000027,0.010000000000000009,0.0,-0.0010000000000000009,0.0,0.24493176831447216,-0.15793176831447217,0.019608508167629518,Mid,False
Qatar,1998,0.088,0.017,0.796,36448.055,10.503643375244891,0.1622509530419034,0.6021727052496608,0.0020000000000000018,0.008000000000000007,0.0,0.0,0.0,0.0887754329205379,-0.0007754329205379024,0.20437357947860335,Mid,False
Qatar,1999,0.088,0.017,0.796,40135.176,10.600008435756012,0.09636506051112015,0.5834036488384804,0.0,0.0050000000000000044,0.0,-0.0020000000000000018,0.0,0.0701891588597099,0.017810841140290093,0.21905148082052084,Mid,False
Qatar,2000,0.091,0.019,0.795,45788.12,10.731779947808935,0.13177151205292326,0.3903875256059468,-0.0010000000000000009,0.0010000000000000009,0.0,0.0010000000000000009,0.0,-0.06504478360666352,0.15604478360666352,0.3139765519211357,Mid,False
Qatar,2001,0.09,0.019,0.795,50525.707,10.830237535246656,0.09845758743772137,0.3265941600017648,0.0,-0.0010000000000000009,0.0,0.0,0.0,-0.06609787174034853,0.15609787174034853,0.15687330466088645,Mid,False
Qatar,2002,0.09,0.019,0.798,57541.1,10.960254754058715,0.13001721881205874,0.36024631830270337,0.0030000000000000027,0.0020000000000000018,0.0,-0.0050000000000000044,0.0,-0.08035236002793136,0.17035236002793136,0.15254151888764128,Mid,False
Qatar,2003,0.095,0.041,0.804,62234.215,11.038660207874367,0.07840545381565178,0.3068802600654319,0.006000000000000005,0.009000000000000008,0.0,-0.0010000000000000009,0.0,-0.10215372897747642,0.1971537289774764,0.04110894537081289,Mid,False
Qatar,2004,0.096,0.041,0.807,74372.93,11.216847310527843,0.17818710265347626,0.3866097752811868,0.0030000000000000027,0.01200000000000001,0.0,0.0,0.0,-0.1373306721939312,0.2333306721939312,0.07723280045358266,Mid,False
Qatar,2005,0.097,0.041,0.815,76808.42,11.249069548542908,0.03222223801506452,0.28881479448419256,0.007999999999999896,0.016999999999999904,0.0,0.0020000000000000018,0.0,-0.023786152425811485,0.12078615242581149,-0.04956620760211987,Low,False
Qatar,2006,0.096,0.041,0.822,90120.92,11.408907603104815,0.15983805456190758,0.37024739523044836,0.007000000000000006,0.017999999999999905,0.0,0.0010000000000000009,0.0,-0.044422008421952014,0.14042200842195202,-0.05673172055552439,Low,False
Qatar,2007,0.097,0.041,0.831,97912.69,11.491831442181718,0.08292383907690315,0.27498413165387525,0.009000000000000008,0.02399999999999991,0.0,0.0020000000000000018,0.0,-0.000746197700573805,0.09774619770057381,-0.13558447449335737,Low,False
Qatar,2008,0.097,0.041,0.839,107402.055,11.58433459495206,0.09250315277034105,0.3352650464091518,0.008000000000000007,0.02400000000000002,0.0,0.008000000000000007,0.0,-0.003596932575480064,0.10059693257548007,-0.020189219850331425,Low,False
Qatar,2009,0.097,0.041,0.838,115283.414,11.65514884508569,0.07081425013363152,0.2462412419808757,-0.0010000000000000009,0.016000000000000014,0.0,0.009000000000000008,0.0,0.00844770660776212,0.08855229339223789,-0.05186971502971413,Low,False
Qatar,2010,0.095,0.041,0.834,134802.78,11.81156810039309,0.15641925530739975,0.3197366582113723,-0.0040000000000000036,0.0030000000000000027,0.0,0.007000000000000006,0.0,-0.0998156442101341,0.1948156442101341,0.09706944650956027,Mid,False
Qatar,2011,0.096,0.041,0.835,155533.0,11.95461320673575,0.14304510634265988,0.37027861178369115,0.0010000000000000009,-0.0040000000000000036,0.0,0.008000000000000007,0.0,-0.12284570371226418,0.2188457037122642,0.11824877113678413,Mid,False
Qatar,2012,0.096,0.042,0.846,154339.81,11.946912008962501,-0.007701197773249291,0.29176316387681034,0.01100000000000001,0.008000000000000007,0.0,0.010999999999999996,0.0,-0.15604647362023116,0.25204647362023114,0.16349418022799325,Mid,False
Qatar,2013,0.089,0.042,0.859,155657.12,11.955410918479183,0.008498909516681863,0.14384281808609245,0.013000000000000012,0.025000000000000022,0.0,0.00399999999999999,0.0,0.26518305063280434,-0.17618305063280434,-0.37099869484293846,Low,False
Qatar,2014,0.088,0.042,0.857,157712.9,11.968531570493381,0.013120652014197987,0.013918363757630559,-0.0020000000000000018,0.02200000000000002,0.0,0.0059999999999999915,0.0,0.15043072725699896,-0.06243072725699897,-0.28127643096926314,Mid,False
Qatar,2015,0.089,0.041,0.86,159800.19,11.981679501299837,0.013147930806455932,0.03476749233733578,0.0030000000000000027,0.014000000000000012,0.0,0.006999999999999992,0.0,0.3100574527935005,-0.2210574527935005,-0.47310392641373167,High,True
Qatar,2016,0.089,0.04,0.861,160051.23,11.983249230466885,0.0015697291670484503,0.02783831198770237,0.0010000000000000009,0.0020000000000000018,0.0,0.007999999999999993,0.0,0.21578652143896798,-0.126786521438968,0.04939652919383636,High,False
Qatar,2017,0.085,0.041,0.87,153819.11,11.943532580610688,-0.039716649856197606,-0.024998989882693223,0.009000000000000008,0.013000000000000012,1.0,0.0040000000000000036,0.0,0.22698141363509886,-0.14198141363509886,-0.0795506863780999,High,True
Romania,1996,0.408,0.573,0.707,6476.4746,8.775931598091239,0.07397150883268999,0.2476170785385321,0.006000000000000005,0.015000000000000013,0.0,-0.016000000000000014,0.0,0.278702977212896,0.12929702278710398,0.039407408488398465,Low,False
Romania,1997,0.438,0.619,0.709,6446.418,8.771279906689328,-0.004651691401910796,0.17212504997702638,0.0020000000000000018,0.014000000000000012,0.0,0.014000000000000012,0.0,0.3038957939860918,0.1341042060139082,0.005785497937002004,Mid,False
Romania,1998,0.438,0.619,0.715,6407.467,8.765219308010371,-0.006060598678956808,0.06325921875182239,0.006000000000000005,0.014000000000000012,0.0,0.014000000000000012,0.0,0.42187042080990944,0.01612957919009056,-0.07585331875612134,Mid,False
Romania,1999,0.435,0.619,0.724,6613.933,8.796933763463214,0.03171445545284257,0.021002165371974968,0.009000000000000008,0.017000000000000015,0.0,0.01100000000000001,0.0,0.4324992448881796,0.0025007551118204074,-0.12679626767528357,Mid,False
Romania,2000,0.432,0.611,0.73,7089.9463,8.866433045449535,0.06949928198632094,0.0951531387602067,0.006000000000000005,0.02100000000000002,0.0,0.008000000000000007,0.0,0.3296017090008697,0.10239829099913028,-0.03170591501477793,Mid,False
Romania,2001,0.424,0.597,0.737,7860.4434,8.969598296045884,0.10316525059634962,0.20437898803551313,0.007000000000000006,0.02200000000000002,0.0,0.0,0.0,0.3014445257174327,0.1225554742825673,0.10642589509247674,Low,False
Romania,2002,0.424,0.597,0.745,8673.619,9.068041399058922,0.09844310301303771,0.2711076355957083,0.008000000000000007,0.02100000000000002,0.0,-0.01100000000000001,0.0,0.3040542304964483,0.11994576950355168,0.11744501439173127,Low,False
Romania,2003,0.437,0.609,0.749,9369.233,9.145186514891607,0.07714511583268546,0.2787534694420728,0.0040000000000000036,0.019000000000000017,0.0,0.0020000000000000018,0.0,0.28382798236209217,0.15317201763790783,0.05077372663877755,Low,False
Romania,2004,0.435,0.592,0.757,10531.172,9.262094899979154,0.11690838508754631,0.2924966039332695,0.008000000000000007,0.020000000000000018,0.0,-0.03300000000000003,0.0,0.30954379426434714,0.12545620573565286,0.002900731453085559,Low,False
Romania,2005,0.468,0.61,0.765,11313.822,9.333780443058817,0.07168554307966346,0.26573904399989523,0.008000000000000007,0.020000000000000018,0.0,-0.002999999999999947,0.0,0.29941381483438956,0.16858618516561047,0.04864041566205879,Low,False
Romania,2006,0.471,0.611,0.781,12823.231,9.459013726802043,0.12523328374322595,0.3138272119104357,0.016000000000000014,0.03200000000000003,0.0,-0.013000000000000012,0.0,0.2827336684374817,0.18826633156251826,0.03509431392461043,Low,False
Romania,2007,0.484,0.609,0.792,14418.83,9.576290270237838,0.11727654343579452,0.31419537025868394,0.01100000000000001,0.03500000000000003,0.0,-0.01100000000000001,0.0,0.36942464309996337,0.11457535690003662,-0.010880848835616241,Low,False
Romania,2008,0.495,0.621,0.815,16347.344,9.70182071664636,0.12553044640852207,0.36804027358754254,0.02299999999999991,0.04999999999999993,0.0,-0.03400000000000003,0.0,0.5522647486986162,-0.0572647486986162,-0.22585093386422667,Low,False
Romania,2009,0.529,0.666,0.826,15866.127,9.671941738367918,-0.029878978278441437,0.21292801156587515,0.01100000000000001,0.04499999999999993,1.0,-0.01100000000000001,0.0,0.506536353241769,0.022463646758230982,-0.16580268480428728,Low,False
Romania,2010,0.55,0.68,0.822,16377.328,9.70365321833748,0.03171147996956236,0.127362948099643,-0.0040000000000000036,0.029999999999999916,0.0,0.010000000000000009,0.0,0.5786808097758789,-0.028680809775878835,-0.14325616667591545,Low,False
Romania,2011,0.553,0.684,0.823,17174.0,9.75115189123243,0.04749867289494958,0.0493311745860705,0.0010000000000000009,0.008000000000000007,0.0,0.013000000000000012,0.0,0.4714718682743542,0.08152813172564582,0.13879288042426202,High,False
Romania,2012,0.54,0.674,0.817,17580.932,9.774570184623467,0.02341829339103718,0.10262844625554912,-0.006000000000000005,-0.009000000000000008,0.0,0.008000000000000007,0.0,0.3729579513232702,0.16704204867672984,0.14457840191849886,High,False
Romania,2013,0.563,0.672,0.821,17691.443,9.780836355336383,0.006266170712915908,0.07718313699890267,0.0040000000000000036,-0.0010000000000000009,0.0,0.07999999999999996,0.0,0.41883809922891946,0.1441619007710805,0.17284271054695932,High,False
Romania,2014,0.57,0.676,0.82,18487.26,9.82483712519037,0.044000769853987265,0.07368523395794035,-0.0010000000000000009,-0.0030000000000000027,0.0,0.08699999999999997,0.0,0.3956588523166312,0.17434114768336872,0.0928130159577229,High,False
Romania,2015,0.609,0.716,0.823,19162.186,9.860694136874908,0.03585701168453781,0.08612395225144098,0.0030000000000000027,0.006000000000000005,0.0,0.126,1.0,0.5168888541752703,0.09211114582472968,-0.07493090285200016,High,True
Romania,2016,0.63,0.733,0.823,19825.604,9.894729512621549,0.034035375746640284,0.11389315728516536,0.0,0.0020000000000000018,0.0,0.14700000000000002,1.0,0.48922583407105624,0.14077416592894376,-0.003387734842136725,Mid,False
Romania,2017,0.532,0.695,0.828,23003.695,10.043410134182022,0.14868062156047301,0.2185730089916511,0.0050000000000000044,0.008000000000000007,0.0,0.049000000000000044,0.0,0.48748959932577923,0.044510400674220796,-0.12983074700914793,Mid,False
Russia,1996,0.29,0.461,0.723,8479.381,9.045392730838644,-0.012533136618657181,-0.14362859666177918,0.010000000000000009,-0.0020000000000000018,0.0,0.08899999999999997,0.0,0.4028828232460406,-0.1128828232460406,0.07474982616876857,High,False
Russia,1997,0.284,0.456,0.734,8813.35,9.084022896369856,0.03863016553121135,0.007928801058339374,0.01100000000000001,0.02200000000000002,0.0,0.10899999999999999,1.0,0.45790644712616396,-0.173906447126164,-0.009234114310616548,Mid,False
Russia,1998,0.282,0.456,0.738,8557.495,9.054562786121377,-0.029460110248479054,-0.003363081335924889,0.0040000000000000036,0.025000000000000022,1.0,0.11699999999999997,1.0,0.38019122745714495,-0.09819122745714498,0.09373886576458096,Mid,False
Russia,1999,0.284,0.461,0.74,9340.029,9.142064636143122,0.08750185002174504,0.09667190530447733,0.0020000000000000018,0.017000000000000015,0.0,0.13099999999999998,1.0,0.38319769064430975,-0.09919769064430978,0.01368513260173082,Mid,False
Russia,2000,0.223,0.403,0.75,10552.885,9.264154561236559,0.1220899250934373,0.1801316648667033,0.010000000000000009,0.016000000000000014,0.0,0.07400000000000001,0.0,0.4127008167796838,-0.18970081677968378,-0.015794369653519796,Low,False
Russia,2001,0.201,0.374,0.758,11391.194,9.340595879744264,0.07644131850770464,0.286033093622887,0.008000000000000007,0.020000000000000018,0.0,0.05200000000000002,0.0,0.3644492269789486,-0.1634492269789486,-0.06525799952180361,Low,False
Russia,2002,0.175,0.354,0.764,12259.477,9.414054549526446,0.07345866978218218,0.2719899133833241,0.006000000000000005,0.02400000000000002,0.0,0.028999999999999998,0.0,0.3772008589506312,-0.20220085895063122,-0.10300316830632145,Low,False
Russia,2003,0.165,0.339,0.772,13521.239,9.512016987409917,0.0979624378834707,0.24786242617335752,0.008000000000000007,0.02200000000000002,0.0,0.025999999999999995,0.0,0.39031840037083265,-0.22531840037083264,-0.03561758359114886,Low,False
Russia,2004,0.153,0.321,0.777,14880.979,9.607839099233571,0.09582211182365441,0.2672432194893073,0.0050000000000000044,0.019000000000000017,0.0,0.013999999999999985,0.0,0.3840116141929921,-0.23101161419299213,-0.06756238721404353,Low,False
Russia,2005,0.149,0.32,0.78,16243.101,9.69542354376323,0.08758444452965897,0.2813689942367841,0.0030000000000000027,0.016000000000000014,0.0,0.013999999999999985,0.0,0.28533849652171855,-0.13633849652171856,0.06586236242891266,Low,False
Russia,2006,0.15,0.322,0.791,18008.336,9.798590040786559,0.10316649702332903,0.2865730533766424,0.01100000000000001,0.019000000000000017,0.0,0.015999999999999986,0.0,0.3297493875594756,-0.1797493875594756,0.04556901281135706,Low,False
Russia,2007,0.146,0.316,0.802,20018.123,9.904393292230065,0.10580325144350589,0.2965541929964939,0.01100000000000001,0.025000000000000022,0.0,0.023999999999999994,0.0,0.5860396517461532,-0.4400396517461532,-0.2090280375531611,Low,False
Russia,2008,0.139,0.302,0.807,21563.463,9.978755633646013,0.07436234141594866,0.2833320898827836,0.0050000000000000044,0.027000000000000024,0.0,0.023000000000000007,0.0,0.5725444056129348,-0.43354440561293484,-0.29720590909121625,Low,False
Russia,2009,0.141,0.309,0.805,20335.559,9.92012630751353,-0.05862932613248262,0.12153626672697193,-0.0020000000000000018,0.014000000000000012,1.0,0.03199999999999999,0.0,0.5219858063514293,-0.3809858063514293,-0.20123641879195373,Mid,False
Russia,2010,0.135,0.306,0.808,21737.385,9.986788868251764,0.06666256073823362,0.08239557602169967,0.0030000000000000027,0.006000000000000005,0.0,0.02600000000000001,0.0,0.558714241190399,-0.423714241190399,0.016325410555754205,High,False
Russia,2011,0.134,0.299,0.822,23130.0,10.048885755225484,0.062096886973719734,0.07013012157947074,0.013999999999999901,0.014999999999999902,0.0,0.02800000000000001,0.0,0.5671801531612646,-0.43318015316126457,0.0003642524516702661,Mid,False
Russia,2012,0.122,0.278,0.825,24020.31,10.086655001462434,0.03776924623694988,0.16652869394890324,0.0030000000000000027,0.019999999999999907,0.0,0.016,0.0,0.562191545497151,-0.440191545497151,-0.05920573914572169,Low,False
Russia,2013,0.116,0.276,0.83,24389.973,10.101927384198284,0.015272382735849632,0.11513851594651925,0.0050000000000000044,0.02199999999999991,0.0,0.010000000000000009,0.0,0.6012535571649891,-0.4852535571649891,-0.06153931597459006,Low,False
Russia,2014,0.109,0.264,0.831,24135.035,10.091419798269635,-0.010507585928648311,0.042534043044151204,0.0010000000000000009,0.009000000000000008,0.0,0.0040000000000000036,0.0,0.6077755086669473,-0.4987755086669473,-0.06559535550568274,High,True
Russia,2015,0.109,0.265,0.833,23607.953,10.069338925770234,-0.022080872499401494,-0.017316075692200172,0.0020000000000000018,0.008000000000000007,1.0,0.011999999999999997,0.0,0.5677587906265288,-0.4587587906265288,-0.018567245129377796,High,False
Russia,2016,0.106,0.263,0.835,23610.37,10.069441301282474,0.00010237551224001606,-0.03248608291580979,0.0020000000000000018,0.0050000000000000044,0.0,0.011999999999999997,0.0,0.6091168323129083,-0.5031168323129083,-0.01786327514791919,High,False
Russia,2017,0.107,0.261,0.838,24013.967,10.086390898391334,0.01694959710886046,-0.005028899878301019,0.0030000000000000027,0.007000000000000006,0.0,0.03699999999999999,0.0,0.6450128537449319,-0.5380128537449319,-0.0392373450779846,High,False
Rwanda,2001,0.104,0.114,0.37,1067.2347,6.972826189625262,0.0417273051147351,0.11595432062371458,0.02999999999999997,0.066,0.0,0.0,0.0,0.20423560197005747,-0.10023560197005747,0.06718226933586376,Low,False
Rwanda,2002,0.104,0.115,0.385,1154.1061,7.051081383916246,0.0782551942909846,0.16778690589487244,0.015000000000000013,0.068,0.0,-0.007000000000000006,0.0,0.18082282778330555,-0.07682282778330556,0.055864343165214506,Low,False
Rwanda,2003,0.111,0.143,0.398,1130.0414,7.030009548203403,-0.02107183571284299,0.09891066369287671,0.013000000000000012,0.057999999999999996,1.0,-0.011999999999999997,0.0,0.2007646678054092,-0.08976466780540919,-0.017348225256434285,Low,False
Rwanda,2004,0.123,0.198,0.417,1159.0281,7.055337088084672,0.025327539881268457,0.08251089845941006,0.01899999999999996,0.046999999999999986,0.0,0.0,0.0,0.1951730482239163,-0.07217304822391629,0.02806255374614118,Low,False
Rwanda,2005,0.124,0.196,0.433,1210.5105,7.098797450442104,0.04346036235743256,0.047716066525858025,0.016000000000000014,0.04799999999999999,0.0,0.0010000000000000009,0.0,0.23558867428715807,-0.11158867428715807,-0.03476584650385252,Mid,False
Rwanda,2006,0.124,0.197,0.452,1261.7609,7.140263563978381,0.04146611353627705,0.11025401577497806,0.019000000000000017,0.05399999999999999,0.0,0.0010000000000000009,0.0,0.1798982188451293,-0.0558982188451293,0.03386644896027989,Low,False
Rwanda,2007,0.123,0.197,0.467,1291.1934,7.163322185978457,0.023058622000075246,0.10798509789378485,0.015000000000000013,0.050000000000000044,0.0,-0.0020000000000000018,0.0,0.2435808486967782,-0.12058084869677821,-0.04840780047286192,Low,False
Rwanda,2008,0.125,0.203,0.479,1364.745,7.21872287698049,0.05540069100203304,0.11992542653838534,0.011999999999999955,0.045999999999999985,0.0,-0.0050000000000000044,0.0,0.2710028975692182,-0.1460028975692182,-0.03441422328206012,Low,False
Rwanda,2009,0.13,0.22,0.493,1384.2589,7.2329201851568525,0.014197308176362888,0.09265662117847118,0.014000000000000012,0.04099999999999998,0.0,-0.0030000000000000027,0.0,0.28627696305197364,-0.15627696305197364,-0.10037874420684434,Low,False
Rwanda,2010,0.133,0.217,0.504,1416.3923,7.2558682839055475,0.022948098748694967,0.0925460979270909,0.01100000000000001,0.03699999999999998,0.0,0.0,0.0,0.2875051874263451,-0.15450518742634511,-0.033924338729566905,Low,False
Rwanda,2011,0.133,0.216,0.512,1449.0,7.278628942320682,0.02276065841513475,0.059906065340192605,0.008000000000000007,0.03300000000000003,0.0,0.0050000000000000044,0.0,0.28022330759020686,-0.14722330759020685,-0.0012204100209886604,Mid,False
Rwanda,2012,0.136,0.22,0.521,1528.552,7.332076161033534,0.05344721871285163,0.09915597587668135,0.009000000000000008,0.028000000000000025,0.0,0.020000000000000004,0.0,0.32330516810709287,-0.18730516810709286,-0.031028205055119218,Low,False
Rwanda,2013,0.136,0.221,0.499,1552.4253,7.347573696707996,0.015497535674461993,0.09170541280244837,-0.02200000000000002,-0.0050000000000000044,0.0,0.020000000000000004,0.0,0.21551915101959077,-0.07951915101959076,0.07498603640675436,High,False
Rwanda,2014,0.139,0.226,0.525,1601.3938,7.3786296540187,0.031055957310703874,0.1000007116980175,0.026000000000000023,0.013000000000000012,0.0,0.023000000000000007,0.0,0.2109067152354032,-0.07190671523540318,0.07531659235480367,Mid,False
Rwanda,2015,0.138,0.226,0.525,1708.3467,7.4432813396981325,0.0646516856794328,0.11120517866459867,0.0,0.0040000000000000036,0.0,0.022000000000000006,0.0,0.2519030812179855,-0.11390308121798548,0.07340208688910738,Mid,False
Rwanda,2016,0.128,0.226,0.534,1774.9015,7.481500207411979,0.038218867713846194,0.13392651070398287,0.009000000000000008,0.03500000000000003,0.0,0.018000000000000002,0.0,0.22155545766817963,-0.09355545766817963,-0.014036306648588875,Low,False
Rwanda,2017,0.116,0.222,0.539,1799.474,7.4952496789568,0.013749471544821645,0.11662002493810064,0.0050000000000000044,0.014000000000000012,0.0,0.006000000000000005,0.0,0.20157379739542805,-0.08557379739542804,-0.013667082160024865,Mid,False
Sao Tome and Principe,2011,0.54,0.657,0.569,3179.0,8.064321960910803,0.027313587599127942,0.08296944366174586,0.0050000000000000044,0.0119999999999999,0.0,0.0030000000000000027,0.0,0.3210508148447446,0.2189491851552554,-0.024403784016947594,Mid,False
Sao Tome and Principe,2012,0.537,0.654,0.574,3217.0,8.076204527239026,0.011882566328223376,0.0866824854223811,0.0050000000000000044,0.0129999999999999,0.0,0.0,0.0,0.3233900077103313,0.21360999228966876,0.012705960522701176,Mid,False
Sao Tome and Principe,2013,0.547,0.655,0.585,3314.0,8.105911197986508,0.029706670747481567,0.06890282467483289,0.01100000000000001,0.02100000000000002,0.0,0.016000000000000014,0.0,0.3169367346681309,0.23006326533186916,-0.017317227665805124,Mid,False
Sao Tome and Principe,2014,0.548,0.657,0.596,3474.0,8.153061946801051,0.047150748814543064,0.08873998589024801,0.01100000000000001,0.027000000000000024,0.0,0.017000000000000015,0.0,0.3181074601513988,0.22989253984860125,0.010943354693345841,Low,False
Sao Tome and Principe,2015,0.554,0.664,0.608,3545.0,8.173293438966228,0.020231492165176945,0.09708891172720158,0.01200000000000001,0.03400000000000003,0.0,0.02300000000000002,0.0,0.2617026454314992,0.29229735456850087,0.07868736227883211,Low,False
Sao Tome and Principe,2016,0.548,0.658,0.613,3629.3381,8.19680556903485,0.02351213006862274,0.09089437104834275,0.0050000000000000044,0.028000000000000025,0.0,0.017000000000000015,0.0,0.2898917319611602,0.25810826803883985,0.02804500270697069,Low,False
Sao Tome and Principe,2017,0.537,0.647,0.617,3707.3599,8.218075285031066,0.02126971599621541,0.0650133382300151,0.0040000000000000036,0.02100000000000002,0.0,0.006000000000000005,0.0,0.30793930393525715,0.22906069606474289,-0.0008318437838583659,Mid,False
Saudi Arabia,1996,0.039,0.016,0.711,20280.494,9.917414816382804,0.053534787801609696,0.11368726945704566,0.006000000000000005,0.018000000000000016,0.0,0.0,0.0,0.36598372876938556,-0.3269837287693856,-0.18433030516555218,Mid,False
Saudi Arabia,1997,0.039,0.016,0.718,21087.428,9.956432312503404,0.039017496120600015,0.12128077580257113,0.007000000000000006,0.019000000000000017,0.0,0.0,0.0,0.376529054050259,-0.337529054050259,-0.055042410197760294,Mid,False
Saudi Arabia,1998,0.039,0.016,0.725,22310.918,10.012831434047548,0.05639912154414439,0.1489514054663541,0.007000000000000006,0.020000000000000018,0.0,0.0,0.0,0.3146980287197439,-0.2756980287197439,0.08032513443867934,Low,False
Saudi Arabia,1999,0.039,0.016,0.729,22058.572,10.001456558164655,-0.01137487588289332,0.08404174178185109,0.0040000000000000036,0.018000000000000016,0.0,0.0,0.0,0.34721002598961836,-0.3082100259896184,0.0187737027797672,Mid,False
Saudi Arabia,2000,0.04,0.017,0.737,23904.516,10.081822674044943,0.08036611588028819,0.12539036154153926,0.008000000000000007,0.019000000000000017,0.0,0.0010000000000000009,0.0,0.3170794352168495,-0.2770794352168495,0.06044961883340949,Mid,False
Saudi Arabia,2001,0.039,0.018,0.744,24191.996,10.09377711363533,0.011954439590386556,0.08094567958778143,0.007000000000000006,0.019000000000000017,0.0,0.0,0.0,0.3746976616668905,-0.3356976616668905,-0.05999963294714661,Mid,False
Saudi Arabia,2002,0.039,0.018,0.75,24053.975,10.088055542541843,-0.005721571093486588,0.08659898437718816,0.006000000000000005,0.02100000000000002,0.0,0.0,0.0,0.4232717856483138,-0.3842717856483138,-0.07606175965869544,Mid,False
Saudi Arabia,2003,0.039,0.018,0.762,27367.094,10.217096621754028,0.12904107921218433,0.1352739477090843,0.01200000000000001,0.025000000000000022,0.0,0.0,0.0,0.4420452339945497,-0.4030452339945497,-0.1259657987777002,Low,False
Saudi Arabia,2004,0.039,0.018,0.773,30233.512,10.316706257009718,0.09960963525569078,0.22292914337438852,0.01100000000000001,0.029000000000000026,0.0,-0.0030000000000000027,0.0,0.3533558356105769,-0.3143558356105769,0.02134182605631363,Low,False
Saudi Arabia,2005,0.042,0.019,0.782,32700.332,10.395140509739003,0.07843425272928428,0.3070849671971594,0.009000000000000008,0.03200000000000003,0.0,-0.000999999999999994,0.0,0.23936890041858883,-0.19736890041858882,0.186902885229725,Low,False
Saudi Arabia,2006,0.043,0.019,0.785,34483.043,10.448222974943794,0.05308246520479187,0.23112635318976693,0.0030000000000000027,0.02300000000000002,0.0,0.0,0.0,0.23602759410924462,-0.19302759410924464,0.21001763988530509,Low,False
Saudi Arabia,2007,0.043,0.019,0.786,36070.316,10.493225534602209,0.04500255965841404,0.1765192775924902,0.0010000000000000009,0.013000000000000012,0.0,-0.0010000000000000009,0.0,0.2023441063407167,-0.15934410634071672,0.15501172926986018,Mid,False
Saudi Arabia,2008,0.044,0.019,0.792,39393.43,10.58135433011245,0.08812879551024189,0.1862138203734478,0.006000000000000005,0.010000000000000009,0.0,-0.0010000000000000009,0.0,0.19713648359724215,-0.15313648359724213,0.04423241682134668,Mid,False
Saudi Arabia,2009,0.045,0.019,0.794,39671.555,10.58838971112683,0.007035381014379283,0.1401667361830352,0.0020000000000000018,0.009000000000000008,0.0,-0.0010000000000000009,0.0,0.2975106026022684,-0.25251060260226843,-0.05948300849302379,Mid,False
Saudi Arabia,2010,0.046,0.02,0.801,42737.656,10.662835684131009,0.07444597300417932,0.1696101495288005,0.007000000000000006,0.015000000000000013,0.0,0.0,0.0,0.3494786286869817,-0.3034786286869817,-0.144134522346265,Mid,False
Saudi Arabia,2011,0.046,0.02,0.811,48470.0,10.788700328839422,0.12586464470841285,0.20734599872697146,0.010000000000000009,0.019000000000000017,0.0,0.0020000000000000018,0.0,0.226568207193342,-0.180568207193342,-0.027431723596099855,Low,False
Saudi Arabia,2012,0.046,0.019,0.819,49835.047,10.816473770513383,0.02777344167396123,0.2280840593865534,0.007999999999999896,0.02499999999999991,0.0,0.0030000000000000027,0.0,0.24337665318697008,-0.19737665318697006,0.05513394941529837,Low,False
Saudi Arabia,2013,0.046,0.018,0.827,50021.12,10.820200595224517,0.003726824711133503,0.1573649110935076,0.008000000000000007,0.025999999999999912,0.0,0.003999999999999997,0.0,0.2732971364751735,-0.22729713647517352,0.0761814922118082,Low,False
Saudi Arabia,2014,0.046,0.017,0.841,50790.992,10.835474295008375,0.015273699783858063,0.046773966168952796,0.014000000000000012,0.029999999999999916,0.0,0.003999999999999997,0.0,0.2696891057054964,-0.22368910570549644,-0.04312089851215445,Mid,False
Saudi Arabia,2015,0.046,0.016,0.851,51941.598,10.857875251012238,0.022400956003863826,0.04140148049885539,0.010000000000000009,0.03200000000000003,0.0,0.003999999999999997,0.0,0.37847216056745975,-0.33247216056745976,-0.1350955073804897,Mid,False
Saudi Arabia,2016,0.044,0.016,0.86,51959.074,10.858211649224655,0.00033639821241671086,0.0380110540001386,0.009000000000000008,0.03300000000000003,0.0,0.001999999999999995,0.0,0.3938856347763817,-0.34988563477638174,-0.12258849830120822,Mid,False
Saudi Arabia,2017,0.043,0.014,0.869,50593.27,10.831573842477178,-0.026637806747476844,-0.003900452531196308,0.009000000000000008,0.028000000000000025,1.0,0.000999999999999994,0.0,0.5932526447334574,-0.5502526447334574,-0.3265635390279609,Mid,False
Senegal,1996,0.471,0.638,0.385,1866.3423,7.531735805098605,-0.01076542156496707,-0.021458452242040238,0.0010000000000000009,0.0030000000000000027,0.0,0.02999999999999997,0.0,0.17431748651280102,0.296682513487199,-0.006398616920391564,High,False
Senegal,1997,0.472,0.638,0.386,1866.3911,7.531761952157488,2.614705888337454e-05,0.010120093714039768,0.0010000000000000009,0.0040000000000000036,0.0,0.030999999999999972,0.0,0.17589695763074512,0.2961030423692549,-0.05273855439334091,High,True
Senegal,1998,0.474,0.641,0.389,1915.4297,7.557697262866855,0.025935310709366277,0.015196036203282581,0.0030000000000000027,0.0050000000000000044,0.0,0.032999999999999974,0.0,0.1721486464814387,0.3018513535185613,-0.0007653621090585316,High,False
Senegal,1999,0.475,0.642,0.392,1978.0964,7.5898902470921605,0.03219298422530592,0.05815444199355557,0.0030000000000000027,0.007000000000000006,0.0,0.033999999999999975,0.0,0.1721371120127831,0.3028628879872169,0.0061803745000179044,High,False
Senegal,2000,0.509,0.679,0.398,1983.524,7.592630339704726,0.002740092612565803,0.060868387547238,0.006000000000000005,0.01200000000000001,0.0,0.068,0.0,0.18171505901373558,0.3272849409862644,0.03118189861700954,Mid,False
Senegal,2001,0.441,0.602,0.404,2009.9423,7.605861294173422,0.013230954468695266,0.04816403130656699,0.006000000000000005,0.015000000000000013,0.0,-0.09500000000000003,0.0,0.17599361126879984,0.2650063887312002,-0.0368449647873611,Mid,False
Senegal,2002,0.536,0.685,0.409,1959.6141,7.580502845084522,-0.02535844908889917,-0.009387402007638102,0.004999999999999949,0.01699999999999996,1.0,0.013000000000000012,0.0,0.1809761921702964,0.35502380782970366,0.052160919842486775,High,False
Senegal,2003,0.536,0.685,0.416,2025.0234,7.61333653502943,0.03283368994490754,0.020706195324703636,0.007000000000000006,0.01799999999999996,0.0,0.013000000000000012,0.0,0.2004424475278961,0.33555755247210395,0.00827261148583952,Mid,False
Senegal,2004,0.536,0.685,0.423,2074.9539,7.637694215550531,0.02435768052110099,0.03183292137710936,0.007000000000000006,0.01899999999999996,0.0,0.016000000000000014,0.0,0.2004424475278961,0.33555755247210395,0.07055116374090376,Mid,False
Senegal,2005,0.536,0.685,0.43,2121.1587,7.659717774962172,0.022023559411641358,0.07921492987764989,0.007000000000000006,0.02100000000000002,0.0,0.016000000000000014,0.0,0.2168266929214855,0.31917330707851455,-0.03585050075118912,Mid,False
Senegal,2006,0.536,0.685,0.438,2104.437,7.651803251910793,-0.007914523051379518,0.03846671688136283,0.008000000000000007,0.02200000000000002,0.0,0.016000000000000014,0.0,0.22079961678200902,0.31520038321799104,-0.020357169254112906,Mid,False
Senegal,2007,0.523,0.672,0.45,2137.6716,7.667472478290347,0.015669226379554146,0.029778262739815986,0.01200000000000001,0.027000000000000024,0.0,0.0030000000000000027,0.0,0.24491113284251034,0.2780888671574897,-0.05746868531461424,Mid,False
Senegal,2008,0.526,0.674,0.462,2146.7915,7.6717296809134305,0.0042572026230836,0.012011905951258228,0.01200000000000001,0.03200000000000003,0.0,0.006000000000000005,0.0,0.22532168331708083,0.3006783166829192,-0.018494990395595323,Mid,False
Senegal,2009,0.52,0.668,0.47,2129.3364,7.663565660866132,-0.00816402004729877,0.011762408955338977,0.007999999999999952,0.03199999999999997,0.0,-0.01200000000000001,0.0,0.2263544424796634,0.2936455575203366,-0.021554825697654434,Mid,False
Senegal,2010,0.532,0.684,0.477,2151.3247,7.673839070920561,0.010273410054429277,0.006366592630214107,0.007000000000000006,0.02699999999999997,0.0,0.0,0.0,0.2665914018645553,0.2654085981354447,-0.012680269022044999,Mid,False
Senegal,2011,0.532,0.684,0.491,2123.0,7.660585461703256,-0.013253609217304785,-0.011144219210174278,0.014000000000000012,0.02899999999999997,0.0,-0.008000000000000007,0.0,0.20983040339678516,0.32216959660321487,0.021491279920295647,Mid,False
Senegal,2012,0.54,0.696,0.499,2141.3882,7.669209589295239,0.0086241275919825,0.0056439284291069924,0.008000000000000007,0.029000000000000026,0.0,-0.016000000000000014,0.0,0.23764306319257344,0.3023569368074266,0.008711379287089982,Mid,False
Senegal,2013,0.585,0.722,0.504,2127.3865,7.662649510023246,-0.006560079271992869,-0.011189560897315154,0.0050000000000000044,0.027000000000000024,0.0,0.04899999999999993,0.0,0.24498744600158356,0.3400125539984164,0.0746039558629717,Mid,False
Senegal,2014,0.584,0.726,0.508,2191.9766,7.6925589728284445,0.029909462805198572,0.0319735111251882,0.0040000000000000036,0.017000000000000015,0.0,0.04799999999999993,0.0,0.26894208676403253,0.31505791323596744,-0.0071116833672474344,Mid,False
Senegal,2015,0.586,0.726,0.509,2262.3123,7.724142710806634,0.03158373797818914,0.054933121511394845,0.0010000000000000009,0.010000000000000009,0.0,0.04999999999999993,0.0,0.260365045680652,0.32563495431934797,0.02327801751192138,High,False
Senegal,2016,0.578,0.726,0.516,2335.8652,7.756137636803641,0.03199492599700715,0.09348812678039486,0.007000000000000006,0.01200000000000001,0.0,0.041999999999999926,0.0,0.26448738345526945,0.3135126165447305,-0.026499937453685896,Mid,False
Senegal,2017,0.556,0.701,0.517,2435.9604,7.798096372540019,0.04195873573637865,0.10553739971157494,0.0010000000000000009,0.009000000000000008,0.0,0.020000000000000018,0.0,0.24431937230870426,0.3116806276912958,-0.0033772855446716488,Mid,False
Serbia,2001,0.481,0.584,0.707,6542.6797,8.78610210059187,0.07670583577734469,-0.00928494213383857,0.006000000000000005,0.008000000000000007,0.0,-0.018000000000000016,0.0,0.43621409851385423,0.04478590148614575,0.14783487211207824,High,False
Serbia,2002,0.499,0.61,0.711,7155.576,8.875647191895002,0.08954509130313149,0.257244618868242,0.0040000000000000036,0.025999999999999912,0.0,-0.02200000000000002,0.0,0.23637529312771333,0.2626247068722867,0.33140605652590616,Low,False
Serbia,2003,0.53,0.646,0.72,7637.832,8.940869072256838,0.06522188036183607,0.23147280744231225,0.009000000000000008,0.019000000000000017,0.0,0.009000000000000008,0.0,0.2900630676675923,0.2399369323324077,0.3403022256753481,Low,False
Serbia,2004,0.521,0.634,0.732,8512.168,9.049251948228761,0.1083828759719232,0.26314984763689075,0.01200000000000001,0.025000000000000022,0.0,0.0,0.0,0.24719182589658872,0.2738081741034113,0.22902227261726554,Low,False
Serbia,2005,0.523,0.634,0.743,9198.414,9.126786356871696,0.0775344086429346,0.25113916497669386,0.01100000000000001,0.03200000000000003,0.0,0.020000000000000018,0.0,0.30208390736532603,0.220916092634674,-0.041708614237612684,Low,False
Serbia,2006,0.524,0.633,0.753,9902.426,9.20053505660776,0.0737486997360648,0.2596659843509226,0.010000000000000009,0.03300000000000003,0.0,0.02300000000000002,0.0,0.34927845138866553,0.1747215486113345,-0.06521538372107322,Low,False
Serbia,2007,0.527,0.628,0.763,10768.942,9.28442152948468,0.08388647287691953,0.2351695812559189,0.010000000000000009,0.031000000000000028,0.0,0.041000000000000036,0.0,0.419462309799517,0.10753769020048304,-0.16627048390292826,Low,False
Serbia,2008,0.525,0.628,0.773,11650.228,9.363081029617792,0.07865950013311185,0.23629467274609617,0.010000000000000009,0.030000000000000027,0.0,0.124,1.0,0.45899675659171746,0.06600324340828256,-0.15491284922639142,Low,False
Serbia,2009,0.521,0.623,0.774,11576.589,9.356740148150298,-0.0063408814674943415,0.15620509154253703,0.0010000000000000009,0.02100000000000002,0.0,0.17100000000000004,1.0,0.4481892547035863,0.07281074529641374,-0.10191080331492075,Low,False
Serbia,2010,0.503,0.61,0.775,11963.555,9.389620224140003,0.03288007598970566,0.10519869465532317,0.0010000000000000009,0.01200000000000001,0.0,0.16199999999999998,1.0,0.474071508215697,0.028928491784303012,-0.07860919841618003,Mid,False
Serbia,2011,0.501,0.607,0.785,12463.0,9.430519533826377,0.0408993096863739,0.06743850420858521,0.010000000000000009,0.01200000000000001,0.0,0.18,1.0,0.49333580460242044,0.007664195397579565,-0.058339048010703,Mid,False
Serbia,2012,0.486,0.593,0.788,12438.256,9.42853216353918,-0.001987370287197976,0.07179201538888158,0.0030000000000000027,0.014000000000000012,0.0,0.196,1.0,0.4657158815269698,0.020284118473030188,-0.05252662682338355,Mid,False
Serbia,2013,0.401,0.502,0.792,12860.451,9.461912067161121,0.033379903621941764,0.07229184302111769,0.0040000000000000036,0.017000000000000015,0.0,0.11800000000000005,1.0,0.48874590645200927,-0.08774590645200925,-0.11667439823631226,Mid,False
Serbia,2014,0.35,0.44,0.795,12717.727,9.450752125957711,-0.011159941203409574,0.020232592131334215,0.0030000000000000027,0.010000000000000009,0.0,0.06999999999999995,0.0,0.5217438043569821,-0.1717438043569821,-0.17940799975456168,High,True
Serbia,2015,0.341,0.422,0.802,13013.854,9.473769761304432,0.02301763534672041,0.0452375977652526,0.007000000000000006,0.014000000000000012,0.0,0.09700000000000003,0.0,0.5965263017598655,-0.2555263017598655,-0.2758104202328957,Mid,False
Serbia,2016,0.321,0.411,0.806,13518.949,9.511847609888912,0.03807784858448038,0.049935542727791216,0.0040000000000000036,0.014000000000000012,0.0,0.08500000000000002,0.0,0.5964973368114862,-0.2754973368114862,-0.18775143035947695,Mid,False
Serbia,2017,0.29,0.376,0.808,13876.65,9.53796285046326,0.026115240574347,0.08721072450554779,0.0020000000000000018,0.013000000000000012,0.0,0.05399999999999999,0.0,0.5988993292338807,-0.3088993292338807,-0.13715552487689858,Mid,False
Seychelles,2016,0.491,0.585,0.836,28588.604,10.26076345586259,0.1069063657586593,0.21594996723602655,0.017000000000000015,0.038999999999999924,0.0,-0.018000000000000016,0.0,0.5664947624046089,-0.07549476240460895,0.013354806656270035,Low,False
Seychelles,2017,0.509,0.599,0.844,30072.227,10.31135733376567,0.05059387790308101,0.21518543740004148,0.008000000000000007,0.030000000000000027,0.0,-0.015000000000000013,0.0,0.6148946955922474,-0.1058946955922474,0.04566901429503656,Low,False
Sierra Leone,1996,0.12,0.281,0.311,1060.5624,6.966554612443454,-0.2655339518805011,-0.2813538344978852,-0.0030000000000000027,-0.0010000000000000009,1.0,0.045,0.0,0.09121644881310215,0.02878355118689785,0.09182010923349225,High,False
Sierra Leone,1997,0.094,0.292,0.307,885.29846,6.785924831092165,-0.18062978135128827,-0.5274350129402317,-0.0040000000000000036,-0.0050000000000000044,1.0,0.019000000000000003,0.0,0.10657338351351463,-0.012573383513514627,0.14687253729536892,High,False
Sierra Leone,1998,0.075,0.22,0.304,882.7294,6.783018698370811,-0.0029061327213542043,-0.4490698659531436,-0.0030000000000000027,-0.010000000000000009,0.0,-0.006000000000000005,0.0,0.20525681440661692,-0.1302568144066169,0.00843382223417563,High,False
Sierra Leone,1999,0.081,0.23,0.301,814.1233,6.702111828732956,-0.08090686963785476,-0.26444278371049723,-0.0030000000000000027,-0.010000000000000009,1.0,-0.006999999999999992,0.0,0.1683534202501741,-0.0873534202501741,-0.11613697143707195,High,True
Sierra Leone,2000,0.088,0.232,0.318,828.7939,6.719971511439524,0.017859682706567348,-0.06595331965264162,0.017000000000000015,0.01100000000000001,0.0,0.0,0.0,0.20114699274154274,-0.11314699274154275,-0.10057360922802812,High,True
Sierra Leone,2001,0.088,0.232,0.33,923.0458,6.827678854073515,0.10770734263399095,0.04466015570270354,0.01200000000000001,0.026000000000000023,0.0,-0.17300000000000001,0.0,0.2392369563448014,-0.15123695634480142,-0.02098014193818451,Mid,False
Sierra Leone,2002,0.261,0.43,0.345,1101.7504,7.0046554667808,0.1769766127072856,0.3025436380478439,0.014999999999999958,0.043999999999999984,0.0,-0.08499999999999996,0.0,0.11207177506072963,0.14892822493927038,0.2362816451894445,Low,False
Sierra Leone,2003,0.362,0.56,0.354,1156.5192,7.053170083349509,0.048514616568708924,0.3331985719099855,0.009000000000000008,0.035999999999999976,0.0,0.03699999999999998,0.0,0.08902305488330647,0.2729769451166935,0.3861239378582363,Low,False
Sierra Leone,2004,0.36,0.557,0.363,1197.153,7.087701516938623,0.03453143358911337,0.2600226628651079,0.009000000000000008,0.032999999999999974,0.0,0.035999999999999976,0.0,0.14092796472775287,0.2190720352722471,0.37030899161704856,Low,False
Sierra Leone,2005,0.353,0.557,0.37,1223.7015,7.1096355607815065,0.021934043842883888,0.10498009400070618,0.007000000000000006,0.025000000000000022,0.0,0.02899999999999997,0.0,0.2317123483228713,0.12128765167712868,-0.0276405732621417,Low,False
Sierra Leone,2006,0.35,0.557,0.372,1247.2528,7.128698651677492,0.0190630908959859,0.07552856832798316,0.0020000000000000018,0.018000000000000016,0.0,0.025999999999999968,0.0,0.2746089234354794,0.0753910765645206,-0.19758586855217292,Mid,False
Sierra Leone,2007,0.346,0.539,0.391,1320.7577,7.185960866048252,0.057262214370759956,0.09825934910962975,0.019000000000000017,0.028000000000000025,0.0,0.021999999999999964,0.0,0.23786484021617502,0.10813515978382496,-0.11093687548842215,Low,False
Sierra Leone,2008,0.325,0.517,0.4,1363.4875,7.217801034660195,0.03184016861194294,0.1081654738786888,0.009000000000000008,0.030000000000000027,0.0,0.007000000000000006,0.0,0.2705908503113368,0.05440914968866323,-0.06687850198846546,Low,False
Sierra Leone,2009,0.324,0.514,0.406,1378.3579,7.228648142089129,0.010847107428933356,0.09994949041163625,0.006000000000000005,0.03400000000000003,0.0,0.006000000000000005,0.0,0.26845020961791966,0.055549790382080355,-0.019841286182440243,Low,False
Sierra Leone,2010,0.328,0.514,0.41,1421.1521,7.259223159666695,0.030575017577566754,0.07326229361844305,0.003999999999999948,0.01899999999999996,0.0,0.010000000000000009,0.0,0.22765255400134515,0.10034744599865486,-0.007787713785170097,Mid,False
Sierra Leone,2011,0.328,0.514,0.416,1479.0,7.2991214627108,0.039898303044104466,0.08132042805060458,0.006000000000000005,0.01599999999999996,0.0,0.014000000000000012,0.0,0.23129095071669042,0.09670904928330959,0.04229989959464636,Mid,False
Sierra Leone,2012,0.324,0.508,0.418,1665.0,7.417580402414544,0.11845893970374455,0.18893226032541577,0.0020000000000000018,0.011999999999999955,0.0,0.010000000000000009,0.0,0.11591773688579994,0.20808226311420008,0.15253247273211973,Mid,False
Sierra Leone,2013,0.318,0.514,0.436,1965.0,7.583247524303362,0.16566712188881727,0.3240243646366663,0.018000000000000016,0.026000000000000023,0.0,0.0040000000000000036,0.0,0.15068193418145598,0.16731806581854403,0.06697061981988917,Low,False
Sierra Leone,2014,0.318,0.514,0.438,2007.0,7.604396348796338,0.02114882449297628,0.3052748860855381,0.0020000000000000018,0.02200000000000002,0.0,0.0040000000000000036,0.0,0.1532997757856957,0.1647002242143043,0.06799117493099471,Low,False
Sierra Leone,2015,0.318,0.514,0.432,1563.0,7.354362330421477,-0.25003401837486106,-0.0632180719930675,-0.006000000000000005,0.014000000000000012,1.0,0.0040000000000000036,0.0,0.17233636329311522,0.14566363670688479,-0.0624186264073153,High,True
Sierra Leone,2016,0.314,0.514,0.441,1622.4203,7.391674325646002,0.037311995224524885,-0.1915731986573599,0.009000000000000008,0.0050000000000000044,0.0,-0.03199999999999997,0.0,0.13111911244431154,0.18288088755568846,0.015562821737144433,High,False
Sierra Leone,2017,0.346,0.52,0.445,1643.3287,7.404479158892035,0.012804833246033098,-0.19991718990430307,0.0040000000000000036,0.007000000000000006,0.0,-0.03400000000000003,0.0,0.12134517285880718,0.22465482714119278,0.05995460292688848,High,False
Singapore,1996,0.299,0.362,0.859,32724.488,10.39587894512477,0.05551525045973449,0.18956033513903137,0.0050000000000000044,0.019000000000000017,0.0,-0.0020000000000000018,0.0,0.6742018260340111,-0.37520182603401114,0.048189963795178925,Low,False
Singapore,1997,0.304,0.375,0.866,34868.066,10.459326674982721,0.06344772985795188,0.1687208597993788,0.007000000000000006,0.018000000000000016,0.0,0.0030000000000000027,0.0,0.7306642376260817,-0.4266642376260817,-0.00276319648938117,Low,False
Singapore,1998,0.304,0.375,0.869,33590.48,10.42199797247149,-0.03732870251123188,0.08163427780645449,0.0030000000000000027,0.015000000000000013,1.0,0.0030000000000000027,0.0,0.6755460823644823,-0.37154608236448233,0.03997698933222493,Mid,False
Singapore,1999,0.301,0.371,0.875,35156.117,10.467553907702664,0.045555935231174516,0.07167496257789452,0.006000000000000005,0.016000000000000014,0.0,-0.007000000000000006,0.0,0.7447819145883455,-0.44378191458834554,-0.0685800885543344,Mid,False
Singapore,2000,0.309,0.378,0.882,37772.758,10.539343433956676,0.0717895262540118,0.08001675897395444,0.007000000000000006,0.016000000000000014,0.0,0.0020000000000000018,0.0,0.6441035116168286,-0.33510351161682855,0.09156072600925313,Mid,False
Singapore,2001,0.309,0.378,0.885,36864.574,10.515006314680868,-0.02433711927580795,0.09300834220937837,0.0030000000000000027,0.016000000000000014,1.0,0.0020000000000000018,0.0,0.6865065149179861,-0.3775065149179861,-0.005960432553503758,Mid,False
Singapore,2002,0.308,0.377,0.891,37829.906,10.540855232823565,0.02584891814269774,0.0733013251209016,0.006000000000000005,0.016000000000000014,0.0,0.0010000000000000009,0.0,0.7783139291807086,-0.47031392918070863,-0.026532014592363096,Mid,False
Singapore,2003,0.308,0.377,0.897,38950.746,10.570053203875432,0.02919797105186639,0.03070976991875618,0.006000000000000005,0.015000000000000013,0.0,0.0010000000000000009,0.0,0.7957758380269706,-0.4877758380269706,-0.15267232641014206,High,True
Singapore,2004,0.308,0.377,0.905,42111.168,10.648068257650914,0.07801505377548246,0.1330619429700466,0.008000000000000007,0.020000000000000018,0.0,0.0010000000000000009,0.0,0.7322479741015029,-0.4242479741015029,-0.0467414591835168,Low,False
Singapore,2005,0.307,0.375,0.911,44698.84,10.707702829481935,0.05963457183102072,0.16684759665836957,0.006000000000000005,0.020000000000000018,0.0,-0.0040000000000000036,0.0,0.7855372977105894,-0.47853729771058945,-0.008223368529880815,Low,False
Singapore,2006,0.311,0.386,0.911,48073.59,10.780488240853705,0.07278541137177008,0.21043503697827326,0.0,0.014000000000000012,0.0,0.0,0.0,0.7035957267170408,-0.39259572671704085,0.09518011130992976,Mid,False
Singapore,2007,0.311,0.384,0.914,51844.062,10.855995684437929,0.07550744358422357,0.20792742678701437,0.0030000000000000027,0.009000000000000008,0.0,0.0,0.0,0.7750142156796717,-0.46401421567967166,-0.03976624157816877,Mid,False
Singapore,2008,0.311,0.387,0.924,52180.17,10.862457816638651,0.006462132200722337,0.15475498715671598,0.010000000000000009,0.013000000000000012,0.0,-0.0030000000000000027,0.0,0.7090652395845195,-0.3980652395845195,0.08047205812606995,Mid,False
Singapore,2009,0.314,0.39,0.928,51344.477,10.846312653583828,-0.01614516305482283,0.06582441273012307,0.0040000000000000036,0.017000000000000015,0.0,0.0,0.0,0.6911254216407667,-0.37712542164076673,0.015470305076274116,Mid,False
Singapore,2010,0.314,0.39,0.932,58612.73,10.978707187467771,0.13239453388394296,0.12271150302984246,0.0040000000000000036,0.018000000000000016,0.0,-0.010000000000000009,0.0,0.7334760756532592,-0.41947607565325923,0.04453814002641243,Mid,False
Singapore,2011,0.324,0.403,0.933,61672.0,11.029585298139098,0.05087811067132719,0.16712748150044732,0.0010000000000000009,0.009000000000000008,0.0,-0.006000000000000005,0.0,0.833784627551324,-0.509784627551324,-0.11171938796680453,Mid,False
Singapore,2012,0.334,0.419,0.933,62855.523,11.048594086052521,0.019008787913422864,0.202281432468693,0.0,0.0050000000000000044,0.0,0.0040000000000000036,0.0,0.8390582312252122,-0.5050582312252121,-0.12793280958444536,Mid,False
Singapore,2013,0.33,0.414,0.934,64821.926,11.079399189305642,0.03080510325312069,0.10069200183787075,0.0010000000000000009,0.0020000000000000018,0.0,0.0,0.0,0.8868174432199492,-0.5568174432199491,-0.13734136756668985,High,True
Singapore,2014,0.33,0.414,0.934,66498.555,11.104935497084552,0.025536307778910583,0.07535019894545414,0.0,0.0010000000000000009,0.0,0.0,0.0,0.882436441322212,-0.552436441322212,-0.042651813770888,High,False
Singapore,2015,0.331,0.416,0.935,67673.94,11.122456451264156,0.017520954179603976,0.07386236521163525,0.0010000000000000009,0.0020000000000000018,0.0,0.0010000000000000009,0.0,0.8820810512067248,-0.5510810512067248,-0.0460228199815127,High,False
Singapore,2016,0.337,0.424,0.934,69211.05,11.14491581093886,0.022459359674703805,0.06551662163321836,-0.0010000000000000009,0.0,0.0,0.008000000000000007,0.0,0.8822072288875928,-0.5452072288875929,0.011610214332356206,High,False
Singapore,2017,0.345,0.425,0.935,72292.04,11.188469305266945,0.04355349432808531,0.08353380818239309,0.0010000000000000009,0.0010000000000000009,0.0,0.01699999999999996,0.0,0.881237481917833,-0.536237481917833,0.016198959404378988,High,False
Slovakia,1996,0.537,0.702,0.74,12622.909,9.443268616664055,0.061128683783076454,0.18593827131859797,0.01100000000000001,0.030000000000000027,0.0,-0.0030000000000000027,0.0,0.39626469753069704,0.140735302469303,-0.049800468271600895,Low,False
Slovakia,1997,0.54,0.702,0.747,13335.459,9.49818185672115,0.05491324005709508,0.18673468331529364,0.007000000000000006,0.027000000000000024,0.0,-0.08599999999999997,0.0,0.4585199479286757,0.08148005207132436,0.015061373838707703,Low,False
Slovakia,1998,0.626,0.765,0.758,13822.1875,9.534030369889964,0.03584851316881377,0.1518904370089853,0.01100000000000001,0.029000000000000026,0.0,-0.119,0.0,0.508676332642663,0.11732366735733701,-0.0282859693647865,Low,False
Slovakia,1999,0.745,0.844,0.765,13750.333,9.52881832098328,-0.005212048906683364,0.08554970431922548,0.007000000000000006,0.025000000000000022,0.0,-0.0010000000000000009,0.0,0.45980494197700006,0.28519505802299994,0.14445975555369694,Mid,False
Slovakia,2000,0.75,0.849,0.774,13904.985,9.540002687918832,0.011184366935552248,0.04182083119768265,0.009000000000000008,0.027000000000000024,0.0,0.0040000000000000036,0.0,0.5008271228419324,0.24917287715806757,0.1676928250867432,Mid,False
Slovakia,2001,0.75,0.849,0.781,14361.901,9.572334215456141,0.03233152753730906,0.03830384556617794,0.007000000000000006,0.02300000000000002,0.0,0.027000000000000024,0.0,0.5034629479063396,0.2465370520936604,0.12921338473632338,Mid,False
Slovakia,2002,0.748,0.847,0.79,14984.731,9.614787028305019,0.04245281284887703,0.08596870732173834,0.009000000000000008,0.025000000000000022,0.0,0.025000000000000022,0.0,0.5688933703194498,0.17910662968055024,-0.10608842834244969,Mid,False
Slovakia,2003,0.746,0.843,0.796,15773.095,9.666060919419948,0.051273891114929526,0.12605823150111561,0.006000000000000005,0.02200000000000002,0.0,0.02300000000000002,0.0,0.5619375775989829,0.1840624224010171,-0.06511045475705046,Low,False
Slovakia,2004,0.748,0.845,0.806,16570.861,9.715401070446644,0.04934015102669598,0.14306685499050253,0.010000000000000009,0.025000000000000022,0.0,0.025000000000000022,0.0,0.5911526927601253,0.15684730723987472,-0.08968974485378567,Low,False
Slovakia,2005,0.748,0.845,0.815,17649.52,9.778463866524218,0.06306279607757403,0.16367683821919954,0.008999999999999897,0.02499999999999991,0.0,0.025000000000000022,0.0,0.5930953021401892,0.15490469785981076,-0.024201931820739486,Low,False
Slovakia,2006,0.723,0.82,0.824,19099.428,9.857413665942303,0.07894979941808522,0.19135274652235523,0.009000000000000008,0.027999999999999914,0.0,-0.01100000000000001,0.0,0.6232806911247573,0.09971930887524272,-0.0843431135257744,Low,False
Slovakia,2007,0.736,0.835,0.834,21109.94,9.957499298583471,0.10008563264116788,0.24209822813682713,0.010000000000000009,0.027999999999999914,0.0,0.0020000000000000018,0.0,0.6199579391033101,0.11604206089668989,-0.04080524634318483,Low,False
Slovakia,2008,0.735,0.834,0.842,22231.988,10.00928743165969,0.051788133076218656,0.23082356513547175,0.008000000000000007,0.027000000000000024,0.0,0.0050000000000000044,0.0,0.6642126645866427,0.07078733541335724,-0.08411736244645351,Low,False
Slovakia,2009,0.734,0.835,0.845,20953.037,9.950038879044467,-0.059248552615223105,0.09262521310216343,0.0030000000000000027,0.02100000000000002,1.0,0.008000000000000007,0.0,0.6260529138705812,0.10794708612941883,0.008227777254176116,Mid,False
Slovakia,2010,0.752,0.85,0.851,21941.213,9.996122019447707,0.04608314040324046,0.038622720864236015,0.006000000000000005,0.017000000000000015,0.0,0.027000000000000024,0.0,0.6680691028965179,0.08393089710348212,-0.032111163793207775,Mid,False
Slovakia,2011,0.755,0.851,0.856,22483.0,10.020514747061002,0.024392727613294696,0.011227315401312055,0.0050000000000000044,0.014000000000000012,0.0,0.030000000000000027,0.0,0.7564329284239666,-0.001432928423966584,-0.07222026383732383,High,True
Slovakia,2012,0.739,0.844,0.856,22745.203,10.032109545002747,0.011594797941745227,0.08207066595828039,0.0,0.01100000000000001,0.0,0.019000000000000017,0.0,0.7295563036227675,0.009443696377232524,-0.09850338975218631,Mid,False
Slovakia,2013,0.73,0.835,0.858,22860.525,10.037166902964355,0.005057357961607778,0.0410448835166477,0.0020000000000000018,0.007000000000000006,0.0,0.03200000000000003,0.0,0.7178257382477626,0.012174261752237348,-0.07175663535124477,High,True
Slovakia,2014,0.726,0.834,0.859,23453.041,10.062755445637254,0.02558854267289945,0.042240698576252456,0.0010000000000000009,0.0030000000000000027,0.0,0.028000000000000025,0.0,0.7178257382477626,0.008174261752237344,0.009607190176203928,High,False
Slovakia,2015,0.725,0.838,0.861,24647.719,10.112439639692205,0.049684194054950837,0.08033009468945806,0.0020000000000000018,0.0050000000000000044,0.0,0.027000000000000024,0.0,0.6895914410322979,0.03540855896770212,0.025964862590469595,High,False
Slovakia,2016,0.726,0.837,0.864,25087.715,10.130133563072853,0.017693923380647902,0.09296666010849819,0.0030000000000000027,0.006000000000000005,0.0,0.028000000000000025,0.0,0.7214800898934431,0.004519910106556835,-0.007654351645680513,Mid,False
Slovakia,2017,0.72,0.835,0.865,25788.756,10.157693861961718,0.02756029888886502,0.09493841632446376,0.0010000000000000009,0.006000000000000005,0.0,0.02200000000000002,0.0,0.7290278975796126,-0.009027897579612643,-0.017202159331849987,Mid,False
Slovenia,1996,0.767,0.849,0.778,18376.246,9.818814131305885,0.030917019919245448,0.14649474132593987,0.010000000000000009,0.03200000000000003,0.0,0.025000000000000022,0.0,0.36995678231690504,0.397043217683095,-0.004128261247202225,Low,False
Slovenia,1997,0.762,0.842,0.789,19258.945,9.86573090711246,0.04691677580657583,0.14468261829747497,0.01100000000000001,0.03300000000000003,0.0,0.020000000000000018,0.0,0.535437013013942,0.22656298698605803,-0.18836213608660995,Low,False
Slovenia,1998,0.764,0.842,0.802,19851.057,9.896012534067916,0.03028162695545511,0.10811542268127639,0.013000000000000012,0.03400000000000003,0.0,0.02200000000000002,0.0,0.5721026468115089,0.1918973531884911,-0.1540159609180387,Low,False
Slovenia,1999,0.759,0.837,0.82,20793.918,9.942415819084916,0.04640328501699997,0.12360168777903091,0.017999999999999905,0.041999999999999926,0.0,0.02400000000000002,0.0,0.5707361168301468,0.1882638831698532,-0.20877933451324177,Low,False
Slovenia,2000,0.749,0.84,0.829,21501.336,9.975870351720056,0.03345453263514031,0.1101394446075954,0.009000000000000008,0.039999999999999925,0.0,0.016000000000000014,0.0,0.6092696326247296,0.13973036737527045,-0.08683261961078759,Low,False
Slovenia,2001,0.742,0.832,0.845,22006.953,9.999113727863154,0.023243376143097905,0.10310119379523819,0.016000000000000014,0.04299999999999993,0.0,0.009000000000000008,0.0,0.59410032977589,0.14789967022411,-0.04399768296438111,Low,False
Slovenia,2002,0.756,0.843,0.855,22725.312,10.03123464832437,0.03212092046121562,0.08881882923945383,0.010000000000000009,0.03500000000000003,0.0,0.02300000000000002,0.0,0.6790091716478054,0.07699082835219462,-0.11127305481765859,Low,False
Slovenia,2003,0.752,0.841,0.865,23257.422,10.054379585880238,0.023144937555867884,0.07850923416018141,0.010000000000000009,0.03600000000000003,0.0,0.019000000000000017,0.0,0.7154373478859553,0.03656265211404475,-0.1031677152612257,Low,False
Slovenia,2004,0.735,0.825,0.87,24150.584,10.09206384098295,0.03768425510271278,0.09295011311979628,0.0050000000000000044,0.025000000000000022,0.0,0.0020000000000000018,0.0,0.7800202933725296,-0.04502029337252966,-0.19291996359663965,Low,False
Slovenia,2005,0.733,0.822,0.876,24966.94,10.125307828707847,0.03324398772489623,0.0940731803834769,0.006000000000000005,0.02100000000000002,0.0,-0.0010000000000000009,0.0,0.7848538388718982,-0.051853838871898206,-0.12884466722409282,Mid,False
Slovenia,2006,0.734,0.823,0.883,26182.78,10.172857221756068,0.04754939304822159,0.1184776358758306,0.007000000000000006,0.018000000000000016,0.0,-0.0030000000000000027,0.0,0.7584234665331984,-0.02442346653319838,-0.060986118647243126,Mid,False
Slovenia,2007,0.738,0.826,0.888,27832.764,10.233969166871809,0.061111945115740696,0.1419053258888585,0.0050000000000000044,0.018000000000000016,0.0,0.0010000000000000009,0.0,0.7221865887248188,0.01581341127518121,0.06083370464771087,Mid,False
Slovenia,2008,0.737,0.825,0.894,28473.596,10.256732480690651,0.022763313818842335,0.13142465198280462,0.006000000000000005,0.018000000000000016,0.0,-0.031000000000000028,0.0,0.7749540476893915,-0.03795404768939148,0.013899791182506727,Mid,False
Slovenia,2009,0.791,0.873,0.894,25905.512,10.162211043577797,-0.09452143711285466,-0.010646178178271626,0.0,0.01100000000000001,1.0,0.02300000000000002,0.0,0.7660889082216424,0.024911091778357597,0.049334558311555976,High,False
Slovenia,2010,0.796,0.872,0.896,26000.92,10.165887200992984,0.00367615741518712,-0.0680819658788252,0.0020000000000000018,0.008000000000000007,0.0,0.028000000000000025,0.0,0.7589687870087404,0.037031212991259665,0.021217801716078455,High,False
Slovenia,2011,0.789,0.863,0.897,26004.0,10.16600565132436,0.00011845033137625194,-0.09072682936629128,0.0010000000000000009,0.0030000000000000027,0.0,0.02100000000000002,0.0,0.7754444686540332,0.013555531345966876,0.051509579035358355,High,False
Slovenia,2012,0.768,0.847,0.897,25269.232,10.137342808151505,-0.028662843172854835,-0.024868235426291463,0.0,0.0030000000000000027,1.0,-0.0040000000000000036,0.0,0.7324724145342096,0.03552758546579038,0.010616493687432782,High,False
Slovenia,2013,0.778,0.854,0.907,24975.363,10.125645137945664,-0.011697670205840893,-0.040242063047319476,0.010000000000000009,0.01100000000000001,0.0,0.019000000000000017,0.0,0.770574934324543,0.007425065675456977,-0.02960614731580269,High,False
Slovenia,2014,0.794,0.865,0.907,25638.66,10.151856647578413,0.02621150963274843,-0.014149003745947297,0.0,0.010000000000000009,0.0,0.051000000000000045,0.0,0.7751072089894167,0.018892791010583387,0.005337259664616512,High,False
Slovenia,2015,0.804,0.873,0.909,26186.248,10.172989666452391,0.02113301887397867,0.03564685830088621,0.0020000000000000018,0.01200000000000001,0.0,0.139,1.0,0.7802102621856166,0.023789737814383427,-0.011737847651406952,High,False
Slovenia,2016,0.795,0.861,0.914,27004.717,10.203766833431255,0.030777166978863235,0.07812169548559034,0.0050000000000000044,0.007000000000000006,0.0,0.17100000000000004,1.0,0.7574988115960202,0.03750118840397987,0.03007612272852289,High,False
Slovenia,2017,0.772,0.84,0.918,28288.89,10.25022442704652,0.04645759361526558,0.09836777946810749,0.0040000000000000036,0.01100000000000001,0.0,0.14800000000000002,1.0,0.7439771949450501,0.028022805054949917,0.00913001404436653,Mid,False
South Africa,1996,0.56,0.663,0.649,6725.791,8.813704818371098,0.048647678070432576,0.11988767070420359,-0.0050000000000000044,-0.0010000000000000009,0.0,0.0,0.0,0.3407322580509257,0.21926774194907434,0.39327702974738854,Mid,False
South Africa,1997,0.56,0.663,0.642,6950.4717,8.846564806759336,0.03285998838823723,0.11862886106339054,-0.007000000000000006,-0.01200000000000001,0.0,-0.0039999999999998925,0.0,0.31983357101769916,0.2401664289823009,0.33861269423983337,Mid,False
South Africa,1998,0.564,0.668,0.634,7024.2954,8.857130190239287,0.010565383479951507,0.09207304993862131,-0.008000000000000007,-0.020000000000000018,0.0,-0.03400000000000003,0.0,0.34880906304615145,0.2151909369538485,0.07522420528895268,High,False
South Africa,1999,0.598,0.709,0.626,7234.2856,8.886586891964956,0.029456701725669276,0.07288207359385801,-0.008000000000000007,-0.02300000000000002,0.0,-0.031000000000000028,0.0,0.40755344774673163,0.19044655225326834,-0.028821189695805993,High,False
South Africa,2000,0.629,0.743,0.618,7582.7783,8.933634941823588,0.0470480498586312,0.08707013506425199,-0.008000000000000007,-0.02400000000000002,0.0,0.0,0.0,0.41348611406308616,0.21551388593691384,-0.024652543045387054,High,False
South Africa,2001,0.629,0.743,0.613,7839.6255,8.96694634434639,0.03331140252280207,0.10981615410710255,-0.0050000000000000044,-0.02100000000000002,0.0,0.0,0.0,0.33038752019033074,0.29861247980966926,0.08342154285582076,High,False
South Africa,2002,0.629,0.743,0.614,8171.2065,9.00837185136986,0.04142550702347059,0.12178495940490386,0.0010000000000000009,-0.01200000000000001,0.0,0.0,0.0,0.31082159630906653,0.3181784036909335,0.12773185143766513,Mid,False
South Africa,2003,0.629,0.743,0.61,8451.452,9.04209353990892,0.033721688539060324,0.10845859808533298,-0.0040000000000000036,-0.008000000000000007,0.0,-0.020000000000000018,0.0,0.335756572631343,0.293243427368657,0.07772954143174315,High,False
South Africa,2004,0.649,0.764,0.613,8877.921,9.091322686953848,0.04922914704492776,0.12437634260745867,0.0030000000000000027,0.0,0.0,-0.007000000000000006,0.0,0.2998574544491856,0.3491425455508144,0.05053006574114516,Mid,False
South Africa,2005,0.658,0.778,0.616,9393.693,9.147793785618603,0.05647109866475475,0.13942193424874283,0.0030000000000000027,0.0020000000000000018,0.0,0.0020000000000000018,0.0,0.2893266730943289,0.3686733269056711,0.05049492321473764,Mid,False
South Africa,2006,0.661,0.779,0.622,9978.471,9.208185151155382,0.06039136553677871,0.1660916112464612,0.006000000000000005,0.01200000000000001,0.0,0.0050000000000000044,0.0,0.2741129864940011,0.3868870135059989,0.09364358613734192,Mid,False
South Africa,2007,0.662,0.779,0.632,10576.291,9.266370076841527,0.058184925686145306,0.17504738988767876,0.010000000000000009,0.019000000000000017,0.0,0.006000000000000005,0.0,0.2533869430318658,0.4086130569681342,0.059470511417319794,Low,False
South Africa,2008,0.657,0.775,0.643,10977.146,9.303570754136352,0.03720067729482501,0.15577696851774903,0.01100000000000001,0.027000000000000024,0.0,0.007000000000000006,0.0,0.29950696346407196,0.35749303653592807,-0.011180290369743051,Low,False
South Africa,2009,0.656,0.775,0.657,10873.046,9.29404216165191,-0.00952859248444149,0.08585701049652883,0.014000000000000012,0.03500000000000003,0.0,0.015000000000000013,0.0,0.3105447654731921,0.34545523452680793,-0.04143177897919098,Low,False
South Africa,2010,0.666,0.778,0.669,11318.6045,9.334203066772734,0.04016090512082293,0.06783298993120646,0.01200000000000001,0.03700000000000003,0.0,0.025000000000000022,0.0,0.3286524628561597,0.33734753714384036,-0.07126551982429385,Low,False
South Africa,2011,0.666,0.777,0.683,11838.0,9.37906997525067,0.04486690847793717,0.07549922111431862,0.014000000000000012,0.040000000000000036,0.0,0.025000000000000022,0.0,0.4176054980040848,0.24839450199591523,-0.10909853454001284,Low,False
South Africa,2012,0.668,0.779,0.696,11938.226,9.38750079969365,0.00843082444297849,0.0934586380417386,0.0129999999999999,0.038999999999999924,0.0,0.04200000000000004,0.0,0.42401010677690115,0.24398989322309889,-0.10146534130370904,Low,False
South Africa,2013,0.65,0.765,0.705,12048.068,9.396659594114052,0.009158794420402572,0.062456527341318235,0.009000000000000008,0.03599999999999992,0.0,0.02400000000000002,0.0,0.4391030174284901,0.2108969825715099,-0.12645055457233045,Low,False
South Africa,2014,0.641,0.758,0.713,12034.149,9.395503637289153,-0.001155956824899107,0.016433662038481955,0.008000000000000007,0.029999999999999916,0.0,0.018000000000000016,0.0,0.4434161956254917,0.1975838043745083,-0.05081069762140694,Mid,False
South Africa,2015,0.649,0.755,0.722,12009.91,9.393487421290747,-0.002016215998406068,0.005986621597097397,0.009000000000000008,0.026000000000000023,0.0,0.04500000000000004,0.0,0.47244513913564573,0.1765548608643543,-0.0674350323587446,Mid,False
South Africa,2016,0.645,0.752,0.722,11908.111,9.384975043556784,-0.00851237773396285,-0.011684550557268025,0.0,0.017000000000000015,0.0,0.041000000000000036,0.0,0.4673633068373146,0.17763669316268543,-0.03326028940882447,High,False
South Africa,2017,0.626,0.738,0.726,11867.522,9.381560704226157,-0.0034143393306269587,-0.013942933062995877,0.0040000000000000036,0.013000000000000012,0.0,0.02200000000000002,0.0,0.4692173232039577,0.1567826767960423,-0.04080112757846599,High,False
South Korea,1996,0.618,0.736,0.801,20204.56,9.913663600487533,0.056780405238193055,0.20233984104095448,0.01200000000000001,0.031000000000000028,0.0,-0.020000000000000018,0.0,0.5816959945223532,0.036304005477646784,-0.12745335454202417,Low,False
South Korea,1997,0.638,0.743,0.812,21055.945,9.954938222039566,0.04127462155203254,0.17246670693254984,0.01100000000000001,0.03300000000000003,0.0,-0.09099999999999997,0.0,0.6546175548987699,-0.016617554898769926,-0.16050510698613923,Low,False
South Korea,1998,0.729,0.804,0.809,19624.691,9.884543797303722,-0.07039442473584323,0.027660602054382366,-0.0030000000000000027,0.020000000000000018,1.0,-0.007000000000000006,0.0,0.613287168016081,0.11571283198391902,0.047294104765782,Mid,False
South Korea,1999,0.736,0.811,0.821,21540.693,9.9776991228948,0.09315532559107709,0.0640355224072664,0.0119999999999999,0.019999999999999907,0.0,-0.017000000000000015,0.0,0.5584505124181065,0.17754948758189348,0.1412454821042467,Mid,False
South Korea,2000,0.753,0.829,0.83,23108.018,10.047934935851865,0.07023581295706549,0.09299671381229935,0.009000000000000008,0.017999999999999905,0.0,-0.0040000000000000036,0.0,0.523294291806194,0.22970570819380598,0.2463232630925759,Mid,False
South Korea,2001,0.757,0.833,0.838,23804.438,10.077627312864323,0.029692377012457527,0.1930835155606001,0.008000000000000007,0.028999999999999915,0.0,-0.0040000000000000036,0.0,0.5857774441461966,0.17122255585380342,0.0555097238698844,Low,False
South Korea,2002,0.761,0.833,0.846,25250.637,10.136606662108065,0.05897934924374226,0.15890753921326528,0.008000000000000007,0.025000000000000022,0.0,0.0020000000000000018,0.0,0.6149102427137395,0.1460897572862605,-0.03145973029563298,Low,False
South Korea,2003,0.761,0.835,0.852,25679.246,10.153438396002127,0.016831733894061784,0.10550346015026157,0.006000000000000005,0.02200000000000002,0.0,0.09999999999999998,0.0,0.6599439268992356,0.10105607310076437,-0.12864963509304161,Mid,False
South Korea,2004,0.761,0.834,0.859,26646.504,10.190413239000138,0.03697484299801168,0.11278592613581573,0.007000000000000006,0.02100000000000002,0.0,0.09999999999999998,0.0,0.7492901315610613,0.01170986843893873,-0.15951268741486468,Mid,False
South Korea,2005,0.762,0.834,0.866,27443.283,10.219876717540329,0.02946347854019038,0.08327005543226385,0.007000000000000006,0.020000000000000018,0.0,0.10099999999999998,1.0,0.773274764390863,-0.011274764390862946,-0.15736452167712345,Mid,False
South Korea,2006,0.762,0.834,0.871,28516.484,10.258237585020959,0.03836086748063039,0.10479918901883245,0.0050000000000000044,0.019000000000000017,0.0,0.10099999999999998,1.0,0.7629781128273917,-0.0009781128273916861,-0.10203418592815605,Mid,False
South Korea,2007,0.759,0.834,0.876,29716.57,10.299460081673411,0.04122249665245192,0.10904684267327269,0.0050000000000000044,0.017000000000000015,0.0,0.10099999999999998,1.0,0.7629781128273917,-0.003978112827391689,-0.01568798126633042,Mid,False
South Korea,2008,0.661,0.759,0.878,30117.729,10.312869280664852,0.013409198991441329,0.09299256312452364,0.0020000000000000018,0.01200000000000001,0.0,0.052000000000000046,0.0,0.7498931788521435,-0.08889317885214343,-0.07761841446128048,Mid,False
South Korea,2009,0.662,0.759,0.881,29967.562,10.307870808987099,-0.004998471677753358,0.049633223966139894,0.0030000000000000027,0.010000000000000009,0.0,0.062000000000000055,0.0,0.7405332422559159,-0.07853324225591585,-0.07755512942852416,High,True
South Korea,2010,0.665,0.762,0.894,31537.773,10.358941249273322,0.05107044028622276,0.059481167599910734,0.013000000000000012,0.018000000000000016,0.0,0.06600000000000006,0.0,0.7043587228453294,-0.039358722845329375,-0.035380610017937686,Mid,False
South Korea,2011,0.665,0.762,0.899,32225.0,10.380497827807389,0.021556578534067228,0.06762854714253663,0.0050000000000000044,0.02100000000000002,0.0,0.06600000000000006,0.0,0.810648280550387,-0.14564828055038692,-0.05675510169824349,Mid,False
South Korea,2012,0.658,0.753,0.901,32826.48,10.398990785740263,0.018492957932874532,0.09111997675316452,0.0020000000000000018,0.020000000000000018,0.0,0.05900000000000005,0.0,0.784202592362875,-0.126202592362875,-0.04766935010695916,Mid,False
South Korea,2013,0.609,0.716,0.905,33711.656,10.425598931910276,0.026608146170012503,0.06665768263695426,0.0040000000000000036,0.01100000000000001,0.0,0.010000000000000009,0.0,0.7900529004492641,-0.18105290044926414,-0.14169417760393477,Mid,False
South Korea,2014,0.6,0.705,0.91,34573.09,10.450830912780008,0.025231980869731885,0.07033308497261892,0.0050000000000000044,0.01100000000000001,0.0,0.0010000000000000009,0.0,0.7865925331772957,-0.18659253317729574,-0.04094425262690882,Mid,False
South Korea,2015,0.599,0.705,0.914,35357.52,10.473266378545347,0.022435465765338947,0.07427559280508333,0.0040000000000000036,0.013000000000000012,0.0,-0.02100000000000002,0.0,0.7940581110306068,-0.19505811103060677,-0.06885551866773176,Mid,False
South Korea,2016,0.62,0.718,0.918,36255.24,10.498339201560364,0.025072823015017676,0.07274026965008851,0.0040000000000000036,0.013000000000000012,0.0,-0.15500000000000003,0.0,0.7985806656905724,-0.1785806656905724,0.002472234758691738,Mid,False
South Korea,2017,0.791,0.852,0.922,37296.047,10.526642621463504,0.028303419903139115,0.07581170868349574,0.0040000000000000036,0.01200000000000001,0.0,0.07300000000000006,0.0,0.7909227334134985,7.726658650153428e-05,0.18666979976379727,Mid,False
Spain,1996,0.82,0.893,0.811,22185.066,10.007174638791682,0.030339138561551238,0.10086407470492453,0.007000000000000006,0.02200000000000002,0.0,0.0030000000000000027,0.0,0.5972981335130172,0.22270186648698276,-0.04387401822538772,Mid,False
Spain,1997,0.82,0.894,0.816,23113.615,10.04817711682489,0.041002478033208334,0.11154714234582563,0.004999999999999893,0.017999999999999905,0.0,0.0030000000000000027,0.0,0.5661428493521438,0.2538571506478562,-0.000423915693706145,Mid,False
Spain,1998,0.82,0.894,0.821,24284.861,10.097608431065709,0.04943131424081848,0.12077293083557805,0.0050000000000000044,0.016999999999999904,0.0,0.02399999999999991,0.0,0.5434914063733831,0.27650859362661684,0.08967929747755088,Mid,False
Spain,1999,0.82,0.894,0.825,25549.54,10.148374591555884,0.05076616049017524,0.14119995276420205,0.0040000000000000036,0.013999999999999901,0.0,0.02399999999999991,0.0,0.520363915424662,0.29963608457533797,0.07693421808835521,Mid,False
Spain,2000,0.817,0.893,0.833,26994.86,10.203401756493356,0.055027164937472506,0.15522463966846622,0.008000000000000007,0.017000000000000015,0.0,0.020999999999999908,0.0,0.5857137858915593,0.23128621410844064,-0.022570936539415554,Mid,False
Spain,2001,0.817,0.893,0.839,28153.553,10.24542884229945,0.04202708580609382,0.14782041123374157,0.006000000000000005,0.018000000000000016,0.0,0.020999999999999908,0.0,0.6696102787722312,0.14738972122776872,-0.12911887239884812,Low,False
Spain,2002,0.817,0.893,0.844,28753.322,10.266508587376448,0.021079745076997725,0.11813399582056405,0.0050000000000000044,0.019000000000000017,0.0,0.020999999999999908,0.0,0.6869754867502674,0.13002451324973252,-0.16961157132560545,Mid,False
Spain,2003,0.796,0.875,0.846,29371.865,10.287792522346857,0.021283934970409035,0.08439076585350058,0.0020000000000000018,0.013000000000000012,0.0,-0.01200000000000001,0.0,0.6743036656939181,0.12169633430608195,-0.10958987980235868,Mid,False
Spain,2004,0.808,0.875,0.852,30088.092,10.311884757842918,0.02409223549606132,0.06645591554346808,0.006000000000000005,0.013000000000000012,0.0,0.0,0.0,0.7262064358240597,0.0817935641759403,-0.06559615705182842,Mid,False
Spain,2005,0.811,0.879,0.857,30885.602,10.33804539960266,0.02616064175974131,0.07153681222621167,0.0050000000000000044,0.013000000000000012,0.0,0.0030000000000000027,0.0,0.7353724526372295,0.07562754736277055,-0.05439696588696197,Mid,False
Spain,2006,0.812,0.879,0.862,31907.424,10.370593988968873,0.032548589366212966,0.0828014666220156,0.0050000000000000044,0.016000000000000014,0.0,0.0040000000000000036,0.0,0.7555899961029318,0.056410003897068295,-0.06528633040901366,Mid,False
Spain,2007,0.808,0.876,0.864,32735.434,10.39621337876806,0.02561938979918743,0.0843286209251417,0.0020000000000000018,0.01200000000000001,0.0,0.009000000000000008,0.0,0.7597654906399944,0.04823450936000562,-0.033559054815934686,Mid,False
Spain,2008,0.819,0.886,0.865,32844.324,10.399534223595515,0.00332084482745465,0.061488823992855046,0.0010000000000000009,0.008000000000000007,0.0,0.040999999999999925,0.0,0.7504707918701891,0.06852920812981089,-0.007098339232959661,High,False
Spain,2009,0.821,0.888,0.867,31669.691,10.363115382617389,-0.036418840978125644,-0.007478606351483563,0.0020000000000000018,0.0050000000000000044,1.0,0.04699999999999993,0.0,0.7328805089009721,0.08811949109902784,0.03170948720195954,High,False
Spain,2010,0.825,0.892,0.875,31786.404,10.366793930174106,0.003678547556717149,-0.029419448593953845,0.008000000000000007,0.01100000000000001,0.0,0.06599999999999995,0.0,0.7586571886047949,0.06634281139520504,0.01810830203519942,High,False
Spain,2011,0.821,0.893,0.879,31600.0,10.360912399575003,-0.005881530599102902,-0.0386218240205114,0.0040000000000000036,0.014000000000000012,0.0,0.061999999999999944,0.0,0.735828011172909,0.08517198882709098,0.01664278069728009,High,False
Spain,2012,0.799,0.889,0.881,30645.215,10.330231811721621,-0.030680587853382235,-0.03288357089576799,0.0020000000000000018,0.014000000000000012,1.0,0.04200000000000004,0.0,0.7075864999872362,0.09141350001276383,0.0032940089137359907,High,False
Spain,2013,0.778,0.875,0.886,30327.451,10.319808554948443,-0.010423256773178124,-0.04698537522566326,0.0050000000000000044,0.01100000000000001,0.0,0.02100000000000002,0.0,0.7746894570713422,0.0033105429286578447,-0.06303226846654719,High,True
Spain,2014,0.774,0.871,0.89,30842.184,10.336638642290474,0.016830087342031064,-0.024273757284529296,0.0040000000000000036,0.01100000000000001,0.0,0.017000000000000015,0.0,0.7837954810435867,-0.009795481043586629,-0.09496746987067761,High,True
Spain,2015,0.759,0.856,0.895,32057.098,10.375273904287399,0.0386352619969248,0.045042092565777736,0.0050000000000000044,0.014000000000000012,0.0,0.0020000000000000018,0.0,0.7722267755203083,-0.013226775520308265,-0.10464027553307209,Mid,False
Spain,2016,0.766,0.847,0.9,33002.676,10.404343928070018,0.02907002378261936,0.08453537312157522,0.0050000000000000044,0.014000000000000012,0.0,0.009000000000000008,0.0,0.7688787408401532,-0.00287874084015316,-0.006189283768811005,Mid,False
Spain,2017,0.757,0.835,0.902,33924.137,10.4318820459123,0.02753811784228155,0.0952434036218257,0.0020000000000000018,0.01200000000000001,0.0,-0.018000000000000016,0.0,0.7778741645273396,-0.02087416452733959,-0.01107868348375296,Mid,False
Sri Lanka,1996,0.346,0.544,0.672,5187.709,8.554047452883994,0.09824148649211573,0.20007390699791294,0.0050000000000000044,0.014000000000000012,0.0,0.02799999999999997,0.0,0.21681260674619862,0.12918739325380135,0.13449323685473302,Mid,False
Sri Lanka,1997,0.346,0.544,0.679,5628.5303,8.635603639097416,0.08155618621342242,0.22358891324446262,0.007000000000000006,0.015000000000000013,0.0,0.02799999999999997,0.0,0.24362008811404245,0.10237991188595752,0.07666476195324673,Low,False
Sri Lanka,1998,0.337,0.53,0.685,5440.221,8.601574964024815,-0.034028675072601544,0.1457689976329366,0.006000000000000005,0.018000000000000016,1.0,0.019000000000000017,0.0,0.19101547846667027,0.14598452153332975,0.013466993164750418,Mid,False
Sri Lanka,1999,0.336,0.529,0.692,5488.515,8.610413006110791,0.008838042085976383,0.05636555322679726,0.006999999999999895,0.019999999999999907,0.0,0.018000000000000016,0.0,0.31811101946767273,0.017888980532327292,-0.11129841272147406,Mid,False
Sri Lanka,2000,0.318,0.494,0.702,5841.094,8.672673387045554,0.06226038093476305,0.03706974794813789,0.010000000000000009,0.02299999999999991,0.0,0.03999999999999998,0.0,0.35671890238350695,-0.03871890238350695,-0.14109881426946447,Mid,False
Sri Lanka,2001,0.319,0.496,0.704,5620.966,8.634258814238006,-0.03841457280754845,0.03268385021319098,0.0020000000000000018,0.018999999999999906,1.0,0.07600000000000001,0.0,0.35185647351925364,-0.03285647351925364,-0.17884099505258338,Mid,False
Sri Lanka,2002,0.34,0.529,0.709,5721.3086,8.65195283443233,0.017694020194324978,0.041539828321539574,0.0050000000000000044,0.017000000000000015,0.0,0.10000000000000003,1.0,0.3734563502168774,-0.03345635021687737,-0.051345330749204665,Mid,False
Sri Lanka,2003,0.34,0.529,0.713,5963.57,8.693424574023112,0.0414717395907811,0.020751186977557623,0.0040000000000000036,0.01100000000000001,0.0,0.10400000000000004,1.0,0.3947444790834815,-0.054744479083481457,-0.01602557669997451,High,False
Sri Lanka,2004,0.329,0.513,0.695,6191.9663,8.731007972748293,0.03758339872518057,0.09674915851028665,-0.018000000000000016,-0.009000000000000008,0.0,0.096,0.0,0.4002869562768777,-0.0712869562768777,-0.03843048275762406,High,False
Sri Lanka,2005,0.278,0.435,0.721,6491.198,8.778202384342695,0.0471944115944023,0.12624954991036397,0.026000000000000023,0.01200000000000001,0.0,0.04500000000000001,0.0,0.2670168646686517,0.010983135331348315,0.04443948554822569,Mid,False
Sri Lanka,2006,0.243,0.373,0.724,6904.036,8.839861447118151,0.06165906277545652,0.1464368730950394,0.0030000000000000027,0.01100000000000001,0.0,0.009999999999999981,0.0,0.3140300231466649,-0.0710300231466649,-0.016285544063183444,Mid,False
Sri Lanka,2007,0.24,0.373,0.729,7283.6323,8.893384959068099,0.05352351194994753,0.16237698631980635,0.0050000000000000044,0.03400000000000003,0.0,0.0069999999999999785,0.0,0.28668249710311633,-0.04668249710311634,0.02460445917376136,Low,False
Sri Lanka,2008,0.236,0.368,0.73,7622.4087,8.93884770109307,0.0454627420249718,0.16064531675037586,0.0010000000000000009,0.009000000000000008,0.0,0.002999999999999975,0.0,0.2965585709241183,-0.060558570924118316,-0.07154170625546663,Mid,False
Sri Lanka,2009,0.233,0.366,0.723,7796.6475,8.961449112591573,0.0226014114985027,0.12158766547342204,-0.007000000000000006,-0.0010000000000000009,0.0,-0.009999999999999981,0.0,0.3808501438731402,-0.1478501438731402,-0.07682012072647529,Mid,False
Sri Lanka,2010,0.244,0.386,0.748,8319.703,9.026381836062713,0.06493272347113965,0.13299687699461415,0.025000000000000022,0.019000000000000017,0.0,0.0010000000000000009,0.0,0.38142301201801937,-0.13742301201801937,-0.09074051491490304,Mid,False
Sri Lanka,2011,0.243,0.384,0.753,8918.0,9.095826985187422,0.069445149124709,0.15697928409435136,0.0050000000000000044,0.02300000000000002,0.0,-0.0030000000000000027,0.0,0.41381011729193495,-0.17081011729193496,-0.11025154636781664,Low,False
Sri Lanka,2012,0.246,0.39,0.759,9599.045,9.16941889334088,0.07359190815345862,0.20796978074930728,0.006000000000000005,0.03600000000000003,0.0,-0.02100000000000002,0.0,0.4120328556377742,-0.1660328556377742,-0.018182711764634013,Low,False
Sri Lanka,2013,0.268,0.418,0.764,9898.523,9.200140833073268,0.030721939732387682,0.1737589970105553,0.0050000000000000044,0.016000000000000014,0.0,0.0010000000000000009,0.0,0.3876113431498558,-0.11961134314985578,0.0178116688681636,Mid,False
Sri Lanka,2014,0.267,0.417,0.767,10437.811,9.253190165122392,0.053049332049123876,0.15736317993497018,0.0030000000000000027,0.014000000000000012,0.0,-0.13,0.0,0.4059117786325662,-0.1389117786325662,0.03189833865936875,Mid,False
Sri Lanka,2015,0.397,0.55,0.769,10784.185,9.285835988049453,0.03264582292706031,0.11641709470857187,0.0020000000000000018,0.010000000000000009,0.0,0.018000000000000016,0.0,0.39029321748076473,0.006706782519235288,0.1727396381570095,Mid,False
Sri Lanka,2016,0.45,0.595,0.772,11236.119,9.326888779125687,0.041052791076234385,0.12674794605241857,0.0030000000000000027,0.008000000000000007,0.0,0.07100000000000001,0.0,0.4368520921198822,0.013147907880117826,0.1327592510299736,Mid,False
Sri Lanka,2017,0.448,0.591,0.777,11868.202,9.381618001825352,0.05472922269966496,0.12842783670295965,0.0050000000000000044,0.010000000000000009,0.0,0.069,0.0,0.4692928249772186,-0.021292824977218572,0.11761895365534764,Mid,False
Sweden,1996,0.879,0.912,0.877,29012.105,10.275468435668813,0.017127091485575008,0.08835111016713704,0.008000000000000007,0.027000000000000024,0.0,0.0030000000000000027,0.0,0.7931624729580916,0.08583752704190839,-0.3107397352205277,Low,False
Sweden,1997,0.879,0.912,0.888,29862.666,10.304364350429832,0.02889591476101927,0.08220654476320632,0.01100000000000001,0.026000000000000023,0.0,0.0030000000000000027,0.0,0.7598344905270865,0.11916550947291349,-0.12786899516853956,Mid,False
Sweden,1998,0.879,0.912,0.901,31187.164,10.347761878888745,0.04339752845891276,0.08942053470550704,0.013000000000000012,0.03200000000000003,0.0,0.0030000000000000027,0.0,0.6319966741723878,0.2470033258276122,0.06708752324555023,Low,False
Sweden,1999,0.876,0.909,0.906,32705.215,10.395289824292066,0.047527945403320615,0.11982138862325264,0.0050000000000000044,0.029000000000000026,0.0,0.0,0.0,0.7544738233099796,0.12152617669002042,0.035688649648112025,Low,False
Sweden,2000,0.876,0.909,0.912,34202.605,10.440057089740584,0.0447672654485185,0.13569273931075188,0.006000000000000005,0.02400000000000002,0.0,0.0,0.0,0.747899181318838,0.12810081868116197,0.008935309208248476,Low,False
Sweden,2001,0.876,0.909,0.915,34666.664,10.45353381253232,0.013476722791736506,0.10577193364357562,0.0030000000000000027,0.014000000000000012,0.0,0.0,0.0,0.7269822053428324,0.14901779465716758,-0.09798553117044462,Mid,False
Sweden,2002,0.876,0.91,0.918,35569.773,10.479251483139736,0.025717670607415144,0.08396165884767015,0.0030000000000000027,0.01200000000000001,0.0,-0.0010000000000000009,0.0,0.7567655585032973,0.1192344414967027,-0.002291735193317712,Mid,False
Sweden,2003,0.877,0.911,0.923,36435.754,10.503305824277522,0.02405434113778604,0.06324873453693769,0.0050000000000000044,0.01100000000000001,0.0,0.0,0.0,0.7627026386995528,0.11429736130044721,-0.013803457380714756,Mid,False
Sweden,2004,0.877,0.911,0.908,38016.062,10.545764033613242,0.0424582093357202,0.09223022108092138,-0.015000000000000013,-0.007000000000000006,0.0,0.0,0.0,0.679975480901815,0.19702451909818497,0.04800672444101739,High,False
Sweden,2005,0.877,0.911,0.911,39258.992,10.57793579251358,0.03217175890033808,0.09868430937384431,0.0030000000000000027,-0.007000000000000006,0.0,-0.0020000000000000018,0.0,0.7351820545331174,0.14181794546688264,0.02258350397017994,High,False
Sweden,2006,0.879,0.912,0.915,40992.3,10.621139523170852,0.04320373065727168,0.11783369889332995,0.0040000000000000036,-0.008000000000000007,0.0,-0.0020000000000000018,0.0,0.7270967547986701,0.15190324520132992,0.03760588390088271,Mid,False
Sweden,2007,0.881,0.914,0.917,42399.844,10.654899961967997,0.0337604387971453,0.10913592835475505,0.0020000000000000018,0.009000000000000008,0.0,0.0,0.0,0.7521327221823427,0.12886727781765728,-0.06815724128052769,Mid,False
Sweden,2008,0.881,0.914,0.913,42189.965,10.64993767553757,-0.004962286430426843,0.07200188302399013,-0.0040000000000000036,0.0020000000000000018,0.0,0.0,0.0,0.7072700563997993,0.17372994360020066,0.03191199813331802,High,False
Sweden,2009,0.881,0.914,0.912,40116.312,10.599538313623263,-0.05039936191430705,-0.021601209547588596,-0.0010000000000000009,-0.0030000000000000027,1.0,0.0,0.0,0.6977390116074532,0.1832609883925468,0.03135774319121687,High,False
Sweden,2010,0.881,0.914,0.918,42634.754,10.66042502125215,0.06088670762888704,0.005525059284153144,0.006000000000000005,0.0010000000000000009,0.0,0.0,0.0,0.7253326379768709,0.15566736202312914,0.026800084205471864,High,False
Sweden,2011,0.881,0.914,0.92,42079.0,10.647304082870662,-0.013120938381488756,-0.0026335926669087684,0.0020000000000000018,0.007000000000000006,0.0,0.0010000000000000009,0.0,0.7995595309837313,0.08144046901626867,-0.092289474583932,High,True
Sweden,2012,0.886,0.917,0.92,41523.145,10.63400626159927,-0.013297821271391896,0.034467947976006386,0.0,0.008000000000000007,0.0,0.006000000000000005,0.0,0.8033188602500699,0.08268113974993008,-0.10057984864261671,High,True
Sweden,2013,0.885,0.916,0.94,41661.805,10.637340040808688,0.0033337792094183527,-0.0230849804434623,0.019999999999999907,0.02199999999999991,0.0,0.010000000000000009,0.0,0.47462559641591706,0.41037440358408295,0.2547070415609538,Mid,False
Sweden,2014,0.885,0.915,0.943,42346.836,10.653648986545413,0.016308945736724922,0.006344903674751379,0.0030000000000000027,0.02299999999999991,0.0,0.019000000000000017,0.0,0.70886380346804,0.17613619653196,0.09469572751569133,Mid,False
Sweden,2015,0.881,0.915,0.945,43782.457,10.686988491018775,0.033339504473362425,0.0529822294195057,0.0020000000000000018,0.02499999999999991,0.0,0.015000000000000013,0.0,0.7019323540468144,0.17906764595318558,0.0963865062032555,Mid,False
Sweden,2016,0.88,0.914,0.947,44131.03,10.694918442122646,0.007929951103870181,0.05757840131395753,0.0020000000000000018,0.007000000000000006,0.0,0.014000000000000012,0.0,0.7968852085792395,0.0831147914207605,-0.32725961216332244,High,True
Sweden,2017,0.88,0.914,0.949,44658.484,10.706799579453012,0.011881137330366442,0.05315059290759905,0.0020000000000000018,0.006000000000000005,0.0,0.019000000000000017,0.0,0.7965355271335604,0.08346447286643965,-0.09267172366552034,High,True
Switzerland,1996,0.839,0.89,0.875,36720.492,10.511090243337476,0.01969853280181333,0.05874354870366716,0.0030000000000000027,0.008000000000000007,0.0,0.0030000000000000027,0.0,0.6469165435901497,0.19208345640985025,0.10802895804192059,High,False
Switzerland,1997,0.839,0.89,0.88,38165.477,10.549686642516841,0.03859639917936519,0.07454660602631691,0.0050000000000000044,0.010000000000000009,0.0,0.0030000000000000027,0.0,0.6380598487316229,0.20094015126837705,0.10406426820422043,Mid,False
Switzerland,1998,0.839,0.89,0.886,39890.54,10.5938944820352,0.04420783951835894,0.10250277149953746,0.006000000000000005,0.014000000000000012,0.0,0.0030000000000000027,0.0,0.6283290208050976,0.2106709791949024,0.03588695038770118,Mid,False
Switzerland,1999,0.838,0.89,0.889,41091.637,10.623559900460865,0.02966541842566528,0.11246965712338941,0.0030000000000000027,0.014000000000000012,0.0,0.0020000000000000018,0.0,0.7492134671350507,0.08878653286494931,-0.10329692354490094,Mid,False
Switzerland,2000,0.836,0.889,0.892,43251.105,10.6747780611666,0.05121816070573537,0.1250914186497596,0.0030000000000000027,0.01200000000000001,0.0,0.0,0.0,0.7403118609233614,0.09568813907663853,-0.10525201219173852,Mid,False
Switzerland,2001,0.836,0.889,0.895,44398.64,10.700964117320558,0.026186056153957082,0.10706963528535773,0.0030000000000000027,0.009000000000000008,0.0,-0.0010000000000000009,0.0,0.7750090398613663,0.0609909601386337,-0.1496800190562687,Mid,False
Switzerland,2002,0.837,0.889,0.896,44934.316,10.712957057989303,0.011992940668745788,0.08939715752843824,0.0010000000000000009,0.007000000000000006,0.0,-0.0040000000000000036,0.0,0.7988674143989747,0.03813258560102528,-0.050653947263924026,Mid,False
Switzerland,2003,0.841,0.888,0.901,45441.598,10.7241832200302,0.011226162040896881,0.04940515886359975,0.0050000000000000044,0.009000000000000008,0.0,0.0,0.0,0.7753183589891517,0.06568164101084828,-0.030006498065790255,High,False
Switzerland,2004,0.841,0.886,0.906,47263.598,10.76349567987855,0.0393124598483503,0.06253156255799297,0.0050000000000000044,0.01100000000000001,0.0,0.0,0.0,0.721706937193793,0.119293062806207,0.0583021026675733,Mid,False
Switzerland,2005,0.841,0.886,0.909,49273.902,10.805149848667627,0.04165416878907635,0.09219279067832353,0.0030000000000000027,0.013000000000000012,0.0,0.0,0.0,0.6914124269767923,0.1495875730232077,0.1114549874221824,Mid,False
Switzerland,2006,0.841,0.886,0.918,51862.965,10.856360230616836,0.05121038194920935,0.132177010586636,0.009000000000000008,0.017000000000000015,0.0,-0.0010000000000000009,0.0,0.6825267273439948,0.1584732726560052,0.09279163164515691,Mid,False
Switzerland,2007,0.842,0.888,0.926,54509.54,10.906131011204154,0.049770780587317986,0.1426353313256037,0.008000000000000007,0.020000000000000018,0.0,-0.008000000000000007,0.0,0.6885495440929562,0.15345045590704376,0.034157393100836764,Low,False
Switzerland,2008,0.85,0.895,0.934,56054.883,10.934086543349766,0.027955532145611528,0.12893669468213886,0.008000000000000007,0.025000000000000022,0.0,0.0,0.0,0.7250392355797035,0.12496076442029647,-0.02462680860291122,Low,False
Switzerland,2009,0.85,0.895,0.942,55171.5,10.918201794586375,-0.015884748763390633,0.06184156396953888,0.007999999999999896,0.02399999999999991,0.0,0.0,0.0,0.700637298462086,0.14936270153791398,-0.009110571118091215,Mid,False
Switzerland,2010,0.85,0.895,0.945,57219.5,10.954650028362497,0.03644823377612205,0.04851901715834295,0.0030000000000000027,0.018999999999999906,0.0,-0.0020000000000000018,0.0,0.7288667602654657,0.12113323973453427,-0.03231721617250949,Mid,False
Switzerland,2011,0.852,0.897,0.946,58686.0,10.979956476518549,0.02530644815605143,0.04586993316878285,0.0010000000000000009,0.0119999999999999,0.0,-0.0050000000000000044,0.0,0.7950742320107937,0.05692576798920623,-0.06803499643109023,High,True
Switzerland,2012,0.862,0.907,0.949,58750.938,10.981062397836398,0.0011059213178494787,0.06286060325002296,0.0030000000000000027,0.007000000000000006,0.0,0.0050000000000000044,0.0,0.8426582592866557,0.01934174071334427,-0.1300209608245697,High,True
Switzerland,2013,0.861,0.907,0.952,59120.062,10.987325604336013,0.0062632064996144265,0.032675575973515336,0.0030000000000000027,0.007000000000000006,0.0,0.0040000000000000036,0.0,0.8463252728836145,0.01467472711638551,-0.10645851261814876,High,True
Switzerland,2014,0.861,0.907,0.956,59775.54,10.998351826162759,0.011026221826746507,0.018395349644210413,0.0040000000000000036,0.010000000000000009,0.0,0.0040000000000000036,0.0,0.8418217735329427,0.019178226467057247,-0.037747541522148986,High,False
Switzerland,2015,0.858,0.903,0.957,60070.867,11.003280260901361,0.00492843473860205,0.022217863064962984,0.0010000000000000009,0.008000000000000007,0.0,0.0020000000000000018,0.0,0.8622203375842151,-0.004220337584215139,-0.023562078297559408,High,False
Switzerland,2016,0.857,0.902,0.959,60647.64,11.01283600182616,0.009555740924799494,0.02551039749014805,0.0020000000000000018,0.007000000000000006,0.0,0.006000000000000005,0.0,0.8622203375842151,-0.00522033758421514,-0.01989506470060065,High,False
Switzerland,2017,0.86,0.902,0.96,60903.223,11.017041375121927,0.004205373295766535,0.01868954895916808,0.0010000000000000009,0.0040000000000000036,0.0,0.01200000000000001,0.0,0.8622203375842151,-0.0022203375842151374,-0.021398564051272384,High,False
Syria,1996,0.037,0.145,0.59,9517.372,9.160874039256312,-0.03501065099806766,-0.05668878788516629,0.0030000000000000027,0.007000000000000006,1.0,0.0,0.0,0.4354212785983325,-0.39842127859833254,0.032483154481049825,High,False
Syria,1997,0.037,0.145,0.593,8826.773,9.085544768138067,-0.07532927111824428,-0.121728304481449,0.0030000000000000027,0.006000000000000005,1.0,-0.0010000000000000009,0.0,0.44369760553933696,-0.406697605539337,0.03626147730690005,High,False
Syria,1998,0.038,0.144,0.595,8742.974,9.076005685368852,-0.009539082769215668,-0.1198790048855276,0.0020000000000000018,0.008000000000000007,0.0,0.0,0.0,0.47466072909275364,-0.43666072909275366,-0.003117450965654689,High,False
Syria,1999,0.038,0.144,0.595,7960.292,8.982220961582694,-0.09378472378615754,-0.1786530776736175,0.0,0.0050000000000000044,1.0,-0.011000000000000003,0.0,0.326531732520374,-0.288531732520374,0.10988954607795853,High,False
Syria,2000,0.051,0.15,0.594,7668.072,8.944820493792815,-0.0374004677898796,-0.1407242743452528,-0.0010000000000000009,0.0010000000000000009,1.0,0.001999999999999995,0.0,0.3118602948698218,-0.2608602948698218,0.14583731066951516,High,False
Syria,2001,0.051,0.152,0.602,7509.304,8.92389806403203,-0.020922429760783956,-0.1521076213368211,0.008000000000000007,0.007000000000000006,1.0,0.001999999999999995,0.0,0.3272126596748092,-0.27621265967480924,0.16044806941794443,High,False
Syria,2002,0.051,0.15,0.61,7529.7017,8.926610705135412,0.002712641103380875,-0.05561025644728268,0.008000000000000007,0.015000000000000013,0.0,0.001999999999999995,0.0,0.3967271904853111,-0.3457271904853111,-0.05719545796493708,High,True
Syria,2003,0.05,0.15,0.621,6986.524,8.851738429711054,-0.07487227542435804,-0.09308206408176112,0.01100000000000001,0.027000000000000024,1.0,0.0010000000000000009,0.0,0.3323101117959058,-0.2823101117959058,-0.021449816926083998,Mid,False
Syria,2004,0.049,0.149,0.635,7051.4287,8.860985527757343,0.009247098046289537,-0.06291253627468762,0.014000000000000012,0.03300000000000003,0.0,-0.0010000000000000009,0.0,0.30926304030198865,-0.26026304030198866,0.015949619372820578,Mid,False
Syria,2005,0.05,0.148,0.646,7037.7183,8.859039291505038,-0.0019462362523050558,-0.06757141363037356,0.01100000000000001,0.03600000000000003,0.0,0.0010000000000000009,0.0,0.2998869375904923,-0.2498869375904923,0.09584025289481879,Mid,False
Syria,2006,0.05,0.148,0.658,6901.778,8.839534338550683,-0.019504952954354948,-0.012204091160370467,0.01200000000000001,0.03700000000000003,0.0,0.012000000000000004,0.0,0.30066164149171454,-0.25066164149171455,0.03164847030419127,Mid,False
Syria,2007,0.05,0.145,0.665,6779.537,8.821664089517089,-0.01787024903359402,-0.039321438240254025,0.007000000000000006,0.030000000000000027,0.0,0.019000000000000003,0.0,0.33309743002539105,-0.28309743002539106,-0.022834389723402404,Mid,False
Syria,2008,0.05,0.144,0.66,6600.379,8.794882350608232,-0.026781738908857378,-0.06415694089680635,-0.0050000000000000044,0.014000000000000012,1.0,0.026000000000000002,0.0,0.3303195429351349,-0.2803195429351349,-0.030432605344642594,High,False
Syria,2009,0.05,0.144,0.668,6586.5186,8.792780202623991,-0.0021021479842406876,-0.046754135926692086,0.008000000000000007,0.010000000000000009,0.0,0.026000000000000002,0.0,0.3312219616259215,-0.2812219616259215,-0.030560320134206953,High,False
Syria,2010,0.049,0.144,0.669,6520.6123,8.782723561554278,-0.010056641069713379,-0.038940527962811444,0.0010000000000000009,0.0040000000000000036,0.0,0.025,0.0,0.33089490499921864,-0.28189490499921865,0.0012025250261724074,High,False
Syria,2011,0.038,0.144,0.664,5979.0,8.696008608880904,-0.0867149526733737,-0.09887374172732777,-0.0050000000000000044,0.0040000000000000036,1.0,0.013999999999999999,0.0,0.2784420324725378,-0.2404420324725378,0.039877510462597104,High,False
Syria,2012,0.031,0.144,0.626,4443.686,8.399239491197486,-0.29676911768341796,-0.39354071142650504,-0.038000000000000034,-0.04200000000000004,1.0,0.006999999999999999,0.0,0.11987880766473678,-0.08887880766473678,0.19234315396118473,High,False
Syria,2013,0.024,0.136,0.567,3487.681,8.156992324424458,-0.24224716677302816,-0.6257312371298198,-0.05900000000000005,-0.10200000000000009,1.0,0.0,0.0,0.159941848194777,-0.135941848194777,0.14595305680444165,High,False
Syria,2014,0.024,0.137,0.561,3384.4143,8.1269361423103,-0.030056182114158503,-0.5690724665706046,-0.005999999999999894,-0.10299999999999998,1.0,-0.0010000000000000009,0.0,0.2082484208603245,-0.1842484208603245,0.056193611612213284,High,False
Syria,2015,0.025,0.136,0.549,3464.0376,8.15019012412688,0.02325398181658045,-0.2490493670706062,-0.01200000000000001,-0.07699999999999996,0.0,0.0,0.0,0.19701748161118457,-0.17201748161118458,-0.08313867394644779,High,True
Syria,2016,0.025,0.136,0.552,3380.5535,8.125794732466735,-0.024395391660144483,-0.031197591957722537,0.0030000000000000027,-0.014999999999999902,1.0,0.0,0.0,0.2691468717266157,-0.24414687172661573,-0.10820502353183872,High,True
Syria,2017,0.025,0.137,0.551,3422.1772,8.138032235694752,0.012237503228016422,0.011096093384452388,-0.0010000000000000009,-0.010000000000000009,0.0,0.0,0.0,0.30454694285422135,-0.2795469428542213,-0.09529852199389682,High,True
Tajikistan,1999,0.071,0.209,0.546,1621.3206,7.390996281328633,0.019927514775711863,0.038862151272500256,0.0050000000000000044,0.018000000000000016,0.0,-0.009000000000000008,0.0,0.3393658397622491,-0.2683658397622491,-0.22662605027277216,Mid,False
Tajikistan,2000,0.083,0.239,0.554,1723.3563,7.452029005631443,0.06103272430281059,0.10432197806330112,0.008000000000000007,0.018000000000000016,0.0,0.012999999999999998,0.0,0.2436124309602232,-0.1606124309602232,-0.07823131889263044,Mid,False
Tajikistan,2001,0.084,0.244,0.563,1845.4783,7.520493764069848,0.06846475843840505,0.1494249975169275,0.008999999999999897,0.02199999999999991,0.0,0.015,0.0,0.2504581869027482,-0.16645818690274816,0.02991971440828961,Low,False
Tajikistan,2002,0.08,0.241,0.575,1982.8837,7.59230747828755,0.07181371421770155,0.2013111969589172,0.01200000000000001,0.028999999999999915,0.0,0.011999999999999997,0.0,0.25786612775130724,-0.17786612775130722,0.09049971201094187,Low,False
Tajikistan,2003,0.082,0.245,0.587,2135.9082,7.666647221628435,0.074339743340885,0.2146182159969916,0.01200000000000001,0.03299999999999992,0.0,0.013999999999999999,0.0,0.28609782506883835,-0.20409782506883833,-0.04348539410861513,Low,False
Tajikistan,2004,0.08,0.243,0.598,2301.292,7.7412259833313115,0.07457876170287658,0.22073221926146314,0.01100000000000001,0.03500000000000003,0.0,0.011999999999999997,0.0,0.277609407265599,-0.197609407265599,-0.03115122036285084,Low,False
Tajikistan,2005,0.07,0.228,0.611,2416.867,7.790227352296606,0.04900136896529439,0.19791987400905597,0.013000000000000012,0.03600000000000003,0.0,0.007000000000000006,0.0,0.24668255553854337,-0.17668255553854337,0.001183572212763856,Low,False
Tajikistan,2006,0.069,0.226,0.62,2524.8447,7.833934834867458,0.04370748257085211,0.16728761323902308,0.009000000000000008,0.03300000000000003,0.0,0.006000000000000005,0.0,0.26211522174906443,-0.19311522174906443,0.01098260331977391,Low,False
Tajikistan,2007,0.068,0.227,0.625,2647.2095,7.881261345298455,0.047326510430997004,0.1400353619671435,0.0050000000000000044,0.027000000000000024,0.0,0.006000000000000005,0.0,0.3002392107426746,-0.23223921074267462,-0.034629803477075616,Low,False
Tajikistan,2008,0.068,0.229,0.634,2801.7761,7.938008816495065,0.05674747119661028,0.1477814641984594,0.009000000000000008,0.02300000000000002,0.0,0.015000000000000006,0.0,0.27841155289150027,-0.21041155289150026,-0.033728997352956896,Low,False
Tajikistan,2009,0.069,0.23,0.634,2853.8884,7.956437694258924,0.018428877763859042,0.12250285939146632,0.0,0.014000000000000012,0.0,0.017000000000000008,0.0,0.3249089215220154,-0.2559089215220154,-0.06279369977295096,Mid,False
Tajikistan,2010,0.063,0.225,0.639,2975.9268,7.998310798876283,0.04187310461735905,0.11704945357782837,0.0050000000000000044,0.014000000000000012,0.0,0.020999999999999998,0.0,0.32273451042079593,-0.2597345104207959,-0.02749529967812131,Mid,False
Tajikistan,2011,0.064,0.225,0.644,3111.0,8.042699496897637,0.04438869802135326,0.10469068040257135,0.0050000000000000044,0.010000000000000009,0.0,0.025,0.0,0.30870959073387416,-0.24470959073387416,-0.034298037842373896,Mid,False
Tajikistan,2012,0.062,0.222,0.649,3283.9092,8.09678982098179,0.05409032408415371,0.140352126722866,0.0050000000000000044,0.015000000000000013,0.0,0.023,0.0,0.2688237719145993,-0.20682377191459927,0.04908514960741611,Mid,False
Tajikistan,2013,0.053,0.206,0.655,3464.207,8.15023902540269,0.05344920442090029,0.15192822652640725,0.006000000000000005,0.016000000000000014,0.0,0.013999999999999999,0.0,0.25644454295947045,-0.20344454295947045,0.056289967461325474,Mid,False
Tajikistan,2014,0.052,0.201,0.657,3631.8794,8.197505534324076,0.04726650892138551,0.1548060374264395,0.0020000000000000018,0.013000000000000012,0.0,0.012999999999999998,0.0,0.2492181582796185,-0.1972181582796185,0.04749143245425566,Mid,False
Tajikistan,2015,0.042,0.184,0.658,3784.3435,8.238627703007394,0.04112216868331764,0.14183788202560343,0.0010000000000000009,0.009000000000000008,0.0,0.0030000000000000027,0.0,0.24835443368737686,-0.20635443368737685,0.00046933822722242113,Mid,False
Tajikistan,2016,0.039,0.174,0.661,3978.5557,8.288674142970939,0.05004643996354474,0.1384351175682479,0.0030000000000000027,0.006000000000000005,0.0,0.0,0.0,0.2538079984037404,-0.2148079984037404,-0.011363455444269949,Mid,False
Tajikistan,2017,0.04,0.168,0.666,4192.402,8.341029118349624,0.05235497537868561,0.143523584025548,0.0050000000000000044,0.009000000000000008,0.0,0.0040000000000000036,0.0,0.24102920105562453,-0.20102920105562452,-0.003811042776006024,Mid,False
Tanzania,1996,0.403,0.491,0.383,979.7304,6.887277431776293,0.051015200690484264,0.0844235516400147,0.0030000000000000027,0.0010000000000000009,0.0,0.030000000000000027,0.0,0.25164846175754896,0.15135153824245107,0.0957766181284912,High,False
Tanzania,1997,0.403,0.491,0.388,1017.1681,6.924777672458491,0.03750024068219826,0.11711077572966833,0.0050000000000000044,0.008000000000000007,0.0,0.030000000000000027,0.0,0.22714384238552937,0.17585615761447065,0.1112590937715035,Mid,False
Tanzania,1998,0.403,0.491,0.396,1052.0751,6.958519778582365,0.033742106123873405,0.12225754749655593,0.008000000000000007,0.016000000000000014,0.0,0.030000000000000027,0.0,0.23325216662998313,0.1697478333700169,0.04617795992472387,Mid,False
Tanzania,1999,0.403,0.491,0.404,1100.3531,7.0033864072769845,0.04486662869461977,0.11610897550069144,0.008000000000000007,0.02100000000000002,0.0,0.030000000000000027,0.0,0.23325216662998313,0.1697478333700169,0.018396295127565826,Mid,False
Tanzania,2000,0.396,0.477,0.414,1148.6802,7.046368910126333,0.042982502849348236,0.12159123766784141,0.009999999999999953,0.025999999999999968,0.0,0.02400000000000002,0.0,0.2381410023528928,0.15785899764710723,-0.017997159967363424,Low,False
Tanzania,2001,0.373,0.44,0.422,1213.6268,7.101368510849164,0.054999600722831055,0.14284873226679906,0.008000000000000007,0.025999999999999968,0.0,0.0010000000000000009,0.0,0.22042841165017774,0.15257158834982226,-0.01717624502019463,Low,False
Tanzania,2002,0.373,0.44,0.433,1293.2051,7.164878989549038,0.06351047869987436,0.16149258227205365,0.01100000000000001,0.02899999999999997,0.0,0.0010000000000000009,0.0,0.21440082915634875,0.15859917084365124,-0.01114866252636565,Low,False
Tanzania,2003,0.373,0.44,0.444,1369.9391,7.222521565279382,0.057642575730343815,0.17615265515304923,0.01100000000000001,0.030000000000000027,0.0,0.0010000000000000009,0.0,0.17990444874183759,0.1930955512581624,0.03523655361105518,Low,False
Tanzania,2004,0.373,0.44,0.455,1464.3854,7.289190911242816,0.06666934596343399,0.18782240039365217,0.01100000000000001,0.03300000000000003,0.0,0.0010000000000000009,0.0,0.2092803158679819,0.1637196841320181,0.011148095782195833,Low,False
Tanzania,2005,0.372,0.429,0.465,1554.1523,7.348685531273407,0.05949462003059125,0.18380654172436905,0.010000000000000009,0.03200000000000003,0.0,-0.02100000000000002,0.0,0.18212723961290056,0.18987276038709944,0.031273589543448194,Low,False
Tanzania,2006,0.395,0.465,0.477,1621.9966,7.3914131384956026,0.042727607222195374,0.16889157321622061,0.011999999999999955,0.032999999999999974,0.0,0.0020000000000000018,0.0,0.1934776219593513,0.2015223780406487,0.008426826782486296,Low,False
Tanzania,2007,0.393,0.462,0.486,1754.4626,7.469917878181647,0.07850473968604454,0.18072696693883117,0.009000000000000008,0.030999999999999972,0.0,-0.0020000000000000018,0.0,0.17762488843952118,0.21537511156047884,0.05165542742846074,Low,False
Tanzania,2008,0.396,0.464,0.495,1848.1746,7.521953728258107,0.052035850076459944,0.17326819698469986,0.009000000000000008,0.02999999999999997,0.0,0.0010000000000000009,0.0,0.20966231446063632,0.1863376855393637,-0.003535074847735742,Low,False
Tanzania,2009,0.395,0.465,0.504,1946.8481,7.5739669848659155,0.05201325660780842,0.1825538463703129,0.009000000000000008,0.027000000000000024,0.0,0.0010000000000000009,0.0,0.23925059053337794,0.15574940946662208,-0.04577296857402663,Low,False
Tanzania,2010,0.397,0.467,0.513,2068.8638,7.634754846675874,0.060787861809958876,0.16483696849422724,0.009000000000000008,0.027000000000000024,0.0,0.006000000000000005,0.0,0.2605587006041853,0.13644129939581473,-0.07893381216466411,Low,False
Tanzania,2011,0.404,0.477,0.516,2227.0,7.708410667257367,0.073655820581493,0.1864569389992603,0.0030000000000000027,0.02100000000000002,0.0,0.049000000000000044,0.0,0.24559314122601636,0.15840685877398367,-0.02793082676538003,Low,False
Tanzania,2012,0.401,0.475,0.519,2271.4644,7.728180012613514,0.019769345356146495,0.15421302774759837,0.0030000000000000027,0.015000000000000013,0.0,0.050000000000000044,0.0,0.2678166215245126,0.13318337847548745,-0.022566030991134634,Mid,False
Tanzania,2013,0.396,0.47,0.521,2353.3416,7.763591554560884,0.035411541947370395,0.1288367078850099,0.0020000000000000018,0.008000000000000007,0.0,0.065,0.0,0.27373832867871656,0.12226167132128346,-0.01417962807453127,Mid,False
Tanzania,2014,0.394,0.467,0.521,2436.4563,7.798299926559409,0.03470837199852461,0.0898892593020415,0.0,0.0050000000000000044,0.0,0.069,0.0,0.3479194185703889,0.046080581429611134,-0.11232627734437253,High,True
Tanzania,2015,0.391,0.453,0.52,2505.9724,7.826432121827926,0.02813219526851718,0.09825210921441219,-0.0010000000000000009,0.0010000000000000009,0.0,0.066,0.0,0.34820920606305933,0.042790793936940685,-0.09039258453854676,High,True
Tanzania,2016,0.355,0.409,0.52,2592.6619,7.860440387526993,0.03400826569906723,0.09684883296610902,0.0,-0.0010000000000000009,0.0,0.030999999999999972,0.0,0.3472629904896113,0.007737009510388693,-0.11452466181089477,High,True
Tanzania,2017,0.351,0.401,0.528,2683.0535,7.894710790592081,0.03427040306508733,0.09641086403267174,0.008000000000000007,0.007000000000000006,0.0,0.02699999999999997,0.0,0.3521116592143847,-0.0011116592143847193,-0.04719224064399585,Mid,False
Thailand,1996,0.278,0.394,0.634,10458.358,9.25515674632893,0.036827569995832476,0.15415233719524046,0.006000000000000005,0.02200000000000002,0.0,-0.06999999999999995,0.0,0.3503165042502664,-0.07231650425026637,-0.0032241535573697133,Low,False
Thailand,1997,0.348,0.476,0.639,9995.618,9.209902075938507,-0.04525467039042397,0.05090573647913743,0.0050000000000000044,0.019000000000000017,1.0,-0.03600000000000003,0.0,0.3671519673422617,-0.01915196734226171,0.0463558158513005,Mid,False
Thailand,1998,0.384,0.507,0.642,9077.748,9.113581423212738,-0.09632065272576895,-0.10474775312036044,0.0030000000000000027,0.014000000000000012,1.0,-0.0010000000000000009,0.0,0.33694481719352737,0.04705518280647264,0.1021037790059805,High,False
Thailand,1999,0.385,0.507,0.65,9347.061,9.142817241319413,0.029235818106675637,-0.11233950500951728,0.008000000000000007,0.016000000000000014,0.0,0.0030000000000000027,0.0,0.4319621086563346,-0.0469621086563346,0.025354395593931767,High,False
Thailand,2000,0.391,0.501,0.657,9627.1045,9.172337784606349,0.029520543286935208,-0.037564291332158106,0.007000000000000006,0.018000000000000016,0.0,0.03200000000000003,0.0,0.383223255350608,0.007776744649391987,0.026928711991653698,High,False
Thailand,2001,0.412,0.55,0.667,9818.721,9.192046148466789,0.01970836386044006,0.0784647252540509,0.010000000000000009,0.025000000000000022,0.0,0.24599999999999997,1.0,0.41102988737254037,0.0009701126274596072,-0.04608507017901303,Mid,False
Thailand,2002,0.408,0.547,0.678,10276.398,9.237605088503493,0.04555894003670424,0.09478784718407951,0.01100000000000001,0.028000000000000025,0.0,0.24199999999999997,1.0,0.42160017902537583,-0.013600179025375858,0.03336192963095874,Low,False
Thailand,2003,0.391,0.537,0.69,10868.836,9.293654890664733,0.056049802161240336,0.12131710605838464,0.0119999999999999,0.03299999999999992,0.0,0.225,1.0,0.4220284834034614,-0.03102848340346137,-0.03880522805285336,Low,False
Thailand,2004,0.382,0.53,0.699,11408.326,9.342098718683365,0.04844382801863212,0.1500525702165767,0.009000000000000008,0.03199999999999992,0.0,0.216,1.0,0.4058504675490181,-0.023850467549018095,-0.024820580176477702,Low,False
Thailand,2005,0.359,0.507,0.707,11742.128,9.37093833760372,0.02883961892035458,0.13333324910022704,0.008000000000000007,0.028999999999999915,0.0,0.19299999999999998,1.0,0.4097213316206575,-0.050721331620657506,-0.03712115259528165,Low,False
Thailand,2006,0.166,0.227,0.71,12180.711,9.407608913944406,0.03667057634068627,0.11395402327967297,0.0030000000000000027,0.020000000000000018,0.0,-0.013999999999999985,0.0,0.42848397754441503,-0.262483977544415,-0.23145549414095362,Mid,False
Thailand,2007,0.18,0.181,0.721,12694.715,9.4489410441034,0.04133213015899351,0.10684232542003436,0.01100000000000001,0.02200000000000002,0.0,-0.15000000000000002,0.0,0.4319673934053729,-0.2519673934053729,-0.2281169258563548,Mid,False
Thailand,2008,0.336,0.402,0.723,12768.129,9.45470742302201,0.00576637891860976,0.08376908541828954,0.0020000000000000018,0.016000000000000014,0.0,0.006000000000000005,0.0,0.44500516085586506,-0.10900516085586504,-0.05828382923520753,Mid,False
Thailand,2009,0.337,0.418,0.725,12543.398,9.436949750367152,-0.017757672654857615,0.029340836422745653,0.0020000000000000018,0.015000000000000013,0.0,0.22100000000000003,1.0,0.47209269404216664,-0.13509269404216662,0.12739128350224838,High,False
Thailand,2010,0.33,0.411,0.742,13343.547,9.498788176180561,0.06183842581340926,0.049847132077161405,0.017000000000000015,0.02100000000000002,0.0,0.22500000000000003,1.0,0.47902356806211294,-0.14902356806211292,0.10294382534325996,Mid,False
Thailand,2011,0.373,0.462,0.747,13318.0,9.496871782670567,-0.0019163935099939522,0.04216435964855769,0.0050000000000000044,0.02400000000000002,0.0,0.268,1.0,0.46481232064725664,-0.09181232064725664,0.017192840208608395,Mid,False
Thailand,2012,0.4,0.493,0.75,14202.251,9.561155752152967,0.06428396948239978,0.12420600178581509,0.0030000000000000027,0.025000000000000022,0.0,0.29800000000000004,1.0,0.4666972771192128,-0.06669727711921275,0.06839541692295387,Low,False
Thailand,2013,0.352,0.446,0.752,14504.184,9.582192438509761,0.02103668635679412,0.08340426232919995,0.0020000000000000018,0.010000000000000009,0.0,0.25,1.0,0.47161521340849494,-0.11961521340849496,0.029408354653617963,Mid,False
Thailand,2014,0.116,0.162,0.784,14571.971,9.586855168008439,0.004662729498678075,0.08998338533787198,0.03200000000000003,0.03700000000000003,0.0,0.014000000000000012,0.0,0.5176653558916494,-0.4016653558916494,-0.3098530352443928,Low,False
Thailand,2015,0.105,0.16,0.788,14960.908,9.613195944873755,0.02634077686531633,0.052040192720788525,0.0040000000000000036,0.038000000000000034,0.0,0.0030000000000000027,0.0,0.5029663143746228,-0.3979663143746228,-0.33126903725541007,Mid,False
Thailand,2016,0.105,0.16,0.792,15411.534,9.642871469109325,0.02967552423556974,0.06067903059956414,0.0040000000000000036,0.040000000000000036,0.0,0.0030000000000000027,0.0,0.544159237869664,-0.43915923786966404,-0.3195440244611691,Low,False
Thailand,2017,0.102,0.154,0.794,15994.506,9.680000567255224,0.03712909814589871,0.09314539924678478,0.0020000000000000018,0.010000000000000009,0.0,-0.008000000000000007,0.0,0.47644201429236727,-0.3744420142923673,0.027223341599282136,Mid,False
Togo,1996,0.167,0.328,0.433,1215.74,7.103108223874784,0.037838471823968156,0.19219308252030576,0.008000000000000007,0.02899999999999997,0.0,0.013000000000000012,0.0,0.22046869740440922,-0.05346869740440921,-0.07244262920564504,Low,False
Togo,1997,0.167,0.328,0.441,1226.327,7.1117788019764685,0.008670578101684256,0.06793998985271443,0.008000000000000007,0.028000000000000025,0.0,0.013000000000000012,0.0,0.2996693588168475,-0.13266935881684747,-0.04837431903446787,Mid,False
Togo,1998,0.162,0.31,0.442,1174.8528,7.0688981421347465,-0.04288065984172196,0.003628390083930455,0.0010000000000000009,0.017000000000000015,1.0,0.008000000000000007,0.0,0.2821990675007857,-0.12019906750078571,0.026764837046438894,High,False
Togo,1999,0.154,0.297,0.446,1183.013,7.075819852928997,0.006921710794250302,-0.0272883709457874,0.0040000000000000036,0.013000000000000012,0.0,-0.01200000000000001,0.0,0.3097323116574337,-0.1557323116574337,-0.10226361425302449,High,True
Togo,2000,0.167,0.301,0.448,1150.366,7.047835431592613,-0.02798442133638357,-0.06394337038385522,0.0020000000000000018,0.007000000000000006,1.0,0.018000000000000016,0.0,0.23869652736685643,-0.07169652736685642,0.06097283144999105,High,False
Togo,2001,0.167,0.301,0.452,1115.5503,7.017103104743025,-0.03073232684958871,-0.051795037391721976,0.0040000000000000036,0.010000000000000009,1.0,0.018000000000000016,0.0,0.2593238232726698,-0.09232382327266977,0.027875244228115936,High,False
Togo,2002,0.166,0.302,0.455,1081.7445,6.986330294738013,-0.03077281000501131,-0.08948955819098359,0.0030000000000000027,0.009000000000000008,1.0,0.017000000000000015,0.0,0.22813140141559982,-0.06213140141559981,0.0936009102418339,High,False
Togo,2003,0.166,0.304,0.46,1114.4639,7.016128761094498,0.029798466356484532,-0.031706670498115486,0.0050000000000000044,0.01200000000000001,0.0,0.017000000000000015,0.0,0.2904830238564141,-0.1244830238564141,-0.05278649648955769,High,True
Togo,2004,0.166,0.303,0.461,1121.8059,7.0226950764649345,0.006566315370436726,0.00559197172190995,0.0010000000000000009,0.009000000000000008,0.0,0.017000000000000015,0.0,0.28295682975044845,-0.11695682975044844,-0.024633006477778663,High,False
Togo,2005,0.149,0.325,0.46,1119.8043,7.020909216878843,-0.0017858595860911208,0.03457892214083014,-0.0010000000000000009,0.0050000000000000044,0.0,-0.031,0.0,0.2941527640920307,-0.14515276409203073,-0.08302136267643093,High,True
Togo,2006,0.18,0.338,0.465,1144.8815,7.043056417182742,0.022147200303898273,0.02692765608824388,0.0050000000000000044,0.0050000000000000044,0.0,-0.014000000000000012,0.0,0.29133388184513054,-0.11133388184513054,0.01314914201128356,High,False
Togo,2007,0.194,0.355,0.458,1145.9207,7.043963697672769,0.0009072804900274178,0.02126862120783457,-0.007000000000000006,-0.0030000000000000027,0.0,-0.033,0.0,0.28148618494464606,-0.08748618494464605,0.029470644805802387,High,False
Togo,2008,0.227,0.433,0.465,1150.3579,7.047828390330513,0.0038646926577436957,0.026919173451669387,0.007000000000000006,0.0050000000000000044,0.0,-0.0020000000000000018,0.0,0.2904195050571671,-0.06341950505716712,0.08173325903486361,High,False
Togo,2009,0.229,0.434,0.473,1165.8888,7.0612389935803845,0.013410603249871755,0.01818257639764287,0.007999999999999952,0.007999999999999952,0.0,-0.005999999999999978,0.0,0.29002009132336143,-0.06102009132336142,0.050313790521769125,High,False
Togo,2010,0.235,0.414,0.483,1191.1449,7.082670224423536,0.02143123084315146,0.03870652675076691,0.010000000000000009,0.024999999999999967,0.0,0.0,0.0,0.32846794985336275,-0.09346794985336276,-0.0059817649087167135,Mid,False
Togo,2011,0.238,0.416,0.495,1227.0,7.112327444710911,0.029657220287375274,0.06449905438039849,0.01200000000000001,0.02999999999999997,0.0,0.0030000000000000027,0.0,0.2589513456437002,-0.020951345643700214,0.042468159413466905,Mid,False
Togo,2012,0.235,0.412,0.5,1263.0,7.141245122350491,0.028917677639579864,0.0800061287701066,0.0050000000000000044,0.027000000000000024,0.0,-0.0030000000000000027,0.0,0.28043162453915405,-0.04543162453915406,0.015588466784207361,Mid,False
Togo,2013,0.238,0.432,0.507,1292.0,7.163946684342547,0.022701561992056085,0.08127645991901122,0.007000000000000006,0.02400000000000002,0.0,0.025999999999999995,0.0,0.2826681471383219,-0.0446681471383219,0.04879980271504086,Mid,False
Togo,2014,0.251,0.465,0.514,1334.0,7.195937226475569,0.03199054213302155,0.0836097817646575,0.007000000000000006,0.019000000000000017,0.0,0.057999999999999996,0.0,0.2990829800776796,-0.04808298007767958,-0.027131634433979368,Mid,False
Togo,2015,0.258,0.471,0.523,1370.0,7.222566018822171,0.026628792346602204,0.08132089647167984,0.009000000000000008,0.02300000000000002,0.0,0.065,0.0,0.2826681471383219,-0.024668147138321883,0.020763477400832175,Mid,False
Togo,2016,0.26,0.472,0.528,1412.9878,7.253461748535434,0.030895729713263265,0.08951506419288702,0.0050000000000000044,0.02100000000000002,0.0,0.067,0.0,0.2966299061797578,-0.03662990617975781,0.008038240958564091,Mid,False
Togo,2017,0.239,0.442,0.534,1433.7917,7.268077752589072,0.01461600405363761,0.07214052611350308,0.006000000000000005,0.020000000000000018,0.0,0.045999999999999985,0.0,0.28256132788791455,-0.04356132788791456,0.004521652189765024,Mid,False
Trinidad and Tobago,1996,0.646,0.776,0.684,15004.265,9.616089773002619,0.05596199179320038,0.08760138936260553,0.007000000000000006,0.017000000000000015,0.0,0.013000000000000012,0.0,0.48683727399641913,0.1591627260035809,-0.15317345704406687,Mid,False
Trinidad and Tobago,1997,0.646,0.776,0.692,15931.672,9.676064356592748,0.05997458359012953,0.17672557891166818,0.007999999999999896,0.019999999999999907,0.0,0.013000000000000012,0.0,0.2989035740532767,0.3470964259467233,0.019908240189512594,Low,False
Trinidad and Tobago,1998,0.646,0.776,0.7,17013.754,9.741777354750216,0.06571299815746734,0.18164957354079725,0.008000000000000007,0.02299999999999991,0.0,0.013000000000000012,0.0,0.22084927285467887,0.42515072714532115,0.20493800835797882,Low,False
Trinidad and Tobago,1999,0.646,0.776,0.708,18159.916,9.806972026593925,0.06519467184370953,0.1908822535913064,0.008000000000000007,0.02399999999999991,0.0,0.013000000000000012,0.0,0.21949310322134435,0.42650689677865566,0.2673441707750748,Low,False
Trinidad and Tobago,2000,0.66,0.782,0.714,19179.918,9.861619073141533,0.05464704654760766,0.18555471654878453,0.006000000000000005,0.02200000000000002,0.0,0.027000000000000024,0.0,0.18247262393172806,0.477527376068272,0.1304309501215487,Low,False
Trinidad and Tobago,2001,0.633,0.754,0.721,19736.68,9.890234112419044,0.0286150392775113,0.1484567576688285,0.007000000000000006,0.02100000000000002,0.0,-0.010000000000000009,0.0,0.20866172769365027,0.42433827230634974,-0.0008124548389714104,Low,False
Trinidad and Tobago,2002,0.643,0.766,0.73,21052.45,9.954772221886483,0.06453810946743843,0.1478001952925574,0.009000000000000008,0.02200000000000002,0.0,-0.019000000000000017,0.0,0.22322013796921353,0.4197798620307865,-0.006727034747869176,Low,False
Trinidad and Tobago,2003,0.662,0.776,0.74,23814.066,10.078031693486242,0.12325947159975925,0.21641262034470898,0.010000000000000009,0.026000000000000023,0.0,0.0,0.0,0.13401165145474223,0.5279883485452578,0.05046097247698578,Low,False
Trinidad and Tobago,2004,0.662,0.776,0.75,25403.27,10.142633184877806,0.06460149139156357,0.25239907245876125,0.010000000000000009,0.029000000000000026,0.0,0.0,0.0,0.18590510618636488,0.4760948938136351,0.05175662150728538,Low,False
Trinidad and Tobago,2005,0.662,0.775,0.756,26651.834,10.190613245237397,0.0479800603595919,0.23584102335091472,0.006000000000000005,0.026000000000000023,0.0,-0.0030000000000000027,0.0,0.20049972976125702,0.461500270238743,0.04172040820795653,Low,False
Trinidad and Tobago,2006,0.665,0.779,0.766,29792.424,10.302009411984113,0.11139616674671515,0.22397771849787063,0.010000000000000009,0.026000000000000023,0.0,-0.0010000000000000009,0.0,0.29847459253893244,0.3665254074610676,-0.16146294108419018,Low,False
Trinidad and Tobago,2007,0.666,0.781,0.774,30806.174,10.335470403418793,0.033460991434679954,0.192837218540987,0.008000000000000007,0.02400000000000002,0.0,-0.018000000000000016,0.0,0.2661579822874953,0.3998420177125047,-0.0762528761011304,Low,False
Trinidad and Tobago,2008,0.684,0.801,0.782,31434.305,10.355655091458706,0.020184688039913468,0.16504184622130857,0.008000000000000007,0.026000000000000023,0.0,0.019000000000000017,0.0,0.3033886167393416,0.38061138326065846,-0.08088888697808455,Low,False
Trinidad and Tobago,2009,0.684,0.801,0.782,29657.463,10.297469075957983,-0.05818601550072344,-0.004540336026130021,0.0,0.016000000000000014,1.0,0.02200000000000002,0.0,0.3152825119313532,0.36871748806864685,0.00219208060757925,High,False
Trinidad and Tobago,2010,0.686,0.802,0.789,30235.994,10.3167883479731,0.019319272015117406,-0.01868205544569257,0.007000000000000006,0.015000000000000013,0.0,0.02400000000000002,0.0,0.35922932057581236,0.3267706794241877,-0.07307133828831702,High,True
Trinidad and Tobago,2011,0.687,0.803,0.792,29745.0,10.300416329622006,-0.016372018351093587,-0.055238761836699624,0.0030000000000000027,0.010000000000000009,0.0,0.025000000000000022,0.0,0.2783750420317787,0.40862495796822135,0.028013574707562883,High,False
Trinidad and Tobago,2012,0.687,0.803,0.796,30944.223,10.339941604793754,0.039525275171747865,0.042472528835771683,0.0040000000000000036,0.014000000000000012,0.0,0.025000000000000022,0.0,0.3515366513147353,0.33546334868526473,-0.03325413938338212,Mid,False
Trinidad and Tobago,2013,0.665,0.777,0.802,31976.953,10.372770703549744,0.032829098755989605,0.05598235557664388,0.006000000000000005,0.013000000000000012,0.0,0.0030000000000000027,0.0,0.430949014582805,0.23405098541719505,-0.09271969400699265,Mid,False
Trinidad and Tobago,2014,0.662,0.777,0.805,32878.203,10.4005651943919,0.02779449084215635,0.10014886476989382,0.0030000000000000027,0.013000000000000012,0.0,-0.008000000000000007,0.0,0.37752870001627986,0.28447129998372017,-0.12415365798450118,Mid,False
Trinidad and Tobago,2015,0.676,0.791,0.808,32480.59,10.388397959135263,-0.012167235256637099,0.048456354341508856,0.0030000000000000027,0.01200000000000001,0.0,0.006000000000000005,0.0,0.39013024348256603,0.285869756517434,-0.04959359216783071,High,False
Trinidad and Tobago,2016,0.676,0.79,0.806,30158.125,10.314209651754341,-0.07418830738092197,-0.05856105179540272,-0.0020000000000000018,0.0040000000000000036,1.0,0.006000000000000005,0.0,0.36905336678712225,0.3069466332128778,0.07289564779568275,High,False
Trinidad and Tobago,2017,0.676,0.791,0.806,28618.176,10.261797319423309,-0.052412332331032374,-0.13876787496859144,0.0,0.0010000000000000009,1.0,0.015000000000000013,0.0,0.4083535190310054,0.2676464809689946,-0.016824819014725545,High,False
Tunisia,1996,0.091,0.188,0.616,6388.394,8.76223818557941,0.05463166424815391,0.08922683677824139,0.010000000000000009,0.029000000000000026,0.0,0.0,0.0,0.3574811507560041,-0.2664811507560041,-0.01635005543128043,Low,False
Tunisia,1997,0.091,0.188,0.623,6680.1035,8.806888760422636,0.04465057484322621,0.11258009035087291,0.007000000000000006,0.025000000000000022,0.0,0.0,0.0,0.3410471291386446,-0.2500471291386446,-0.009544315405053988,Low,False
Tunisia,1998,0.091,0.188,0.636,6944.661,8.845728441902063,0.03883968147942696,0.13812192057080708,0.013000000000000012,0.030000000000000027,0.0,0.0,0.0,0.30409991818283894,-0.21309991818283894,0.03167495403158843,Low,False
Tunisia,1999,0.091,0.188,0.646,7297.4746,8.895283622078155,0.049555180176092506,0.13304543649874567,0.010000000000000009,0.030000000000000027,0.0,0.0,0.0,0.30409991818283894,-0.21309991818283894,0.053381232573165155,Low,False
Tunisia,2000,0.092,0.189,0.654,7548.438,8.929095933421697,0.033812311343542234,0.1222071729990617,0.008000000000000007,0.031000000000000028,0.0,0.0010000000000000009,0.0,0.31941432563827465,-0.22741432563827466,0.02263280350036992,Low,False
Tunisia,2001,0.092,0.189,0.661,7848.094,8.968025978747372,0.038930045325674456,0.1222975368453092,0.007000000000000006,0.025000000000000022,0.0,0.0010000000000000009,0.0,0.34279037706786036,-0.25079037706786034,-0.0376904588850214,Low,False
Tunisia,2002,0.091,0.19,0.667,7916.6797,8.976727167109113,0.00870118836174072,0.08144354503095741,0.006000000000000005,0.02100000000000002,0.0,0.0,0.0,0.36011123036211123,-0.26911123036211126,-0.05601131217927233,Mid,False
Tunisia,2003,0.091,0.19,0.673,8281.715,9.021805351535624,0.04507818442651157,0.09270941811392674,0.006000000000000005,0.019000000000000017,0.0,0.0,0.0,0.3872059090235172,-0.2962059090235172,-0.06879158338524252,Mid,False
Tunisia,2004,0.091,0.189,0.683,8705.084,9.071662501782383,0.04985715024675841,0.1036365230350107,0.010000000000000009,0.02200000000000002,0.0,-0.0010000000000000009,0.0,0.41513501267538794,-0.3241350126753879,-0.07334463560752758,Mid,False
Tunisia,2005,0.092,0.191,0.69,8983.384,9.10313192772734,0.03146942594495705,0.12640476061822703,0.006999999999999895,0.02299999999999991,0.0,-0.0030000000000000027,0.0,0.4222392657813327,-0.33023926578133267,-0.061128035419221405,Low,False
Tunisia,2006,0.095,0.191,0.697,9420.023,9.150592809181017,0.04746088145367722,0.12878745764539268,0.007000000000000006,0.02399999999999991,0.0,0.0,0.0,0.4254203951535828,-0.3304203951535828,-0.03421448613006561,Low,False
Tunisia,2007,0.095,0.191,0.703,9932.938,9.20361158437568,0.0530187751946638,0.13194908259329807,0.006000000000000005,0.019999999999999907,0.0,0.0,0.0,0.4118259012426157,-0.31682590124261567,0.007309111432772242,Low,False
Tunisia,2008,0.095,0.191,0.709,10294.922,9.239406042939745,0.03579445856406416,0.13627411521240518,0.006000000000000005,0.019000000000000017,0.0,0.0,0.0,0.41880188708603017,-0.3238018870860302,0.006437378695302476,Low,False
Tunisia,2009,0.095,0.191,0.713,10533.218,9.26228916147986,0.022883118540114822,0.11169635229884278,0.0040000000000000036,0.016000000000000014,0.0,-0.007999999999999993,0.0,0.42844238624950937,-0.3334423862495094,-0.0030219910959266016,Mid,False
Tunisia,2010,0.103,0.193,0.717,10721.812,9.280035450191603,0.01774628871174322,0.0764238658159222,0.0040000000000000036,0.014000000000000012,0.0,-0.14400000000000002,0.0,0.45114114728060667,-0.3481411472806067,-0.03131524603799102,Mid,False
Tunisia,2011,0.247,0.328,0.718,10437.0,9.253112463820052,-0.02692298637155055,0.01370642088030749,0.0010000000000000009,0.009000000000000008,1.0,-0.379,0.0,0.4454418115252303,-0.19844181152523033,0.12536007556079987,High,False
Tunisia,2012,0.642,0.765,0.72,10750.85,9.282740100197401,0.029627636377348665,0.020450938717541334,0.0020000000000000018,0.007000000000000006,0.0,0.016000000000000014,0.0,0.4742954535173201,0.1677045464826799,0.5011469327321894,High,False
Tunisia,2013,0.635,0.761,0.722,10881.511,9.294820389443654,0.012080289246252818,0.014784939252050933,0.0020000000000000018,0.0050000000000000044,0.0,0.009000000000000008,0.0,0.4735299677685712,0.1614700322314288,0.5096111795120355,High,False
Tunisia,2014,0.632,0.745,0.725,11084.781,9.313328365427646,0.018507975983991898,0.06021590160759338,0.0030000000000000027,0.007000000000000006,0.0,0.006000000000000005,0.0,0.45494389569554233,0.17705610430445767,0.375497915829688,High,False
Tunisia,2015,0.629,0.727,0.728,11063.081,9.311368807711082,-0.0019595577165638645,0.02862870751368085,0.0030000000000000027,0.008000000000000007,0.0,0.006000000000000005,0.0,0.432457870158239,0.196542129841761,0.028837583359081098,High,False
Tunisia,2016,0.626,0.731,0.733,11064.023,9.311453952156606,8.51444455243211e-05,0.016633562712952354,0.0050000000000000044,0.01100000000000001,0.0,0.16199999999999998,1.0,0.463866292227525,0.162133707772475,0.0006636755410461825,High,False
Tunisia,2017,0.632,0.725,0.737,11194.365,9.323165805673334,0.011711853516727544,0.009837440245688,0.0040000000000000036,0.01200000000000001,0.0,0.436,1.0,0.47652663854468996,0.15547336145531004,-0.02158274284914763,High,False
Turkey,1996,0.382,0.547,0.63,10644.634,9.272811194397367,0.06622425775460883,0.07603226449533373,0.007000000000000006,0.015000000000000013,0.0,-0.007000000000000006,0.0,0.4009529413791893,-0.018952941379189292,-0.056821674868193894,Mid,False
Turkey,1997,0.391,0.545,0.638,11432.437,9.344209944911297,0.07139875051393041,0.20550575632339374,0.008000000000000007,0.02200000000000002,0.0,0.0020000000000000018,0.0,0.3517347505460739,0.03926524945392612,0.016633633890475896,Low,False
Turkey,1998,0.389,0.544,0.649,11772.83,9.373549613154015,0.029339668242718275,0.1669626765112575,0.01100000000000001,0.026000000000000023,0.0,-0.023999999999999966,0.0,0.41927433430202243,-0.03027433430202242,-0.002321392922833121,Low,False
Turkey,1999,0.413,0.57,0.652,11151.674,9.319344900148351,-0.05420471300566376,0.04653370575098492,0.0030000000000000027,0.02200000000000002,1.0,-0.01200000000000001,0.0,0.4200107336402847,-0.007010733640284705,0.011942207738904587,Mid,False
Turkey,2000,0.425,0.586,0.669,11904.008,9.384630429115658,0.06528552896730666,0.04042048420436117,0.017000000000000015,0.031000000000000028,0.0,-0.006000000000000005,0.0,0.38433235858410286,0.04066764141589713,0.0014023919619710057,Mid,False
Turkey,2001,0.431,0.591,0.675,10950.992,9.3011853247486,-0.08344510436705832,-0.07236428840541542,0.006000000000000005,0.026000000000000023,1.0,-0.05199999999999999,0.0,0.3727832174087731,0.05821678259122687,0.08849111689324929,Mid,False
Turkey,2002,0.487,0.636,0.685,11753.953,9.37194488852584,0.07075956377724069,0.052599988377489026,0.010000000000000009,0.03300000000000003,0.0,0.025999999999999968,0.0,0.41458744196955727,0.07241255803044272,0.07942329167072743,Mid,False
Turkey,2003,0.498,0.651,0.691,12380.207,9.423854266615765,0.05190937808992402,0.039223837500106384,0.005999999999999894,0.02199999999999991,0.0,0.08700000000000002,0.0,0.5175485246993602,-0.019548524699360192,-0.06021616611525732,Mid,False
Turkey,2004,0.502,0.657,0.696,13423.795,9.504784157434244,0.08092989081847968,0.20359883268564438,0.0050000000000000044,0.020999999999999908,0.0,0.09899999999999998,0.0,0.3534984694508524,0.1485015305491476,0.09028474795792074,Low,False
Turkey,2005,0.484,0.643,0.701,14487.758,9.581059295945003,0.07627513851075918,0.20911440741916287,0.0050000000000000044,0.015999999999999903,0.0,0.124,1.0,0.3534984694508524,0.1305015305491476,0.05808897251870487,Low,False
Turkey,2006,0.483,0.643,0.711,15425.188,9.643757036705798,0.06269774076079493,0.21990277009003378,0.010000000000000009,0.020000000000000018,0.0,0.129,1.0,0.37569930251009,0.10730069748991,0.1268492221892702,Low,False
Turkey,2007,0.461,0.616,0.719,16090.835,9.686005134227221,0.04224809752142278,0.18122097679297688,0.008000000000000007,0.02300000000000002,0.0,0.11500000000000005,1.0,0.27169437016980147,0.18930562983019855,0.04080409928105094,Low,False
Turkey,2008,0.411,0.554,0.721,16182.732,9.691700026791485,0.005694892564264364,0.11064073084648207,0.0020000000000000018,0.020000000000000018,0.0,0.122,1.0,0.19172599509306926,0.21927400490693072,0.08877247435778313,Mid,False
Turkey,2009,0.403,0.545,0.728,15188.421,9.628288640219562,-0.06341138657192325,-0.015468396486236102,0.007000000000000006,0.017000000000000015,1.0,0.15100000000000002,1.0,0.46569182550203964,-0.06269182550203961,-0.1699925229919496,High,True
Turkey,2010,0.36,0.525,0.75,16528.12,9.712818451739645,0.08452981152008299,0.026813317512424106,0.02200000000000002,0.031000000000000028,0.0,0.12999999999999998,1.0,0.42829331995095843,-0.06829331995095844,-0.257598949781157,Mid,False
Turkey,2011,0.354,0.522,0.764,17919.0,9.793616881400416,0.08079842966077067,0.10191685460893041,0.014000000000000012,0.04300000000000004,0.0,0.211,1.0,0.47960114974322654,-0.12560114974322656,-0.3448751546501573,Low,False
Turkey,2012,0.346,0.508,0.772,18539.223,9.82764392885651,0.034027047456094195,0.19935528863694785,0.008000000000000007,0.04400000000000004,0.0,0.24499999999999997,1.0,0.42626772493011955,-0.08026772493011958,-0.017575899428079966,Low,False
Turkey,2013,0.289,0.469,0.802,19855.717,9.896247254723963,0.06860332586745344,0.1834288029843183,0.030000000000000027,0.052000000000000046,0.0,0.18799999999999997,1.0,0.6054192847644015,-0.31641928476440156,-0.24812596481344312,Low,False
Turkey,2014,0.252,0.426,0.813,20557.4,9.9309762524285,0.03472899770453708,0.1373593710280847,0.010999999999999899,0.04899999999999993,0.0,0.151,1.0,0.6413312963820941,-0.38933129638209407,-0.2637301466388675,Low,False
Turkey,2015,0.23,0.388,0.821,21519.33,9.976706879962057,0.0457306275335565,0.14906295110554701,0.008000000000000007,0.04899999999999993,0.0,0.129,1.0,0.6472362197160916,-0.4172362197160916,-0.336968494785972,Low,False
Turkey,2016,0.143,0.308,0.826,21937.162,9.99593737268212,0.019230492720062387,0.09969011795815597,0.0050000000000000044,0.02399999999999991,0.0,0.04199999999999998,0.0,0.5954538738641751,-0.4524538738641751,-0.13603458909977356,Mid,False
Turkey,2017,0.101,0.29,0.833,23278.996,10.055306773767606,0.05936940108548683,0.12433052133910572,0.007000000000000006,0.020000000000000018,0.0,-0.002999999999999989,0.0,0.609231270834639,-0.508231270834639,-0.11889997445254497,Mid,False
Turkmenistan,2011,0.023,0.144,0.709,16518.0,9.712205974370661,0.13742049451951743,0.2846017828747218,0.009000000000000008,0.025999999999999912,0.0,0.0,0.0,0.3053148768431774,-0.28231487684317735,0.017482463453440955,Low,False
Turkmenistan,2012,0.023,0.145,0.714,17333.729,9.760409535558,0.04820356118733926,0.2733129616673473,0.0050000000000000044,0.02400000000000002,0.0,-0.0010000000000000009,0.0,0.21523927363148157,-0.19223927363148158,0.05436767466664513,Low,False
Turkmenistan,2013,0.024,0.144,0.716,17080.463,9.74569057470349,-0.014718960854510854,0.17090509485234584,0.0020000000000000018,0.016000000000000014,0.0,0.0,0.0,0.27011688227446273,-0.24611688227446274,0.06193430038356909,Mid,False
Turkmenistan,2014,0.024,0.143,0.719,17536.766,9.772054870363073,0.026364295659583092,0.0598488959924115,0.0030000000000000027,0.010000000000000009,0.0,0.0,0.0,0.39887823142012235,-0.37487823142012233,-0.09256335457694498,High,True
Turkmenistan,2015,0.024,0.143,0.725,17857.26,9.790165427207608,0.018110556844534997,0.029755891649607236,0.006000000000000005,0.01100000000000001,0.0,-0.0010000000000000009,0.0,0.4026803821610462,-0.37868038216104616,-0.18644110852956458,High,True
Turkmenistan,2016,0.025,0.143,0.729,17484.646,9.769078403367446,-0.02108702384016148,0.02338782866395661,0.0040000000000000036,0.013000000000000012,1.0,-0.0019999999999999983,0.0,0.3756154021631622,-0.35061540216316217,-0.10449851988869943,High,True
Turkmenistan,2017,0.027,0.147,0.732,18104.434,9.803912159628775,0.03483375626132812,0.03185728926570164,0.0030000000000000027,0.013000000000000012,0.0,-0.0010000000000000009,0.0,0.4103296028742986,-0.38332960287429857,-0.008451371454176237,High,False
Uganda,1996,0.241,0.304,0.367,1091.5275,6.995333370358829,0.03430845124760484,0.12924606863945964,0.01100000000000001,0.020000000000000018,0.0,0.01899999999999999,0.0,0.2864500730246535,-0.04545007302465348,0.022613346883975205,Low,False
Uganda,1997,0.239,0.305,0.376,1107.501,7.00986140485342,0.014528034494590614,0.1075877224074091,0.009000000000000008,0.026000000000000023,0.0,0.024999999999999994,0.0,0.3124076203384402,-0.07340762033844023,0.023603853033902694,Low,False
Uganda,1998,0.239,0.305,0.386,1137.6382,7.03670963795074,0.026848233097320318,0.07568471883951577,0.010000000000000009,0.030000000000000027,0.0,0.026999999999999996,0.0,0.2857444862158766,-0.046744486215876624,0.035778873206060574,Low,False
Uganda,1999,0.239,0.305,0.398,1185.4313,7.077861953594311,0.04115231564357025,0.08252858323548118,0.01200000000000001,0.031000000000000028,0.0,0.026999999999999996,0.0,0.2821817638208368,-0.04318176382083683,0.002268309203816654,Low,False
Uganda,2000,0.236,0.304,0.407,1191.9539,7.083349172380773,0.0054872187864623,0.07348776752735287,0.008999999999999952,0.030999999999999972,0.0,0.023999999999999994,0.0,0.28771674291631805,-0.05171674291631806,0.021690877422122168,Low,False
Uganda,2001,0.222,0.27,0.418,1255.8844,7.135595304575807,0.05224613219503382,0.09888566662506637,0.01100000000000001,0.03199999999999997,0.0,0.010000000000000009,0.0,0.27243389214000435,-0.05043389214000435,-0.0036894059241277255,Low,False
Uganda,2002,0.214,0.262,0.432,1301.0588,7.170933673494272,0.03533836891846498,0.0930717198999611,0.014000000000000012,0.033999999999999975,0.0,0.0020000000000000018,0.0,0.2515233854886962,-0.03752338548869619,0.00565837833214064,Low,False
Uganda,2003,0.212,0.257,0.446,1335.0305,7.196709417015321,0.0257757435210495,0.1133602446345483,0.014000000000000012,0.039000000000000035,0.0,-0.0040000000000000036,0.0,0.2761901353826413,-0.06419013538264132,-0.012473392466323258,Low,False
Uganda,2004,0.216,0.265,0.461,1364.6852,7.21867905831093,0.021969641295608966,0.08308375373512344,0.015000000000000013,0.04300000000000004,0.0,-0.015000000000000013,0.0,0.22765891018015488,-0.011658910180154886,0.038774981959849464,Low,False
Uganda,2005,0.231,0.294,0.47,1451.0973,7.280075307837884,0.061396249526953994,0.10914163434361246,0.008999999999999952,0.03799999999999998,0.0,-0.0069999999999999785,0.0,0.2447315278392802,-0.013731527839280194,0.023791857649415993,Low,False
Uganda,2006,0.243,0.318,0.481,1501.3855,7.314143627439409,0.03406831960152523,0.11743421042408819,0.01100000000000001,0.034999999999999976,0.0,0.009999999999999981,0.0,0.22974055221747622,0.013259447782523776,0.07744958316516509,Low,False
Uganda,2007,0.246,0.323,0.492,1569.8298,7.358722484822509,0.04457885738309919,0.14004342651157842,0.01100000000000001,0.030999999999999972,0.0,0.013999999999999985,0.0,0.22624834737216956,0.019751652627830435,0.03141056280798532,Low,False
Uganda,2008,0.243,0.32,0.502,1679.3995,7.4261915680240405,0.06746908320153189,0.1461162601861563,0.010000000000000009,0.03200000000000003,0.0,0.012999999999999984,0.0,0.23509674283913629,0.007903257160863708,0.021634785000143902,Low,False
Uganda,2009,0.241,0.318,0.509,1757.3862,7.471582870521523,0.04539130249748258,0.15743924308211366,0.007000000000000006,0.028000000000000025,0.0,0.014999999999999986,0.0,0.2529300036966838,-0.011930003696683789,-0.025189451479207564,Low,False
Uganda,2010,0.238,0.317,0.514,1831.2906,7.5127762431680765,0.04119337264655343,0.1540537583455679,0.0050000000000000044,0.02200000000000002,0.0,0.015999999999999986,0.0,0.25632677812133364,-0.018326778121333653,-0.03807843074916409,Low,False
Uganda,2011,0.233,0.317,0.522,1890.0,7.5443321080536885,0.03155586488561202,0.11814054002964802,0.008000000000000007,0.020000000000000018,0.0,0.028000000000000025,0.0,0.3293364856820887,-0.09633648568208866,-0.10423974284295237,Mid,False
Uganda,2012,0.232,0.316,0.526,1878.8959,7.538439596069256,-0.005892511984432858,0.06685672554773259,0.0040000000000000036,0.017000000000000015,0.0,0.031,0.0,0.3106902533856053,-0.07869025338560529,-0.0667602496889215,Mid,False
Uganda,2013,0.23,0.312,0.532,1895.4644,7.5472191534558295,0.008779557386573877,0.03444291028775304,0.006000000000000005,0.018000000000000016,0.0,0.036000000000000004,0.0,0.32404859491374605,-0.09404859491374604,-0.07572181679241238,Mid,False
Uganda,2014,0.226,0.305,0.539,1941.1904,7.571056672124231,0.02383751866840189,0.02672456407054291,0.007000000000000006,0.017000000000000015,0.0,0.033,0.0,0.3193468413112431,-0.09334684131124307,0.00298964437084559,Mid,False
Uganda,2015,0.222,0.3,0.547,2026.8052,7.614216039219146,0.043159367094914636,0.0757764431498904,0.008000000000000007,0.02100000000000002,0.0,0.03,0.0,0.31177479564839317,-0.08977479564839316,-0.011084542262787878,Mid,False
Uganda,2016,0.205,0.289,0.553,1953.0966,7.577171392019048,-0.03704464720009781,0.029952238563218714,0.006000000000000005,0.02100000000000002,1.0,0.024999999999999994,0.0,0.27779263992509895,-0.07279263992509896,0.021255954988647074,Mid,False
Uganda,2017,0.201,0.291,0.557,1998.5995,7.600201964252535,0.0230305722334867,0.029145292128303524,0.0040000000000000036,0.018000000000000016,0.0,0.02100000000000002,0.0,0.31834701364698903,-0.11734701364698902,-0.024000172335745945,Mid,False
Ukraine,1996,0.319,0.543,0.701,4636.6265,8.441742333379361,-0.08027552061222032,-0.4247345760383965,-0.0010000000000000009,-0.020000000000000018,1.0,0.09,0.0,0.17147089010678612,0.14752910989321388,0.04378226774218483,High,False
Ukraine,1997,0.299,0.523,0.706,4612.4043,8.43650454016606,-0.0052377932133005345,-0.1914091166784182,0.0050000000000000044,0.0,0.0,0.06999999999999998,0.0,0.30061383751141774,-0.0016138375114177483,-0.13789444335961815,High,True
Ukraine,1998,0.257,0.448,0.71,4640.199,8.442512532231675,0.006007992065613976,-0.07950532175990688,0.0040000000000000036,0.008000000000000007,0.0,0.027999999999999997,0.0,0.3446440558181752,-0.08764405581817519,-0.23277398234272142,High,True
Ukraine,1999,0.245,0.422,0.714,4751.3164,8.466176995475472,0.02366446324379723,0.02443466209611067,0.0040000000000000036,0.013000000000000012,0.0,0.015999999999999986,0.0,0.3788158015505046,-0.1338158015505046,-0.2813449114437185,High,True
Ukraine,2000,0.229,0.389,0.716,5165.808,8.549816806879162,0.0836398114036907,0.1133122667131019,0.0020000000000000018,0.010000000000000009,0.0,-0.0040000000000000036,0.0,0.3035194845341514,-0.07451948453415139,-0.07290564702273364,Mid,False
Ukraine,2001,0.233,0.384,0.728,5793.6597,8.664519443432189,0.1147026365530266,0.22200691120051452,0.01200000000000001,0.018000000000000016,0.0,-0.011999999999999983,0.0,0.31180801880510284,-0.07880801880510283,0.008836037013072368,Low,False
Ukraine,2002,0.245,0.394,0.736,6262.9824,8.742411772366587,0.07789232893439824,0.27623477689111553,0.008000000000000007,0.02200000000000002,0.0,-0.017000000000000015,0.0,0.2718042459332826,-0.026804245933282622,0.10701155561722198,Low,False
Ukraine,2003,0.262,0.392,0.745,7029.5703,8.857880859181243,0.11546908681465595,0.3080640523020808,0.009000000000000008,0.029000000000000026,0.0,-0.009000000000000008,0.0,0.28121851803257275,-0.01921851803257274,0.05530096650157865,Low,False
Ukraine,2004,0.271,0.383,0.751,8049.3955,8.993352274425273,0.13547141524403017,0.32883283099308436,0.006000000000000005,0.02300000000000002,0.0,-0.013999999999999957,0.0,0.2881416778874705,-0.017141677887470508,0.06166634091763232,Low,False
Ukraine,2005,0.285,0.448,0.757,8496.677,9.047430424864514,0.05407815043924025,0.30501865249792637,0.006000000000000005,0.02100000000000002,0.0,0.020999999999999963,0.0,0.28455998768572566,0.0004400123142743184,0.02724425824755694,Low,False
Ukraine,2006,0.376,0.574,0.762,9355.988,9.143771845103846,0.09634142023933201,0.2858909859226024,0.0050000000000000044,0.017000000000000015,0.0,0.11199999999999999,1.0,0.3198485409835646,0.05615145901643542,0.07536997704900816,Low,False
Ukraine,2007,0.4,0.607,0.77,10355.818,9.245303766363966,0.10153192126012023,0.2519514919386925,0.008000000000000007,0.019000000000000017,0.0,0.14,1.0,0.40237820913307826,-0.002378209133078235,0.014763468754392273,Low,False
Ukraine,2008,0.394,0.608,0.776,10824.076,9.289528191259825,0.04422442489585876,0.242097766395311,0.006000000000000005,0.019000000000000017,0.0,0.14300000000000002,1.0,0.4085697758125468,-0.014569775812546759,-0.015009788126821078,Low,False
Ukraine,2009,0.394,0.604,0.773,9381.225,9.146465630488148,-0.14306256077167667,0.0026937853843023163,-0.0030000000000000027,0.01100000000000001,1.0,0.17900000000000002,1.0,0.49337651978654745,-0.09937651978654743,-0.15552797880298286,High,True
Ukraine,2010,0.264,0.484,0.782,9601.209,9.169644307026466,0.0231786765383184,-0.07565945933749951,0.009000000000000008,0.01200000000000001,0.0,0.049000000000000016,0.0,0.525929998983221,-0.261929998983221,-0.25955178985014277,High,True
Ukraine,2011,0.264,0.483,0.786,10333.0,9.243097936214355,0.07345362918788823,-0.04643025504547005,0.0040000000000000036,0.010000000000000009,0.0,0.049000000000000016,0.0,0.5175524724887666,-0.25355247248876656,-0.2389826966762198,High,True
Ukraine,2012,0.26,0.479,0.789,10381.639,9.247794044062339,0.00469610784798391,0.10132841357419053,0.0030000000000000027,0.016000000000000014,0.0,0.04500000000000001,0.0,0.5208803217942176,-0.2608803217942176,-0.16150380200767017,Mid,False
Ukraine,2013,0.251,0.459,0.789,10405.39,9.25007922010512,0.00228517604278089,0.08043491307865303,0.0,0.007000000000000006,0.0,0.036000000000000004,0.0,0.5207467525665388,-0.2697467525665388,-0.007816753583317793,High,False
Ukraine,2014,0.215,0.417,0.788,9817.459,9.191917610227504,-0.058161609877615206,-0.051180325986850406,-0.0010000000000000009,0.0020000000000000018,1.0,-0.013000000000000012,0.0,0.44244994820708006,-0.22744994820708006,0.026102524281686496,High,False
Ukraine,2015,0.228,0.42,0.778,8959.174,9.100433314219448,-0.09148429600805663,-0.14736072984289095,-0.010000000000000009,-0.01100000000000001,1.0,-0.011999999999999983,0.0,0.3105724696481581,-0.08257246964815809,0.17830785214605951,High,False
Ukraine,2016,0.24,0.433,0.78,9221.608,9.129304704814839,0.028871390595391233,-0.1207745152902806,0.0020000000000000018,-0.009000000000000008,0.0,0.0,0.0,0.4065159258786662,-0.1665159258786662,0.10323082668787259,High,False
Ukraine,2017,0.24,0.43,0.785,9477.51,9.156676902520505,0.02737219770566668,-0.03524070770699872,0.0050000000000000044,-0.0030000000000000027,0.0,0.0050000000000000044,0.0,0.4001932800804748,-0.1601932800804748,0.06725666812660527,High,False
United Arab Emirates,1998,0.07,0.028,0.77,39667.793,10.588294877980411,0.03852994787817288,0.23884289887018184,0.009000000000000008,0.02300000000000002,0.0,0.0010000000000000009,0.0,0.2683238629987512,-0.1983238629987512,-0.07527164015204138,Low,False
United Arab Emirates,1999,0.07,0.028,0.78,42372.438,10.65425338267797,0.0659585046975586,0.21888125094339905,0.010000000000000009,0.027000000000000024,0.0,0.0020000000000000018,0.0,0.2915022461825962,-0.22150224618259617,-0.1905980121318706,Low,False
United Arab Emirates,2000,0.07,0.028,0.79,48888.03,10.797287860222085,0.14303447754411458,0.24752293011984605,0.010000000000000009,0.029000000000000026,0.0,0.0020000000000000018,0.0,0.1927678833280383,-0.12276788332803829,-0.08284189357674178,Low,False
United Arab Emirates,2001,0.07,0.028,0.798,51263.375,10.8447318385622,0.04744397834011593,0.2564369605817891,0.008000000000000007,0.028000000000000025,0.0,0.0020000000000000018,0.0,0.2478828952955771,-0.1778828952955771,0.020440967703174107,Low,False
United Arab Emirates,2002,0.071,0.025,0.805,54077.47,10.89817292707813,0.05344108851592999,0.2439195444001605,0.007000000000000006,0.025000000000000022,0.0,0.002999999999999989,0.0,0.21976647496878282,-0.1487664749687828,0.07273577121381336,Low,False
United Arab Emirates,2003,0.069,0.025,0.81,59823.266,10.999149927818278,0.10097700074014782,0.20186206759619374,0.0050000000000000044,0.020000000000000018,0.0,0.0010000000000000009,0.0,0.27496672074742895,-0.20596672074742894,-0.08319883741939066,Low,False
United Arab Emirates,2004,0.068,0.019,0.815,64925.67,11.08099835607724,0.08184842825896155,0.23626651751503935,0.004999999999999893,0.016999999999999904,0.0,-0.0020000000000000018,0.0,0.3053454919638751,-0.2373454919638751,-0.05946259666829801,Low,False
United Arab Emirates,2005,0.07,0.021,0.819,65599.055,11.091316569340615,0.010318213263374787,0.19314364226248415,0.0040000000000000036,0.013999999999999901,0.0,-0.001999999999999988,0.0,0.32326630697579767,-0.25326630697579766,-0.10449983200701485,Mid,False
United Arab Emirates,2006,0.072,0.024,0.823,67830.93,11.12477356459359,0.033456995252976185,0.12562363677531252,0.0040000000000000036,0.0129999999999999,0.0,-0.007000000000000006,0.0,0.3374966232250501,-0.2654966232250501,-0.05952990247762113,Mid,False
United Arab Emirates,2007,0.08,0.071,0.827,65412.8,11.088473236949326,-0.036300327644264385,0.007474880872086587,0.0040000000000000036,0.01200000000000001,1.0,0.0010000000000000009,0.0,0.2787715329724885,-0.1987715329724885,0.0385739589913866,High,False
United Arab Emirates,2008,0.08,0.071,0.831,63862.086,11.064481130940413,-0.02399210600891344,-0.02683543840020164,0.0040000000000000036,0.01200000000000001,1.0,0.0010000000000000009,0.0,0.235352214238111,-0.15535221423811102,0.09791409273768664,High,False
United Arab Emirates,2009,0.081,0.071,0.832,58860.535,10.98292611111075,-0.08155501982966307,-0.1418474534828409,0.0010000000000000009,0.009000000000000008,1.0,0.0020000000000000018,0.0,0.2939050136062398,-0.21290501360623976,0.05259160961881032,High,False
United Arab Emirates,2010,0.082,0.072,0.835,60112.402,11.003971455308024,0.02104534419727422,-0.08450178164130229,0.0030000000000000027,0.008000000000000007,0.0,0.0030000000000000027,0.0,0.28315642166616906,-0.20115642166616904,-0.0023848886936805314,High,False
United Arab Emirates,2011,0.079,0.081,0.839,65307.0,11.086854507069045,0.08288305176102106,0.022373376128632216,0.0040000000000000036,0.008000000000000007,0.0,-0.006999999999999992,0.0,0.23433534403372352,-0.1553353440337235,1.687020438750908e-05,High,False
United Arab Emirates,2012,0.086,0.09,0.843,66007.0,11.097516075990594,0.010661568921548792,0.11458996487984408,0.0040000000000000036,0.01100000000000001,0.0,-0.0010000000000000009,0.0,0.27279452790272857,-0.18679452790272857,0.026110485703511183,Mid,False
United Arab Emirates,2013,0.087,0.091,0.846,66825.305,11.109837105156824,0.012321029166230346,0.1058656498488002,0.0030000000000000027,0.01100000000000001,0.0,0.0,0.0,0.2910424319253497,-0.20404243192534968,-0.0028860102591806436,Mid,False
United Arab Emirates,2014,0.087,0.089,0.853,67791.39,11.124190474713986,0.0143533695571616,0.03733596764494074,0.007000000000000006,0.014000000000000012,0.0,-0.0030000000000000027,0.0,0.393253540734846,-0.306253540734846,-0.1509181967011225,High,True
United Arab Emirates,2015,0.09,0.095,0.857,71319.61,11.174926603650292,0.05073612893630575,0.07741052765969769,0.0040000000000000036,0.014000000000000012,0.0,0.0,0.0,0.4117702454507507,-0.3217702454507507,-0.13497571754802215,Mid,False
United Arab Emirates,2016,0.091,0.1,0.861,74292.95,11.215771340605004,0.040844736954712246,0.10593423544817959,0.0040000000000000036,0.015000000000000013,0.0,0.006999999999999992,0.0,0.47818176641296767,-0.38718176641296764,-0.18313933448761796,Mid,False
United Arab Emirates,2017,0.091,0.095,0.884,73973.29,11.211459361083694,-0.0043119795213097944,0.0872688863697082,0.02300000000000002,0.031000000000000028,0.0,0.006999999999999992,0.0,0.4775940499926326,-0.3865940499926326,-0.08034050925778657,Low,False
United Kingdom,1996,0.751,0.814,0.841,28472.248,10.256685137463979,0.021694280169409552,0.07748655534326687,0.006000000000000005,0.014000000000000012,0.0,0.0050000000000000044,0.0,0.5971958374120093,0.15380416258799068,-0.09301054275220233,Mid,False
United Kingdom,1997,0.746,0.811,0.849,29259.764,10.283968608922995,0.02728347145901644,0.07014956700418651,0.008000000000000007,0.013000000000000012,0.0,-0.0030000000000000027,0.0,0.6095775027121595,0.1364224972878405,0.008214981960141698,Mid,False
United Kingdom,1998,0.749,0.814,0.856,30077.385,10.311528839444298,0.027560230521302742,0.07653798214972873,0.007000000000000006,0.02100000000000002,0.0,-0.02100000000000002,0.0,0.674338493759801,0.07466150624019896,-0.09536656216772754,Mid,False
United Kingdom,1999,0.77,0.835,0.862,30932.537,10.33956388624033,0.028035046796031082,0.08287874877635026,0.006000000000000005,0.02100000000000002,0.0,-0.015000000000000013,0.0,0.7528640670683894,0.017135932931610642,-0.13666822965638004,Mid,False
United Kingdom,2000,0.785,0.848,0.87,31946.037,10.371803414553701,0.03223952831337229,0.08783480563070611,0.008000000000000007,0.02100000000000002,0.0,-0.007000000000000006,0.0,0.7612766823020192,0.02372331769798086,-0.11269917958985964,Mid,False
United Kingdom,2001,0.792,0.856,0.876,32660.441,10.39391986918896,0.02211645463525791,0.08239102974466128,0.006000000000000005,0.020000000000000018,0.0,-0.0010000000000000009,0.0,0.7427196233614336,0.04928037663856644,-0.025381129601632524,Mid,False
United Kingdom,2002,0.793,0.857,0.881,33271.3,10.412450442490202,0.01853057330124308,0.07288655624987328,0.0050000000000000044,0.019000000000000017,0.0,0.0,0.0,0.7242468343164379,0.06875316568356216,0.051617232751951514,Mid,False
United Kingdom,2003,0.793,0.857,0.886,34232.426,10.440928602515598,0.028478160025395383,0.06912518796189637,0.0050000000000000044,0.016000000000000014,0.0,0.0,0.0,0.7250753424721477,0.06792465752785237,0.04420133982987151,Mid,False
United Kingdom,2004,0.793,0.857,0.897,34865.78,10.459261111411172,0.018332508895573696,0.06534124222221216,0.01100000000000001,0.02100000000000002,0.0,-0.007000000000000006,0.0,0.747498765418482,0.045501234581518,-0.0037791420570484346,Mid,False
United Kingdom,2005,0.8,0.863,0.903,35623.625,10.48076432033486,0.021503208923688177,0.06831387784465726,0.006000000000000005,0.02200000000000002,0.0,-0.0020000000000000018,0.0,0.7485830877058839,0.05141691229411616,-0.017336253389446,Mid,False
United Kingdom,2006,0.807,0.87,0.902,36214.07,10.497202996332826,0.016438675997966,0.056274393817227875,-0.0010000000000000009,0.016000000000000014,0.0,0.006000000000000005,0.0,0.7532800589016664,0.05371994109833367,-0.014204716429518705,Mid,False
United Kingdom,2007,0.807,0.87,0.905,36816.676,10.513706173688496,0.016503177355669862,0.05444506227732404,0.0030000000000000027,0.008000000000000007,0.0,0.006000000000000005,0.0,0.7687130856315346,0.03828691436846543,-0.007214320213052572,High,False
United Kingdom,2008,0.807,0.87,0.91,36264.79,10.498602577073454,-0.015103596615041681,0.017838256738594183,0.0050000000000000044,0.007000000000000006,0.0,0.01100000000000001,0.0,0.7572449763122711,0.049755023687728994,-0.001661888606387163,High,False
United Kingdom,2009,0.807,0.87,0.915,34402.36,10.44588044565946,-0.05272213141399362,-0.05132255067336544,0.0050000000000000044,0.013000000000000012,1.0,0.013000000000000012,0.0,0.7285410144923877,0.07845898550761232,0.024739044409278654,High,False
United Kingdom,2010,0.802,0.866,0.921,34754.473,10.456063562133764,0.010183116474303588,-0.057642611554731715,0.006000000000000005,0.016000000000000014,0.0,0.014000000000000012,0.0,0.7799744223408288,0.022025577659171236,-0.016261336709294194,High,False
United Kingdom,2011,0.801,0.865,0.916,34971.0,10.462274425587943,0.00621086345417865,-0.036328151485511384,-0.0050000000000000044,0.006000000000000005,0.0,0.014000000000000012,0.0,0.7969244127947415,0.0040755872052585795,-0.045679436482470415,High,False
United Kingdom,2012,0.804,0.868,0.917,35243.64,10.470040366429856,0.007765940841913732,0.02415992077039597,0.0010000000000000009,0.0020000000000000018,0.0,0.017000000000000015,0.0,0.7963261053967571,0.00767389460324297,-0.07078509090436935,High,True
United Kingdom,2013,0.796,0.864,0.931,35660.56,10.481800595163708,0.011760228733852074,0.025737033029944456,0.014000000000000012,0.010000000000000009,0.0,0.009000000000000008,0.0,0.6805310718140759,0.11546892818592414,0.0934433505267529,High,False
United Kingdom,2014,0.794,0.861,0.932,36521.86,10.50566626440868,0.023865669244971244,0.04339183882073705,0.0010000000000000009,0.016000000000000014,0.0,0.007000000000000006,0.0,0.789148699213301,0.004851300786699042,0.0007757135814404625,Mid,False
United Kingdom,2015,0.788,0.855,0.931,37101.227,10.521405320824915,0.015739056416235186,0.051364954395058504,-0.0010000000000000009,0.014000000000000012,0.0,0.0010000000000000009,0.0,0.7853674032722779,0.002632596727722092,-0.005041297875520878,Mid,False
United Kingdom,2016,0.787,0.854,0.934,37593.906,10.534597241774415,0.013191920949500613,0.05279664661070704,0.0030000000000000027,0.0030000000000000027,0.0,0.006000000000000005,0.0,0.7988078144233343,-0.011807814423334229,-0.12727674260925836,High,True
United Kingdom,2017,0.801,0.865,0.937,38283.938,10.552785713838986,0.01818847206457086,0.04711944943030666,0.0030000000000000027,0.0050000000000000044,0.0,0.03300000000000003,0.0,0.8012093362417653,-0.00020933624176522336,-0.0050606370284642654,High,False
United States,1996,0.808,0.869,0.89,40412.75,10.606900608219318,0.02561748540893305,0.06785433730307844,0.0020000000000000018,0.006000000000000005,0.0,0.039000000000000035,0.0,0.7758122070264812,0.032187792973518814,-0.19140985192076232,High,True
United States,1997,0.811,0.871,0.893,41722.67,10.638799905149373,0.03189929693005489,0.07243676827212298,0.0030000000000000027,0.006000000000000005,0.0,0.04200000000000004,0.0,0.7667387590711062,0.04426124092889383,-0.09961557767553764,High,True
United States,1998,0.81,0.871,0.895,43072.758,10.67064601128937,0.03184610613999794,0.08936288847898588,0.0020000000000000018,0.007000000000000006,0.0,0.041000000000000036,0.0,0.7667387590711062,0.04326124092889383,-0.06296567141896714,Mid,False
United States,1999,0.808,0.868,0.895,44575.848,10.704947466667042,0.03430145537767082,0.09804685844772365,0.0,0.0050000000000000044,0.0,0.039000000000000035,0.0,0.760710015125034,0.04728998487496605,0.015102191901447237,Mid,False
United States,2000,0.808,0.867,0.895,45886.47,10.733925581353224,0.02897811468618272,0.09512567620385148,0.0,0.0020000000000000018,0.0,0.039000000000000035,0.0,0.759728547226572,0.048271452773428036,0.004010211844534206,High,False
United States,2001,0.769,0.828,0.897,45878.008,10.733741152689575,-0.00018442866364942745,0.06309514140020411,0.0020000000000000018,0.0020000000000000018,0.0,0.0,0.0,0.7792460843702429,-0.01024608437024288,-0.05350732529913671,High,True
United States,2002,0.769,0.829,0.898,46266.297,10.742169048441268,0.00842789575169256,0.037221581774225854,0.0010000000000000009,0.0030000000000000027,0.0,-0.025000000000000022,0.0,0.785931159493314,-0.01693115949331403,-0.06422114436828008,High,True
United States,2003,0.798,0.86,0.9,47157.996,10.76125886010975,0.01908981166848278,0.027333278756525914,0.0020000000000000018,0.0050000000000000044,0.0,0.0040000000000000036,0.0,0.7377342018603709,0.06026579813962918,0.011994345366201142,High,False
United States,2004,0.799,0.862,0.905,48492.72,10.789168962566194,0.027910102456443653,0.055427809876618994,0.0050000000000000044,0.008000000000000007,0.0,0.0050000000000000044,0.0,0.765246887296475,0.03375311270352499,0.04399919707376787,High,False
United States,2005,0.794,0.856,0.907,49654.76,10.812849535975662,0.023680573409468053,0.07068048753439449,0.0020000000000000018,0.009000000000000008,0.0,-0.007000000000000006,0.0,0.7335875893648592,0.0604124106351408,0.07734357012845483,High,False
United States,2006,0.801,0.862,0.911,50489.86,10.829527803022815,0.016678267047153028,0.06826894291306473,0.0040000000000000036,0.01100000000000001,0.0,-0.038999999999999924,0.0,0.7303904485904426,0.07060955140955749,0.010343753269928313,Mid,False
United States,2007,0.84,0.897,0.914,50901.746,10.837652504504323,0.008124701481508012,0.04848354193812909,0.0030000000000000027,0.009000000000000008,0.0,-0.0020000000000000018,0.0,0.7569552229693488,0.08304477703065116,0.04929166432712617,High,False
United States,2008,0.845,0.9,0.914,50275.746,10.825278052919627,-0.012374451584696189,0.012428516943964851,0.0,0.007000000000000006,0.0,0.0030000000000000027,0.0,0.7576125695156181,0.08738743048438191,0.02697501984924111,High,False
United States,2009,0.848,0.9,0.915,48452.934,10.788348172760937,-0.0369298801586897,-0.041179630261877875,0.0010000000000000009,0.0040000000000000036,1.0,0.006000000000000005,0.0,0.7166903024021269,0.13130969759787303,0.06070014618831554,High,False
United States,2010,0.848,0.9,0.919,49266.914,10.805008019113227,0.01665984635229023,-0.03264448539109566,0.0040000000000000036,0.0050000000000000044,0.0,0.006000000000000005,0.0,0.7249840200158715,0.1230159799841285,0.039971202953477336,High,False
United States,2011,0.845,0.896,0.92,49675.0,10.813257067420018,0.00824904830679074,-0.012020985499608727,0.0010000000000000009,0.006000000000000005,0.0,0.015000000000000013,0.0,0.737077871298855,0.10792212870114493,0.020534698216763014,High,False
United States,2012,0.842,0.896,0.923,50436.434,10.828469089720802,0.015212022300783445,0.04012091695986442,0.0030000000000000027,0.008000000000000007,0.0,0.09299999999999997,0.0,0.7606893021119646,0.08131069788803535,-0.04999899970983768,High,False
United States,2013,0.852,0.905,0.925,51010.797,10.839792595182288,0.01132350546148686,0.034784576069061046,0.0020000000000000018,0.006000000000000005,0.0,0.11299999999999999,1.0,0.7606893021119646,0.09131069788803536,-0.031705282096093135,High,False
United States,2014,0.848,0.901,0.926,51796.62,10.855080175153386,0.015287579971097642,0.04182310773336795,0.0010000000000000009,0.006000000000000005,0.0,0.10899999999999999,1.0,0.7606893021119646,0.08731069788803536,-0.020611430813109566,High,False
United States,2015,0.848,0.9,0.928,52808.152,10.874420851716229,0.019340676562842773,0.045951761995427276,0.0020000000000000018,0.0050000000000000044,0.0,0.11399999999999999,1.0,0.7599238163632158,0.08807618363678416,0.006765485748748801,High,False
United States,2016,0.83,0.885,0.929,53301.016,10.883710671885956,0.009289820169726681,0.0439180767036671,0.0010000000000000009,0.0040000000000000036,0.0,0.09599999999999997,0.0,0.7636221242585811,0.06637787574141885,-0.024932822146616518,High,False
United States,2017,0.749,0.834,0.931,54152.363,10.8995568895195,0.015846217633544768,0.04447671436611422,0.0020000000000000018,0.0050000000000000044,0.0,0.015000000000000013,0.0,0.7646035921570431,-0.0156035921570431,-0.10291429004507846,High,True
Uruguay,1996,0.796,0.871,0.736,12660.163,9.446215570812756,0.04586337145354413,0.08903359390916243,0.007000000000000006,0.014000000000000012,0.0,0.0010000000000000009,0.0,0.5009121980987421,0.29508780190125794,-0.017492375444484898,Mid,False
Uruguay,1997,0.795,0.871,0.747,13226.478,9.489976008516063,0.043760437703307176,0.06903846289427129,0.01100000000000001,0.020000000000000018,0.0,-0.0020000000000000018,0.0,0.5591982142050018,0.23580178579499822,-0.1210428924907675,Mid,False
Uruguay,1998,0.804,0.877,0.757,13744.321,9.528380999597397,0.03840499108133422,0.12802880023818553,0.010000000000000009,0.028000000000000025,0.0,0.014000000000000012,0.0,0.5051766070741975,0.2988233929258025,-0.026091099283049757,Low,False
Uruguay,1999,0.802,0.875,0.76,13348.756,9.499178475965943,-0.02920252363145437,0.05296290515318702,0.0030000000000000027,0.02400000000000002,1.0,0.01200000000000001,0.0,0.409628343095934,0.39237165690406606,0.09728385500280812,Mid,False
Uruguay,2000,0.797,0.873,0.764,13050.063,9.476548240325394,-0.022630235640548335,-0.013427768190668488,0.0040000000000000036,0.017000000000000015,1.0,0.007000000000000006,0.0,0.5550269189536434,0.24197308104635662,0.0061712952513584,High,False
Uruguay,2001,0.802,0.873,0.771,12463.919,9.43059326937311,-0.04595497095228396,-0.09778773022428666,0.007000000000000006,0.014000000000000012,1.0,0.01200000000000001,0.0,0.514750076850661,0.28724992314933906,-0.011573469776463452,High,False
Uruguay,2002,0.802,0.873,0.775,11399.581,9.341331879321164,-0.08926139005194678,-0.15784659664477907,0.0040000000000000036,0.015000000000000013,1.0,0.01200000000000001,0.0,0.5004852508198739,0.3015147491801261,-0.09085690772393995,High,True
Uruguay,2003,0.79,0.873,0.78,11438.687,9.344756485619623,0.0034246062984593095,-0.13179175470577142,0.0050000000000000044,0.016000000000000014,0.0,-0.018000000000000016,0.0,0.5335368710408621,0.2564631289591379,0.014490047912781301,High,False
Uruguay,2004,0.808,0.874,0.779,11955.31,9.388930810129215,0.044174324509592466,-0.041662459243895,-0.0010000000000000009,0.008000000000000007,0.0,-0.010999999999999899,0.0,0.48597226955862893,0.3220277304413711,0.03477780729203206,High,False
Uruguay,2005,0.819,0.89,0.778,12757.499,9.45387453455286,0.06494372442364416,0.11254265523169593,-0.0010000000000000009,0.0030000000000000027,0.0,-0.0030000000000000027,0.0,0.4520587126209115,0.36694128737908843,0.06542653819896233,Mid,False
Uruguay,2006,0.823,0.892,0.777,13223.781,9.489772078565181,0.0358975440123217,0.14501559294555832,-0.0010000000000000009,-0.0030000000000000027,0.0,0.0010000000000000009,0.0,0.36749681648645716,0.4555031835135428,0.19904005455440488,Mid,False
Uruguay,2007,0.823,0.892,0.78,13976.393,9.5451249710522,0.05535289248701858,0.15619416092298444,0.0030000000000000027,0.0010000000000000009,0.0,0.0010000000000000009,0.0,0.4161662470104825,0.40683375298951746,0.08480602254814634,Mid,False
Uruguay,2008,0.822,0.892,0.783,14869.927,9.60709613022897,0.06197115917676932,0.1532215956761096,0.0030000000000000027,0.0050000000000000044,0.0,-0.0030000000000000027,0.0,0.4195944413001323,0.40240555869986766,0.03546427132077923,Mid,False
Uruguay,2009,0.825,0.894,0.787,15143.996,9.625359428758115,0.018263298529145544,0.13558735019293344,0.0040000000000000036,0.010000000000000009,0.0,-0.018000000000000016,0.0,0.40582913494030903,0.4191708650596909,-0.036332318453851875,Mid,False
Uruguay,2010,0.847,0.912,0.796,16415.629,9.70598914781258,0.08062971905446581,0.16086417676038067,0.009000000000000008,0.016000000000000014,0.0,0.015000000000000013,0.0,0.42129360085042344,0.42570639914957653,0.01887264616005907,Mid,False
Uruguay,2011,0.847,0.912,0.801,17211.0,9.75330399326998,0.04731484545740017,0.14620786304101152,0.0050000000000000044,0.018000000000000016,0.0,0.015000000000000013,0.0,0.5174654760699723,0.3295345239300277,-0.07287103476983997,Mid,False
Uruguay,2012,0.847,0.912,0.804,17776.027,9.785606030780148,0.032302037510167025,0.160246602022033,0.0030000000000000027,0.017000000000000015,0.0,0.019000000000000017,0.0,0.5089354506140025,0.3380645493859975,-0.08110631567369342,Mid,False
Uruguay,2013,0.843,0.91,0.812,18553.332,9.828404674546876,0.04279864376672826,0.12241552673429545,0.008000000000000007,0.016000000000000014,0.0,0.015000000000000013,0.0,0.5429543917488638,0.30004560825113613,-0.1256607908984404,Mid,False
Uruguay,2014,0.843,0.909,0.816,19104.312,9.85766934771726,0.029264673170384725,0.10436535444728001,0.0039999999999998925,0.014999999999999902,0.0,0.015000000000000013,0.0,0.55569671779934,0.2873032822006599,-0.04223124172936776,Mid,False
Uruguay,2015,0.832,0.897,0.818,19123.604,9.858678662566533,0.001009314849271803,0.07307263178638479,0.0020000000000000018,0.013999999999999901,0.0,0.02399999999999991,0.0,0.5319862152844012,0.3000137847155988,-0.038050764670398696,Mid,False
Uruguay,2016,0.832,0.897,0.821,19393.982,9.87271809074196,0.014039428175427915,0.04431341619508444,0.0030000000000000027,0.008999999999999897,0.0,0.04299999999999993,0.0,0.5306905178405616,0.3013094821594383,0.0012638739083021822,High,False
Uruguay,2017,0.828,0.89,0.827,19656.627,9.886169812349163,0.013451721607202316,0.028500464631902034,0.006000000000000005,0.01100000000000001,0.0,0.08099999999999996,0.0,0.5438301785619856,0.2841698214380144,-0.0031334607626455346,High,False
Uzbekistan,2006,0.032,0.16,0.644,5535.1216,8.618868814187776,0.046429202293168714,0.13322201896992603,0.006000000000000005,0.019000000000000017,0.0,-0.0010000000000000009,0.0,0.30974373620238843,-0.27774373620238846,0.0812015153954625,Mid,False
Uzbekistan,2007,0.033,0.16,0.658,5907.999,8.684062474389238,0.06519366020146222,0.15331979330511025,0.014000000000000012,0.026000000000000023,0.0,-0.0010000000000000009,0.0,0.31267652826576836,-0.2796765282657684,0.04641650063591041,Low,False
Uzbekistan,2008,0.034,0.163,0.663,6278.2734,8.744850285354596,0.060787810965358346,0.17241067345998928,0.0050000000000000044,0.025000000000000022,0.0,0.0,0.0,0.28866221395674185,-0.2546622139567418,0.07260225833602041,Low,False
Uzbekistan,2009,0.034,0.162,0.672,6618.0977,8.797563251140797,0.05271296578620088,0.17869443695302145,0.009000000000000008,0.028000000000000025,0.0,-0.0010000000000000009,0.0,0.2779142307206065,-0.2439142307206065,0.03382950548178196,Low,False
Uzbekistan,2010,0.035,0.161,0.681,7002.8594,8.85407383034416,0.056510579203362,0.17001135595492123,0.009000000000000008,0.02300000000000002,0.0,-0.000999999999999994,0.0,0.28400649011154905,-0.24900649011154904,0.030670038154219342,Low,False
Uzbekistan,2011,0.036,0.163,0.686,7396.0,8.908694592507015,0.054620762162855385,0.16384430715241827,0.0050000000000000044,0.02300000000000002,0.0,0.0,0.0,0.28400649011154905,-0.24800649011154904,0.006655723845192779,Low,False
Uzbekistan,2012,0.036,0.162,0.692,7847.0747,8.967896091643778,0.05920149913676376,0.17033284050298114,0.005999999999999894,0.019999999999999907,0.0,0.0,0.0,0.2964320975433467,-0.26043209754334673,-0.01651786682274023,Low,False
Uzbekistan,2013,0.037,0.166,0.698,8340.988,9.028936953564159,0.06104086192038061,0.17486312321999975,0.006000000000000005,0.016999999999999904,0.0,0.0010000000000000009,0.0,0.30040243167337144,-0.26340243167337146,-0.014395941561822417,Low,False
Uzbekistan,2014,0.037,0.167,0.703,8831.602,9.086091704095693,0.057154750531534404,0.17739711158867877,0.0050000000000000044,0.016999999999999904,0.0,0.0010000000000000009,0.0,0.3247096171853602,-0.2877096171853602,-0.039703127073811156,Low,False
Uzbekistan,2015,0.036,0.166,0.707,9381.347,9.1464786351018,0.06038693100610715,0.17858254345802216,0.0040000000000000036,0.015000000000000013,0.0,-0.0010000000000000009,0.0,0.3292194694809332,-0.29321946948093325,-0.03278737193758652,Mid,False
Uzbekistan,2016,0.037,0.169,0.714,9845.353,9.19475484619477,0.0482762110929702,0.16581789263061175,0.007000000000000006,0.016000000000000014,0.0,-0.015,0.0,0.3476122632097431,-0.3106122632097431,-0.04720983153637165,Mid,False
Uzbekistan,2017,0.052,0.191,0.719,10182.692,9.228444695224985,0.03368984903021399,0.14235299112929134,0.0050000000000000044,0.016000000000000014,0.0,-0.013000000000000005,0.0,0.34231915614512565,-0.29031915614512566,-0.002609538959765456,Mid,False
Venezuela,1996,0.604,0.748,0.69,14211.81,9.561828588067595,-0.016502205671118375,-0.033359268701520506,0.0029999999999998916,0.009999999999999898,0.0,0.316,1.0,0.42734773737620035,0.17665226262379963,-0.03010804144468643,High,False
Venezuela,1997,0.603,0.746,0.698,14894.337,9.608736352575646,0.046907764508050676,0.05273197515939643,0.008000000000000007,0.016999999999999904,0.0,0.348,1.0,0.5236780957168872,0.07932190428311281,-0.09335299260704033,Mid,False
Venezuela,1998,0.575,0.73,0.7,14739.051,9.598255781038384,-0.01048057153726134,0.01992498729967096,0.0020000000000000018,0.0129999999999999,0.0,0.33199999999999996,1.0,0.49013980125114137,0.08486019874885858,-0.035003483265184654,High,False
Venezuela,1999,0.44,0.665,0.698,13669.484,9.522921182114562,-0.07533459892382233,-0.03890740595303299,-0.0020000000000000018,0.008000000000000007,1.0,0.224,1.0,0.4204739580523166,0.019526041947683426,-0.1571262206761162,High,True
Venezuela,2000,0.31,0.573,0.703,13992.608,9.54628446915631,0.023363287041748393,-0.062451883419335275,0.0050000000000000044,0.0050000000000000044,0.0,0.128,1.0,0.4603151777356437,-0.15031517773564368,-0.2296370820187565,High,True
Venezuela,2001,0.288,0.529,0.708,14298.037,9.567877534097963,0.02159306494165314,-0.030378246940420794,0.0050000000000000044,0.008000000000000007,0.0,0.11999999999999997,1.0,0.4645311512077072,-0.17653115120770724,-0.2613913499565658,High,True
Venezuela,2002,0.255,0.495,0.716,12856.049,9.461569718859991,-0.10630781523797239,-0.06135146325457086,0.008000000000000007,0.018000000000000016,1.0,0.093,0.0,0.4443695053891531,-0.1893695053891531,-0.20889554733683652,High,True
Venezuela,2003,0.243,0.487,0.707,11728.183,9.36975002768819,-0.09181969117180167,-0.17653444146812092,-0.009000000000000008,0.0040000000000000036,1.0,0.08399999999999999,0.0,0.4574573068775541,-0.2144573068775541,-0.06414212914191042,High,True
Venezuela,2004,0.216,0.475,0.718,13713.045,9.526102848552116,0.1563528208639262,-0.041774685545847845,0.01100000000000001,0.010000000000000009,0.0,0.056999999999999995,0.0,0.4420445583981601,-0.2260445583981601,-0.04951340719045286,High,False
Venezuela,2005,0.182,0.474,0.728,14944.34,9.612087911815806,0.08598506326369026,0.1505181929558148,0.010000000000000009,0.01200000000000001,0.0,0.027999999999999997,0.0,0.42042646545366025,-0.23842646545366025,-0.04905696006450716,Mid,False
Venezuela,2006,0.168,0.45,0.736,16253.686,9.696074992804904,0.08398708098909857,0.32632496511671505,0.008000000000000007,0.029000000000000026,0.0,0.016000000000000014,0.0,0.30436786946490124,-0.13636786946490123,0.07808943741265287,Low,False
Venezuela,2007,0.162,0.434,0.753,17386.086,9.76342551013546,0.06735051733055641,0.23732266158334525,0.017000000000000015,0.03500000000000003,0.0,0.017000000000000015,0.0,0.37841467108345533,-0.21641467108345533,0.009629887314704766,Low,False
Venezuela,2008,0.159,0.432,0.759,18019.09,9.799187030442129,0.035761520306667904,0.1870991186263229,0.006000000000000005,0.031000000000000028,0.0,0.05,0.0,0.4486563724281278,-0.2896563724281278,-0.051229906974467554,Low,False
Venezuela,2009,0.16,0.431,0.76,17242.945,9.755158353294876,-0.04402867714725289,0.059083360489971426,0.0010000000000000009,0.02400000000000002,1.0,0.05800000000000001,0.0,0.3729925702885885,-0.2129925702885885,-0.07662470082368728,Mid,False
Venezuela,2010,0.154,0.419,0.764,17105.58,9.747160005050807,-0.007998348244068865,-0.016265505084653853,0.0040000000000000036,0.01100000000000001,0.0,0.052000000000000005,0.0,0.3964282292348419,-0.2424282292348419,-0.026013558151386562,High,False
Venezuela,2011,0.152,0.415,0.77,17746.0,9.783915417395283,0.03675541234447621,-0.015271613046845545,0.006000000000000005,0.01100000000000001,0.0,0.05,0.0,0.4040774499480943,-0.25207744994809433,0.03757892248003347,High,False
Venezuela,2012,0.145,0.399,0.772,18486.459,9.824793797117252,0.04087837972196873,0.06963544382237608,0.0020000000000000018,0.01200000000000001,0.0,0.06299999999999999,0.0,0.41774297683052747,-0.2727429768305275,-0.059750406541939,Mid,False
Venezuela,2013,0.109,0.327,0.773,18484.234,9.824673431507515,-0.0001203656097370498,0.07751342645670789,0.0010000000000000009,0.009000000000000008,0.0,0.048,0.0,0.35667380611836347,-0.24767380611836348,-0.005245576883521591,Mid,False
Venezuela,2014,0.102,0.312,0.77,17579.223,9.77447297231019,-0.050200459197323966,-0.009442445085092288,-0.0030000000000000027,0.0,1.0,0.041999999999999996,0.0,0.38415548186834064,-0.28215548186834066,-0.03007803192024633,High,False
Venezuela,2015,0.103,0.3,0.768,16333.083,9.70094796177659,-0.07352501053360072,-0.12384583534066174,-0.0020000000000000018,-0.0040000000000000036,1.0,0.04699999999999999,0.0,0.32581438888156095,-0.22281438888156097,0.04992858794896654,High,False
Venezuela,2016,0.118,0.293,0.761,13428.789,9.505156114193234,-0.19579184758335622,-0.3195173173142809,-0.007000000000000006,-0.01200000000000001,1.0,0.06199999999999999,0.0,0.3581525147174581,-0.24015251471745813,0.00752129140090535,High,False
Venezuela,2017,0.082,0.233,0.749,11363.969,9.338203015057651,-0.16695309913558276,-0.4362699572525397,-0.01200000000000001,-0.02100000000000002,1.0,0.028000000000000004,0.0,0.4126829277027122,-0.3306829277027122,-0.04852744583437152,High,False
Vietnam,1996,0.082,0.153,0.567,2323.0464,7.750634706742258,0.06951632376012551,0.20373520942399725,0.010999999999999899,0.03599999999999992,0.0,0.0,0.0,0.2428149221368667,-0.1608149221368667,-0.005658152909922942,Low,False
Vietnam,1997,0.082,0.153,0.578,2466.8735,7.810706838360175,0.06007213161791647,0.20067086661898514,0.01100000000000001,0.03499999999999992,0.0,-0.0010000000000000009,0.0,0.22957970658248733,-0.1475797065824873,0.025874346264923576,Low,False
Vietnam,1998,0.083,0.153,0.588,2564.2844,7.849434732326161,0.038727893965986304,0.16831634934402828,0.010000000000000009,0.03199999999999992,0.0,-0.0059999999999999915,0.0,0.2554818906011216,-0.17248189060112157,0.004900975278677888,Low,False
Vietnam,1999,0.089,0.153,0.596,2641.3484,7.879044823323866,0.029610090997705285,0.12841011658160806,0.008000000000000007,0.029000000000000026,0.0,-0.0020000000000000018,0.0,0.30257704731025953,-0.21357704731025953,-0.05276212517339282,Low,False
Vietnam,2000,0.092,0.152,0.604,2773.1016,7.927721683963698,0.04867686063983179,0.11701484560352338,0.008000000000000007,0.026000000000000023,0.0,0.0010000000000000009,0.0,0.3133371076428054,-0.22133710764280543,-0.07375740106031811,Low,False
Vietnam,2001,0.092,0.152,0.612,2915.686,7.9778604055746225,0.050138721610924364,0.12842567324846144,0.008000000000000007,0.02400000000000002,0.0,0.0010000000000000009,0.0,0.30097788517653506,-0.20897788517653507,-0.0364959945754135,Low,False
Vietnam,2002,0.092,0.148,0.621,3070.6934,8.029658678270174,0.05179827269555126,0.1506138549463074,0.009000000000000008,0.025000000000000022,0.0,0.0010000000000000009,0.0,0.2912382549650836,-0.1992382549650836,0.014338792345175932,Low,False
Vietnam,2003,0.092,0.146,0.63,3242.2854,8.08403373049999,0.054375052229815424,0.15631204653629105,0.009000000000000008,0.026000000000000023,0.0,0.0010000000000000009,0.0,0.254258762694262,-0.162258762694262,0.059078344948543415,Low,False
Vietnam,2004,0.091,0.147,0.638,3437.6643,8.142547537196254,0.058513806696264936,0.16468713162163162,0.008000000000000007,0.026000000000000023,0.0,-0.011999999999999997,0.0,0.23349612081915916,-0.14249612081915916,0.0664817643573759,Low,False
Vietnam,2005,0.103,0.147,0.647,3637.6565,8.199094934609223,0.056547397412968436,0.1694362563390488,0.009000000000000008,0.026000000000000023,0.0,-0.0010000000000000009,0.0,0.23017227363942808,-0.12717227363942807,0.07206598132565553,Low,False
Vietnam,2006,0.104,0.148,0.656,3828.9077,8.250334845676175,0.05123991106695236,0.16630111517618573,0.009000000000000008,0.026000000000000023,0.0,0.0,0.0,0.2112709353811138,-0.1072709353811138,0.054987827313148205,Low,False
Vietnam,2007,0.105,0.149,0.664,4037.233,8.303314835313266,0.05297998963709105,0.16076729811701185,0.008000000000000007,0.026000000000000023,0.0,0.0010000000000000009,0.0,0.2110275622784495,-0.10602756227844949,0.03646855854070967,Low,False
Vietnam,2008,0.105,0.149,0.672,4200.2354,8.342895850319898,0.03958101500663247,0.14380091571067588,0.008000000000000007,0.025000000000000022,0.0,0.0010000000000000009,0.0,0.2589147842543646,-0.1539147842543646,-0.026742510614936543,Low,False
Vietnam,2009,0.105,0.148,0.679,4360.0615,8.380241441748186,0.03734559142828786,0.12990659607201138,0.007000000000000006,0.02300000000000002,0.0,0.0010000000000000009,0.0,0.26865441446581606,-0.16365441446581608,-0.05638347908470227,Low,False
Vietnam,2010,0.105,0.149,0.686,4571.8486,8.427672909755726,0.047431468007539834,0.12435807444246016,0.007000000000000006,0.02200000000000002,0.0,0.0010000000000000009,0.0,0.2794471456753009,-0.1744471456753009,-0.0684195833968514,Low,False
Vietnam,2011,0.104,0.149,0.693,4786.0,8.47345026846832,0.04577735871259314,0.13055441814842084,0.006999999999999895,0.020999999999999908,0.0,-0.0010000000000000009,0.0,0.2933923188655635,-0.1893923188655635,-0.0354775346111989,Low,False
Vietnam,2012,0.105,0.149,0.698,4987.9644,8.514783169645348,0.0413329011770287,0.13454172789716168,0.0050000000000000044,0.018999999999999906,0.0,-0.008000000000000007,0.0,0.3141487527143985,-0.20914875271439853,-0.045494338248582455,Mid,False
Vietnam,2013,0.113,0.147,0.704,5199.779,8.556371403666368,0.0415882340210203,0.12869849391064214,0.006000000000000005,0.017999999999999905,0.0,0.0,0.0,0.31414319273277785,-0.20114319273277786,-0.026696047057476968,Mid,False
Vietnam,2014,0.115,0.147,0.711,5465.4834,8.606207850495721,0.049836446829353065,0.13275758202740207,0.007000000000000006,0.018000000000000016,0.0,0.0020000000000000018,0.0,0.30919293016840954,-0.19419293016840955,-0.004800611302846036,Mid,False
Vietnam,2015,0.115,0.148,0.717,5776.465,8.66154718287243,0.055339332376709294,0.14676401322708266,0.006000000000000005,0.019000000000000017,0.0,0.009000000000000008,0.0,0.31920150943071385,-0.20420150943071386,0.004947243283684677,Low,False
Vietnam,2016,0.117,0.15,0.723,6089.623,8.71434145402586,0.05279427115342905,0.1579700503594914,0.006000000000000005,0.019000000000000017,0.0,0.01100000000000001,0.0,0.29969466848471066,-0.18269466848471067,0.0184485242480672,Low,False
Vietnam,2017,0.115,0.15,0.729,6437.739,8.769932670496424,0.055591216470563865,0.1637248200007022,0.006000000000000005,0.018000000000000016,0.0,0.009000000000000008,0.0,0.30142699903040904,-0.18642699903040905,0.007765931138000504,Low,False
Yemen,1997,0.137,0.279,0.413,3927.6804,8.275804301601962,0.018529647882642664,0.039630203002705144,0.007999999999999952,0.030999999999999972,0.0,0.006000000000000005,0.0,0.2393680174289484,-0.10236801742894838,0.04540806489489113,Mid,False
Yemen,1998,0.132,0.266,0.423,4044.1484,8.305026275807325,0.02922197420536321,0.05615215557981834,0.010000000000000009,0.02999999999999997,0.0,0.0010000000000000009,0.0,0.22739171125911095,-0.09539171125911095,0.029935294692729375,Mid,False
Yemen,1999,0.131,0.262,0.429,4080.2185,8.313905819885816,0.008879544078491008,0.05663116616649688,0.006000000000000005,0.023999999999999966,0.0,-0.0050000000000000044,0.0,0.26805306090393055,-0.13705306090393055,-0.035852115031178966,Mid,False
Yemen,2000,0.136,0.263,0.439,4212.1055,8.345717920423564,0.03181210053774741,0.06991361882160163,0.010000000000000009,0.026000000000000023,0.0,0.0,0.0,0.24074562132339228,-0.10474562132339227,-0.002377603894443886,Mid,False
Yemen,2001,0.136,0.261,0.449,4249.0337,8.354446871361306,0.008728950937742397,0.04942059555398082,0.010000000000000009,0.026000000000000023,0.0,-0.0010000000000000009,0.0,0.24321282576754752,-0.10721282576754751,-0.011821114508436564,Mid,False
Yemen,2002,0.137,0.261,0.458,4292.0986,8.364531076459688,0.010084205098381815,0.050625256573871624,0.009000000000000008,0.029000000000000026,0.0,-0.014999999999999986,0.0,0.2540211188536373,-0.11702111885363731,0.02003194205029324,Mid,False
Yemen,2003,0.152,0.275,0.467,4326.5103,8.37251656072118,0.007985484261492815,0.026798640297617027,0.009000000000000008,0.028000000000000025,0.0,-0.0010000000000000009,0.0,0.26600934593697706,-0.11400934593697706,-0.009263724613584795,Mid,False
Yemen,2004,0.153,0.281,0.475,4371.3955,8.382837573497063,0.01032101277588282,0.02839070213575745,0.007999999999999952,0.025999999999999968,0.0,0.0,0.0,0.23178707044515695,-0.07878707044515695,0.028425755322390556,Mid,False
Yemen,2005,0.153,0.281,0.481,4485.583,8.408623754896805,0.025786181399741537,0.04409267843711717,0.006000000000000005,0.022999999999999965,0.0,0.0,0.0,0.24534981256222319,-0.09234981256222319,0.02467130629141412,Mid,False
Yemen,2006,0.154,0.283,0.486,4497.2593,8.411223445771059,0.002599690874253824,0.03870688504987818,0.0050000000000000044,0.01899999999999996,0.0,0.013000000000000012,0.0,0.30689555391887285,-0.15289555391887286,-0.03888620798189579,Mid,False
Yemen,2007,0.153,0.283,0.489,4516.1436,8.415413722815378,0.0041902770443194015,0.03257614931831476,0.0030000000000000027,0.014000000000000012,0.0,0.01200000000000001,0.0,0.26407788189345727,-0.11107788189345727,-0.032290811448300316,High,False
Yemen,2008,0.153,0.285,0.492,4549.009,8.42266468602485,0.007250963209472161,0.014040931128045386,0.0030000000000000027,0.01100000000000001,0.0,0.01200000000000001,0.0,0.2684076044934888,-0.11540760449348883,-0.023057791931265642,High,False
Yemen,2009,0.153,0.285,0.497,4593.5425,8.432406791872921,0.009742105848070892,0.021183346101862455,0.0050000000000000044,0.01100000000000001,0.0,0.03599999999999999,0.0,0.27109568747241486,-0.11809568747241486,0.034799866446457994,High,False
Yemen,2010,0.153,0.286,0.502,4812.345,8.47893977028515,0.04653297841222859,0.06352604746977164,0.0050000000000000044,0.013000000000000012,0.0,0.08399999999999999,0.0,0.2374123028712028,-0.0844123028712028,0.02666557902225447,Mid,False
Yemen,2011,0.141,0.31,0.501,4088.0,8.31581113188354,-0.1631286384016093,-0.10685355414130981,-0.0010000000000000009,0.009000000000000008,1.0,0.10399999999999998,1.0,0.17958689003020362,-0.03858689003020363,0.0768207144632852,High,False
Yemen,2012,0.164,0.357,0.503,4064.3423,8.310007213073597,-0.005803918809943909,-0.12239957879932462,0.0020000000000000018,0.006000000000000005,0.0,0.128,1.0,0.21514742977987347,-0.051147429779873466,0.0669482576925414,High,False
Yemen,2013,0.148,0.336,0.507,4139.823,8.32840831228221,0.018401099208613658,-0.15053145800293954,0.0040000000000000036,0.0050000000000000044,0.0,0.11399999999999999,1.0,0.15741330054189914,-0.00941330054189915,0.07499900232930365,High,False
Yemen,2014,0.117,0.3,0.502,4019.4,8.298887916742277,-0.02952039553993302,-0.01692321514126327,-0.0050000000000000044,0.0010000000000000009,1.0,0.083,0.0,0.17813039653086812,-0.06113039653086812,-0.022543506500664487,High,False
Yemen,2015,0.069,0.184,0.475,2820.6172,7.9447110052328815,-0.3541769115093958,-0.36529620784071515,-0.027000000000000024,-0.028000000000000025,1.0,0.036000000000000004,0.0,0.07854606255235118,-0.009546062552351173,0.04160136722752229,High,False
Yemen,2016,0.037,0.113,0.467,2495.4993,7.822244108404716,-0.1224668968281657,-0.5061642038774945,-0.007999999999999952,-0.03999999999999998,1.0,0.003999999999999997,0.0,0.12409767896332298,-0.08709767896332299,-0.07768437842142384,High,True
Yemen,2017,0.036,0.112,0.459,2314.9673,7.747150841150593,-0.07509326725412269,-0.5517370755916842,-0.008000000000000007,-0.04299999999999998,1.0,0.0029999999999999957,0.0,0.1160429618253391,-0.0800429618253391,-0.01891256529447098,High,False
Zambia,1996,0.384,0.49,0.415,1260.7262,7.139443183126459,0.06537395485223918,-0.04012161315085372,0.0020000000000000018,-0.0020000000000000018,0.0,0.010000000000000009,0.0,0.19048676765318018,0.19351323234681983,0.06417090271101467,High,False
Zambia,1997,0.374,0.478,0.418,1311.357,7.178817757906546,0.0393745747800871,0.13810467577087948,0.0030000000000000027,0.0050000000000000044,0.0,0.0,0.0,0.18803445935462615,0.18596554064537385,0.043896044407603,Mid,False
Zambia,1998,0.374,0.478,0.418,1308.9514,7.17698163764235,-0.001836120264195884,0.1029124093681304,0.0,0.0050000000000000044,0.0,0.0,0.0,0.20308658882950906,0.17091341117049094,0.01984103431160006,Mid,False
Zambia,1999,0.374,0.478,0.423,1373.8511,7.225373097186437,0.04839145954408686,0.08592991405997807,0.0050000000000000044,0.008000000000000007,0.0,-0.006000000000000005,0.0,0.22412055668134995,0.14987944331865005,-0.04363378902816978,Mid,False
Zambia,2000,0.38,0.486,0.429,1428.5023,7.264381831750035,0.039008734563598324,0.0855640738434893,0.006000000000000005,0.01100000000000001,0.0,-0.014000000000000012,0.0,0.22972621100056373,0.15027378899943628,-0.035691751645937575,Mid,False
Zambia,2001,0.394,0.489,0.437,1504.4498,7.316182528946458,0.05180069719642244,0.13920089130410762,0.008000000000000007,0.019000000000000017,0.0,-0.01100000000000001,0.0,0.19784621220910725,0.19615378779089276,0.025240376620401822,Low,False
Zambia,2002,0.405,0.484,0.445,1579.0227,7.364561390339766,0.04837886139330827,0.13918829315332903,0.008000000000000007,0.02200000000000002,0.0,0.0,0.0,0.19799203314560987,0.20700796685439016,0.057128523535740106,Low,False
Zambia,2003,0.405,0.484,0.458,1698.5515,7.437531108012327,0.072969717672561,0.1731492762622917,0.013000000000000012,0.029000000000000026,0.0,0.0,0.0,0.22339499091204565,0.18160500908795438,0.0313312200885181,Low,False
Zambia,2004,0.405,0.484,0.468,1828.3098,7.5111472124907435,0.07361610447841649,0.19496468354428576,0.010000000000000009,0.031000000000000028,0.0,-0.012999999999999956,0.0,0.20826752446612137,0.19673247553387865,0.0005786877429858894,Low,False
Zambia,2005,0.419,0.498,0.48,1970.0187,7.585798314072768,0.07465110158202481,0.2212369237330023,0.011999999999999955,0.034999999999999976,0.0,0.0010000000000000009,0.0,0.2285788775469074,0.1904211224530926,-0.016586844401297568,Low,False
Zambia,2006,0.418,0.498,0.492,2133.594,7.665563160715369,0.07976484664260042,0.22803205270304172,0.01200000000000001,0.033999999999999975,0.0,-0.0020000000000000018,0.0,0.22794187449928208,0.1900581255007179,0.008453116412763528,Low,False
Zambia,2007,0.42,0.5,0.504,2318.627,7.748730479126664,0.0831673184112951,0.23758326663592033,0.01200000000000001,0.035999999999999976,0.0,0.0,0.0,0.223736284116301,0.19626371588369898,-0.00046875965017967314,Low,False
Zambia,2008,0.424,0.51,0.514,2504.757,7.825947002825556,0.0772165236988922,0.24014868875278772,0.010000000000000009,0.03400000000000003,0.0,0.032999999999999974,0.0,0.2283904127869242,0.19560958721307578,0.005188464759983191,Low,False
Zambia,2009,0.426,0.517,0.526,2743.322,7.916924873767255,0.09097787094169885,0.25136171305188615,0.01200000000000001,0.03400000000000003,0.0,0.03799999999999998,0.0,0.22396019807756923,0.20203980192243076,0.011981676421712856,Low,False
Zambia,2010,0.427,0.514,0.533,3032.0679,8.017000140970612,0.10007526720335758,0.2682696618439486,0.007000000000000006,0.029000000000000026,0.0,0.055999999999999994,0.0,0.17481515981283755,0.2521848401871625,0.05592112430346349,Low,False
Zambia,2011,0.42,0.503,0.538,3205.0,8.07246736935477,0.05546722838415796,0.24652036652921439,0.0050000000000000044,0.02400000000000002,0.0,0.09199999999999997,0.0,0.21160240571246347,0.20839759428753651,0.012788007074460733,Low,False
Zambia,2012,0.421,0.503,0.551,3344.8652,8.115181672796641,0.04271430344187088,0.19825679902938642,0.013000000000000012,0.025000000000000022,0.0,0.127,1.0,0.2125147009531364,0.20848529904686358,0.00644549712443282,Low,False
Zambia,2013,0.391,0.485,0.557,3409.314,8.134266377019028,0.019084704222386506,0.11726623604841535,0.006000000000000005,0.02400000000000002,0.0,0.09700000000000003,0.0,0.24086183115740936,0.15013816884259065,-0.10204667134457182,Low,False
Zambia,2014,0.388,0.478,0.559,3461.09,8.14933884734232,0.015072470323291398,0.07687147798754879,0.0020000000000000018,0.02100000000000002,0.0,0.09400000000000003,0.0,0.2664135476109039,0.1215864523890961,-0.08681114189844041,Mid,False
Zambia,2015,0.371,0.458,0.565,3454.3528,8.147390395933984,-0.0019484514083352167,0.03220872313734269,0.005999999999999894,0.013999999999999901,0.0,0.07900000000000001,0.0,0.24344280268823182,0.12755719731176818,-0.0809281017350954,High,True
Zambia,2016,0.328,0.397,0.565,3476.8513,8.15388236434039,0.006491968406406201,0.019615987321362383,0.0,0.007999999999999896,0.0,0.03600000000000003,0.0,0.2607141469587875,0.06728585304121254,-0.08285231580137811,High,True
Zambia,2017,0.294,0.36,0.57,3489.8547,8.157615381091963,0.003733016751573004,0.008276533749643988,0.0050000000000000044,0.010999999999999899,0.0,0.0020000000000000018,0.0,0.2713720223225184,0.022627977677481592,-0.09895847471161451,High,True
Zimbabwe,1996,0.228,0.313,0.472,2292.4875,7.73739275155305,0.08633919718505112,0.16236697408501044,-0.0050000000000000044,-0.01100000000000001,0.0,0.064,0.0,0.18203771596106216,0.045962284038937845,0.13075298437101823,Mid,False
Zimbabwe,1997,0.229,0.309,0.472,2326.5388,7.752136948558059,0.014744197005009063,0.09735633824998136,0.0,-0.010000000000000009,0.0,0.065,0.0,0.2792577145975442,-0.05025771459754422,0.027283858501542024,High,False
Zimbabwe,1998,0.226,0.308,0.467,2369.019,7.770231224388337,0.018094275830278228,0.11917767002033841,-0.004999999999999949,-0.009999999999999953,0.0,0.069,0.0,0.2571363299133193,-0.0311363299133193,0.06290966938973785,Mid,False
Zimbabwe,1999,0.228,0.31,0.462,2323.0093,7.750618736206218,-0.019612488182119137,0.013225984653168155,-0.0050000000000000044,-0.009999999999999953,0.0,0.07400000000000001,0.0,0.2813033385193231,-0.05330333851932309,-0.09926562255826094,High,True
Zimbabwe,2000,0.187,0.284,0.458,2211.1963,7.701288960272385,-0.04932977593383292,-0.05084798828567383,-0.0040000000000000036,-0.013999999999999957,1.0,0.034,0.0,0.28499881596111426,-0.09799881596111426,-0.04774110136357004,High,False
Zimbabwe,2001,0.164,0.267,0.456,2193.7385,7.693362445035193,-0.0079265152371919,-0.07686877935314396,-0.0020000000000000018,-0.01100000000000001,0.0,0.01200000000000001,0.0,0.29903313569079704,-0.13503313569079703,-0.10389680577747773,High,True
Zimbabwe,2002,0.167,0.268,0.459,2025.3177,7.613481856123753,-0.07988058891143979,-0.1371368800824646,0.0030000000000000027,-0.0030000000000000027,1.0,0.015000000000000013,0.0,0.1963474910672663,-0.02934749106726628,0.02395584745205681,High,False
Zimbabwe,2003,0.157,0.269,0.45,1700.9558,7.4389456073433795,-0.17453624878037388,-0.26234335292900557,-0.009000000000000008,-0.008000000000000007,1.0,0.008000000000000007,0.0,0.04996856789541638,0.10703143210458363,0.2050302480656979,High,False
Zimbabwe,2004,0.154,0.259,0.453,1604.503,7.380569330289516,-0.05837627705386339,-0.31279311474567706,0.0030000000000000027,-0.0030000000000000027,1.0,0.0050000000000000044,0.0,0.0766797466138637,0.0773202533861363,0.21235338907693332,High,False
Zimbabwe,2005,0.153,0.258,0.455,1496.0343,7.310573086079071,-0.06999624421044537,-0.30290877004468264,0.0020000000000000018,-0.0040000000000000036,1.0,0.0040000000000000036,0.0,0.08099228506879369,0.07200771493120631,0.10135520599847259,High,False
Zimbabwe,2006,0.152,0.255,0.457,1455.7286,7.2832618102828866,-0.027311275796184198,-0.15568379706049296,0.0020000000000000018,0.007000000000000006,1.0,0.0030000000000000027,0.0,0.09212622689096256,0.05987377310903744,-0.04715765899554619,High,False
Zimbabwe,2007,0.152,0.255,0.459,1422.1553,7.259928816776883,-0.023332993506003596,-0.12064051351263316,0.0020000000000000018,0.006000000000000005,1.0,0.0030000000000000027,0.0,0.1770580870758225,-0.025058087075822494,-0.10237834046195879,High,True
Zimbabwe,2008,0.149,0.251,0.456,1197.5261,7.088013124454652,-0.17191569232223092,-0.2225599616244187,-0.0030000000000000027,0.0010000000000000009,1.0,-0.03,0.0,0.10784348952157104,0.041156510478428956,-0.03085120445277735,High,False
Zimbabwe,2009,0.179,0.254,0.488,1285.0466,7.1585502612632155,0.07053713680856344,-0.12471154901967108,0.03199999999999997,0.030999999999999972,0.0,-0.02100000000000002,0.0,0.1984001437199988,-0.01940014371999882,-0.07927391682903626,Mid,False
Zimbabwe,2010,0.2,0.265,0.512,1401.8566,7.245552779909691,0.08700251864647512,-0.014376036867192354,0.02400000000000002,0.05299999999999999,0.0,-0.0010000000000000009,0.0,0.2221434612634459,-0.02214346126344588,0.0029146258123766144,Mid,False
Zimbabwe,2011,0.201,0.266,0.529,1515.0,7.323170717943469,0.0776179380337787,0.23515759348881726,0.017000000000000015,0.07300000000000001,0.0,-0.0010000000000000009,0.0,0.10555019690235837,0.09544980309764164,0.05429329261921269,Low,False
Zimbabwe,2012,0.202,0.266,0.545,1749.8566,7.467289120702918,0.14411840275944865,0.3087388594397025,0.016000000000000014,0.05700000000000005,0.0,-0.0010000000000000009,0.0,0.09726137225540317,0.10473862774459684,0.12413877146459566,Low,False
Zimbabwe,2013,0.209,0.289,0.554,1766.3789,7.476686910812156,0.009397790109238358,0.2311341309024657,0.009000000000000008,0.04200000000000004,0.0,0.005999999999999978,0.0,0.17806162384122584,0.03093837615877415,0.05308183742222003,Low,False
Zimbabwe,2014,0.213,0.303,0.56,1789.0048,7.4894147665682835,0.012727855756127227,0.16624404862481423,0.006000000000000005,0.031000000000000028,0.0,0.010999999999999982,0.0,0.18703713191169766,0.025962868088302338,-0.0694869350093393,Low,False
Zimbabwe,2015,0.212,0.302,0.567,1798.7872,7.49486793901622,0.005453172447936083,0.027578818313301667,0.006999999999999895,0.02199999999999991,0.0,0.01999999999999999,0.0,0.23655131071388433,-0.024551310713884333,-0.1292899384584812,Mid,False
Zimbabwe,2016,0.203,0.297,0.57,1782.8301,7.485957324483835,-0.008910614532384287,0.009270413671679023,0.0030000000000000027,0.015999999999999903,0.0,0.01100000000000001,0.0,0.22519191923844098,-0.022191919238440966,-0.053130295397215116,High,True
Zimbabwe,2017,0.225,0.3,0.575,1843.9463,7.519663282217446,0.03370595773361096,0.030248515649162755,0.0050000000000000044,0.014999999999999902,0.0,0.03900000000000001,0.0,0.21077518693574993,0.01422481306425008,-0.011738055024052257,High,False
